FUEL- INSTALL A CENTRE TANK SYSTEM-
03185 03208 03239 03257 03303 03341 03558 03567 03603 03654 0371803719 04629 04665 04695 04755 04774 04790 05604 06086 07858 07871 08101 08168 08218 08737 08832 08896 08901 08928 08967 09045 09079 09091 09155 09332 09467 10011 11037 11052 11090 11103 11111 11130 11147 11160 11163 11333 11361 11446 11506
03185 0320803257 0330303341 0355803603 03654 0371803719 04629 04665 04695 04755 04774 04790 05604 06086 0785808101 0816808218 08737 0883208901 08928 08967 09045 09079 09091 09155 09332 09467 10011 11037 1105211130 11147 1116011163 11333 11361 11446 11506
DOORS- BULK CARGO COMPARTMENT- INSTALL AN ADDITIONAL DOOR AT FR 60/62-
02823 02868 02999 03015 03126 03185 0320703208 03239 03257 03283 03303 03341 03350 03382 03405 03429 03525 03539 03558 03567 03603 03637 03654 03673 03688 0371803719 03738 04643 04654 04682 04698 04706 04761 04779 04788 05025 05077 05083 05118 05154 05205 05254 05388 05450 05465 05490 05584 05604 05633 05663 05667 05689 06009 06086 06294 06508 06563 06599 06652 06657 06682 06709 06751 06758 06766 06781 06822 06869 06987 06990 07029 07089 07139 07146 07166 07242 07274 07299 07516 07518 07858 07871 08101 08155 08168 08218 08257 08617 08727 08732 08737 08740 08794 08832 08896 08901 08906 08919 08928 08937 08957 08967 09000 0904409045 09076 09079 09082 09091 09095 09109 09138 09155 09157 09326 09332 09376 09415 09452 09467 09496 09567 10011 10125 10128 10143 10222 10259 10272 10275 10331 10346 10367 10375 10382 10723 10751 10854 10878 10947 10973 11037 11048 11052 11090 11103 11111 11130 11144 1114711148 11160 11163 11212 11239 11249 11333 11353 11361 11390 11446 11464 11506 11622 11658 11704 11843 11898 11944 11976 11999 12065 12075 12077 12115 12157 12364 12410 12431 12577 12775 12786 12828 12831 12866 12914 12935 12955 12980 12993 13005 13128 13298
0282303738 0464304654 04682 0469804706 04761 0477904788 0502513298
FIRE PROTECTION - FWD CARGO COMPARTMENT - INSTALL SMOKE DETECTION SYSTEM -
02823 02868 02999 03015 03126 03185 0320703208 03239 03257 03283 03303 03341 03350 03382 03405 03429 03525 03539 03558 03567 03603 03637 03654 03673 03688 0371803719 03738 04629 04643 04654 04665 04682 04695 04698 04706 04755 04761 04774 04779 04788 04790 05025 05077 05083 05118 05154 05205 05254 05388 05450 05465 05490 05584 05604 05633 05663 05667 05689 06009 06086 06294 06508 06563 06599 06652 06657 06682 06709 06751 06758 06766 06781 06822 06869 06987 06990 07029 07089 07139 07146 07166 07242 07274 07299 07516 07518 07858 07871 08101 08155 08168 08218 08257 08617 08727 08732 08737 08740 08794 08832 08896 08901 08906 08919 08928 08937 08957 08967 09000 0904409045 09076 09079 09082 09091 09095 09109 09138 09155 09157 09326 09332 09376 09415 09452 09467 09496 09567 10011 10125 10128 10143 10222 10259 10272 10275 10331 10346 10367 10375 10382 10723 10751 10854 10878 10947 10973 11037 11048 11052 11090 11103 11111 11130 11144 1114711148 11160 11163 11212 11239 11249 11333 11353 11361 11390 11446 11464 11506 11622 11658 11704 11843 11898 11944 11976 11999 12065 12075 12077 12115 12157 12364 12410 12431 12577 12775 12786 12828 12831 12866 12914 12935 12955 12980 12993 13005 13128 13298
0282313298
FIRE PROTECTION - AFT CARGO COMPARTMENT - INSTALL SMOKE DETECTION SYSTEM -
02823 02868 02999 03015 03126 03185 0320703208 03239 03257 03283 03303 03341 03350 03382 03405 03429 03525 03539 03558 03567 03603 03637 03654 03673 03688 0371803719 03738 04629 04643 04654 04665 04682 04695 04698 04706 04755 04761 04774 04779 04788 04790 05025 05077 05083 05118 05154 05205 05254 05388 05450 05465 05490 05584 05604 05633 05663 05667 05689 06009 06086 06294 06508 06563 06599 06652 06657 06682 06709 06751 06758 06766 06781 06822 06869 06987 06990 07029 07089 07139 07146 07166 07242 07274 07299 07516 07518 07858 07871 08101 08155 08168 08218 08257 08617 08727 08732 08737 08740 08794 08832 08896 08901 08906 08919 08928 08937 08957 08967 09000 0904409045 09076 09079 09082 09091 09095 09109 09138 09155 09157 09326 09332 09376 09415 09452 09467 09496 09567 10011 10125 10128 10143 10222 10259 10272 10275 10331 10346 10367 10375 10382 10723 10751 10854 10878 10947 10973 11037 11048 11052 11090 11103 11111 11130 11144 1114711148 11160 11163 11212 11239 11249 11333 11353 11361 11390 11446 11464 11506 11622 11658 11704 11843 11898 11944 11976 11999 12065 12075 12077 12115 12157 12364 12410 12431 12577 12775 12786 12828 12831 12866 12914 12935 12955 12980 12993 13005 13128 13298
0282313298
WATER/WASTE- INSTALL VACUUM TOILET SYSTEM -
02823 02868 02999 03015 03126 03185 0320703208 03239 03257 03283 03303 03341 03350 03382 03405 03429 03525 03539 03558 03567 03603 03637 03654 03673 03688 0371803719 03738 04629 04643 04654 04665 04682 04695 04698 04706 04755 04761 04774 04779 04788 04790 05025 05077 05083 05118 05154 05205 05254 05388 05450 05465 05490 05584 05604 05633 05663 05667 05689 06009 06086 06294 06508 06563 06599 06652 06657 06682 06709 06751 06758 06766 06781 06822 06869 06987 06990 07029 07089 07139 07146 07166 07242 07274 07299 07516 07518 07858 07871 08101 08155 08168 08218 08257 08617 08727 08732 08737 08740 08794 08832 08896 08901 08906 08919 08928 08937 08957 08967 09000 0904409045 09076 09079 09082 09091 09095 09109 09138 09155 09157 09326 09332 09376 09415 09452 09467 09496 09567 10011 10125 10128 10143 10222 10259 10272 10275 10331 10346 10367 10375 10382 10723 10751 10854 10878 10947 10973 11037 11048 11052 11090 11103 11111 11130 11144 1114711148 11160 11163 11212 11239 11249 11333 11353 11361 11390 11446 11464 11506 11622 11658 11704 11843 11898 11944 11976 11999 12065 12075 12077 12115 12157 12364 12410 12431 12577 12775 12786 12828 12831 12866 12914 12935 12955 12980 12993 13005 13128 13298
0282313298
MAIN LANDING GEAR-GROUND DOOR OPENING MECHANISM
02823 02868 02999 03015 03126 03185 0320703208 03239 03257 03283 03303 03341 03350 03382 03405 03429 03525 03539 03558 03567 03603 03637 03654 03673 03688 0371803719 03738 04629 04643 04654 04665 04682 04695 04698 04706 04755 04761 04774 04779 04788 04790 05025 05077 05083 05118 05154 05205 05254 05388 05450 05465 05490 05584 05604 05633 05663 05667 05689 06009 06086 06294 06508 06563 06599 06652 06657 06682 06709 06751 06758 06766 06781 06822 06869 06987 06990 07029 07089 07139 07146 07166 07242 07274 07299 07516 07518
0282307518
ICE AND RAIN PROTECTION - MODIFY AIR BLEED SYSTEM TO PROVIDE LOW TEMPERATURE WARNING-
03185 03208 03239 03257 03303 03341 03558 03567 03603 03654 0371803719 04629 04665 04695 04755 04774 04790 05604 06086 07858 07871 08101 08168 08218 08737 08832 08896 08901 08928 08967 09045 09079 09091 09155 09332 09467 10011 11037 11052 11090 11103 11111 11130 11147 11160 11163 11333 11361 11446 11506
03185 0320803257 0330303341 0355803603 03654 0371803719 04629 04665 04695 04755 04774 04790 05604 06086 0785808101 0816808218 08737 0883208901 08928 08967 09045 09079 09091 09155 09332 09467 10011 11037 1105211130 11147 1116011163 11333 11361 11446 11506
ELECTRICAL POWER-AC/DC ESSENTIAL POWER DISTRIBUTION-PROVIDE PROVISIONS FOR ETOPS-
02823 02868 02999 03015 03126 03185 0320703208 03239 03257 03283 03303 03341 03350 03382 03405 03429 03525 03539 03558 03567 03603 03637 03654 03673 03688 0371803719 03738 04629 04643 04654 04665 04682 04695 04698 04706 04755 04761 04774 04779 04788 04790 05025 05077 05083 05118 05154 05205 05254 05388 05450 05465 05490 05584 05604 05633 05663 05667 05689 06009 06086 06294 06508 06563 06599 06652 06657 06682 06709 06751 06758 06766 06781 06822 06869 06987 06990 07029 07089 07139 07146 07166 07242 07274 07299 07516 07518 07858 07871 08101 08155 08168 08218 08257 08617 08727 08732 08737 08740 08794 08832 08896 08901 08906 08919 08928 08937 08957 08967 09000 0904409045 09076 09079 09082 09091 09095 09109 09138 09155 09157 09326 09332 09376 09415 09452 09467 09496 09567 10011 10125 10128 10143 10222 10259 10272 10275 10331 10346 10367 10375 10382 10723 10751 10854 10878 10947 10973 11037 11048 11052 11090 11103 11111 11130 11144 1114711148 11160 11163 11212 11239 11249 11333 11353 11361 11390 11446 11464 11506 11622 11658 11704 11843 11898 11944 11976 11999 12065 12075 12077 12115 12157 12364 12410 12431 12577 12775 12786 12828 12831 12866 12914 12935 12955 12980 12993 13005 13128 13298
0282313298
AUTO FLIGHT - ACTIVATE WINDSHEAR FUNCTION
02823 02868 02999 03015 03126 03185 0320703208 03239 03257 03283 03303 03341 03350 03382 03405 03429 03525 03539 03558 03567 03603 03637 03654 03673 03688 0371803719 03738 04629 04643 04654 04665 04682 04695 04698 04706 04755 04761 04774 04779 04788 04790 05025 05077 05083 05118 05154 05205 05254 05388 05450 05465 05490 05584 05604 05633 05663 05667 05689 06009 06086 06294 06508 06563 06599 06652 06657 06682 06709 06751 06758 06766 06781 06822 06869 06987 06990 07029 07089 07139 07146 07166 07242 07274 07299 07516 07518 07858 07871 08101 08155 08168 08218 08257 08617 08727 08732 08737 08740 08794 08832 08896 08901 08906 08919 08928 08937 08957 08967 09000 0904409045 09076 09079 09082 09091 09095 09109 09138 09155 09157 09326 09332 09376 09415 09452 09467 09496 09567 10011 10125 10128 10143 10222 10259 10272 10275 10331 10346 10367 10375 10382 10723 10751 10854 10878 10947 10973 11037 11048 11052 11090 11103 11111 11130 11144 1114711148 11160 11163 11212 11239 11249 11333 11353 11361 11390 11446 11464 11506 11622 11658 11704 11843 11898 11944 11976 11999 12065 12075 12077 12115 12157 12364 12410 12431 12577 12775 12786 12828 12831 12866 12914 12935 12955 12980 12993 13005 13128 13298
0282313298
AIRBORNE AUXILIARY POWER UNIT - INTRODUCE APIC APS-3200
02823 02868 02999 03015 03126 03185 0320703208 03239 03257 03283 03303 03341 03350 03382 03405 03429 03525 03539 03558 03567 03603 03637 03654 03673 03688 0371803719 03738 04629 04643 04654 04665 04682 04695 04698 04706 04755 04761 04774 04779 04788 04790 05025 05077 05083 05118 05154 05205 05254 05388 05450 05465 05490 05584 05604 05633 05663 05667 05689 06009 06086 06294 06508 06563 06599 06652 06657 06682 06709 06751 06758 06766 06781 06822 06869 06987 06990 07029 07089 07139 07146 07166 07242 07274 07299 07516 07518
0282307518
CERTIFICATION DOCUMENTS - GENERAL - CERTIFICATION FOR TAKE-OFF WITH 15 KNOT TAILWIND
03185 03208 03239 03257 03303 03341 03558 03567 03603 03654 0371803719 04629 04665 04695 04755 04774 04790 07858 07871 08101 08168 08218 08737 08832 08896 08901 08928 08967 09045 09079 09091 09155 09332 09467 10011 11037 11052 11090 11103 11111 11130 11147 11160 11163 11333 11361 11446 11506
03185 0320803257 0330303341 0355803603 03654 0371803719 04629 04665 04695 04755 04774 04790 0785808101 0816808218 08737 0883208901 08928 08967 09045 09079 09091 09155 09332 09467 10011 11037 1105211130 11147 1116011163 11333 11361 11446 11506
AUTO FLIGHT - LAND CAT III CAPABILITY TEST - EXTEND CAT III CAPABILITY FOR IAE ENGINE
03185 03208 03239 03257 03303 03341 03558 03567 03603 03654 0371803719 05604 06086
03185 0320803257 0330303341 0355803603 03654 0371803719 05604 06086
LANDING GEAR - WHEELS AND BRAKES - INSTALL MESSIER GOODRICH WHEELS AND BRAKES ON A321
02823 02868 02999 03015 03126 03207 03283 03350 03382 03405 03429 03525 03539 03637 03673 03688 03738 04643 04654 04682 04698 04706 04761 04779 04788 05025 05077 05083 05118 05154 05205 05254 05388 05450 05465 05490 05584 05633 05663 05667 05689 06009 06294 06508 06563 06599 06652 06657 06682 06709 06751 06758 06766 06781 06822 06869 06987 06990 07029 07089 07139 07146 07166 07242 07274 07299 07516 07518
0282303126 03207 03283 0335003539 03637 0367303688 03738 0464304654 04682 0469804706 04761 0477904788 0502505584 0563306009 0629407518
FLIGHT CONTROLS - FLAPS - FLAP TRACK 1A FAIRING EXTENSION
02823 02868 02999 03015 03126 03207 03283 03350 03382 03405 03429 03525 03539 03637 03673 03688 03738 04643 04654 04682 04698 04706 04761 04779 04788 05025 05077 05083 05118 05154 05205 05254 05388 05450 05465 05490 05584 05633 05663 05667 05689 06009 06294 06508 06563 06599 06652 06657 06682 06709 06751 06758 06766 06781 06822 06869 06987 06990 07029 07089 07139 07146 07166 07242 07274 07299 07516 07518 08155 08257 08617 08727 08732 08740 08794 08906 08919 08937 08957 09000 09044 09076 09082 09095 09109 09138 09157 09326 09376 09415 09452 09496 09567 10125 10128 10143 10222 10259 10272 10275 10331 10346 10367 10375 10382 10723 10751 10854 10878 10947 10973 11048 11144 11148 11212 11239 11249 11353 11390 11464 11622 11658 11704 11843 11898 11944 11976 11999 12065 12075 12077 12115 12157 12364 12410 12431 12577 12775 12786 12828 12831 12866 12914 12935 12955 12980 12993 13005 13128 13298
0282303126 03207 03283 0335003539 03637 0367303688 03738 0464304654 04682 0469804706 04761 0477904788 0502505584 0563306009 0629407518 08155 0825708732 0874008794 0890608919 0893708957 0900009044 09076 09082 0909509138 0915709326 0937609452 0949609567 1012510973 11048 11144 11148 1121211249 11353 11390 11464 1162213298
GENERAL-A321 IAE ENG-EXTEND AUTOLAND CAT IIIB CAPABILITY
02823 02868 02999 03015 03126 03207 03283 03350 03382 03405 03429 03525 03539 03637 03673 03688 03738 04643 04654 04682 04698 04706 04761 04779 04788 05025 05077 05083 05118 05154 05205 05254 05388 05450 05465 05490 05584 05633 05663 05667 05689 06009 06294 06508 06563 06599 06652 06657 06682 06709 06751 06758 06766 06781 06822 06869 06987 06990 07029 07089 07139 07146 07166 07242 07274 07299 07516 07518
0282303126 03207 03283 0335003539 03637 0367303688 03738 0464304654 04682 0469804706 04761 0477904788 0502505584 0563306009 0629407518
AUTO FLIGHT - FLIGHT CONTROL UNIT (FCU) DELETE "EXPEDITE" FUNCTION FROM FCU
03637 03673 03688 03738 05025
03637 0367303688 03738 05025
HYDRAULIC POWER-AUXILIARY HYDRAULIC POWER-RAT-INTRODUCE MODIFIED RAT (NEW BEARING)
03185 03208 03239 03257 03303 03341 03558 03567 03603 03654 0371803719 05604 06086 07858 07871 08101 08168 08218 08737 08832 08896 08901 08928 08967 09045 09079 09091 09155 09332 09467 10011 11037 11052 11090 11103 11111 11130 11147 11160 11163 11333 11361 11446 11506
03185 0320803257 0330303341 0355803603 03654 0371803719 05604 06086 0785808101 0816808218 08737 0883208901 08928 08967 09045 09079 09091 09155 09332 09467 10011 11037 1105211130 11147 1116011163 11333 11361 11446 11506
AUTO FLIGHT-FMGC-REDUCE VAPP FOR A320 CFM/IAE
03185 03208 03239 03257 03303 03341 03558 03567 03603 03654 0371803719 05604 06086 07858 07871 08101 08168 08218 08737 08832 08896 08901 08928 08967 09045 09079 09091 09155 09332 09467 10011 11037 11052 11090 11103 11111 11130 11147 11160 11163 11333 11361 11446 11506
03185 0320803257 0330303341 0355803603 03654 0371803719 05604 06086 0785808101 0816808218 08737 0883208901 08928 08967 09045 09079 09091 09155 09332 09467 10011 11037 1105211130 11147 1116011163 11333 11361 11446 11506
NAVIGATION-SENSORS-POWER SUPPLY AND SWITCHING MODIFY CAPTAIN PITOT POSITION
02823 02868 02999 03015 03126 03185 0320703208 03239 03257 03283 03303 03341 03350 03382 03405 03429 03525 03539 03558 03567 03603 03637 03654 03673 03688 0371803719 03738 04643 04654 04682 04698 04706 04761 04779 04788 05025 05077 05083 05118 05154 05205 05254 05388 05450 05465 05490 05584 05604 05633 05663 05667 05689 06009 06086 06294 06508 06563 06599 06652 06657 06682 06709 06751 06758 06766 06781 06822 06869 06987 06990 07029 07089 07139 07146 07166 07242 07274 07299 07516 07518
0282303738 0464304654 04682 0469804706 04761 0477904788 0502507518
NAVIGATION-REDUCED VERTICAL SEPARATION MINIMUM (RVSM) (CERTIFICATION APPLICABLE ON A319/A320 ONLY)
03185 03208 03239 03257 03303 03341 03558 03567 03603 03654 0371803719 04629 04665 04695 04755 04774 04790 05604 06086 07858 07871 08101 08168 08218 08737 08832 08896 08901 08928 08967 09045 09079 09091 09155 09332 09467 10011 11037 11052 11090 11103 11111 11130 11147 11160 11163 11333 11361 11446 11506
03185 0320803257 0330303341 0355803603 03654 0371803719 04629 04665 04695 04755 04774 04790 05604 06086 0785808101 0816808218 08737 0883208901 08928 08967 09045 09079 09091 09155 09332 09467 10011 11037 1105211130 11147 1116011163 11333 11361 11446 11506
A.P.U.-POWER PLANT-INTRODUCE ALLIED SIGNAL APU 131-9(A)
05025 05604 06009 06086 06294 07858 07871 08101 08155 08168 08218 08257 08617 08727 08732 08737 08740 08794 08832 08896 08901 08906 08919 08928 08937 08957 08967 09000 0904409045 09076 09079 09082 09091 09095 09109 09138 09155 09157 09326 09332 09376 09415 09452 09467 09496 09567 10011 10125 10128 10143 10222 10259 10272 10275 10331 10346 10367 10375 10382 10723 10751 10854 10878 10947 10973 11037 11048 11052 11090 11103 11111 11130 11144 1114711148 11160 11163 11212 11239 11249 11333 11353 11361 11390 11446 11464 11506 11622 11658 11704 11843 11898 11944 11976 11999 12065 12075 12077 12115 12157 12364 12410 12431 12577 12775 12786 12828 12831 12866 12914 12935 12955 12980 12993 13005 13128 13298
05025 05604 0600906294 0785813298
NAVIGATION-REDUCED VERTICAL SEPARATION MINIMUM (RVSM)-CERTIFICATION APPLICABLE ON A321 ONLY
02823 02868 02999 03015 03126 03207 03283 03350 03382 03405 03429 03525 03539 03637 03673 03688 03738 04643 04654 04682 04698 04706 04761 04779 04788 05025 05077 05083 05118 05154 05205 05254 05388 05450 05465 05490 05584 05633 05663 05667 05689 06009 06294 06508 06563 06599 06652 06657 06682 06709 06751 06758 06766 06781 06822 06869 06987 06990 07029 07089 07139 07146 07166 07242 07274 07299 07516 07518 08155 08257 08617 08727 08732 08740 08794 08906 08919 08937 08957 09000 09044 09076 09082 09095 09109 09138 09157 09326 09376 09415 09452 09496 09567 10125 10128 10143 10222 10259 10272 10275 10331 10346 10367 10375 10382 10723 10751 10854 10878 10947 10973 11048 11144 11148 11212 11239 11249 11353 11390 11464 11622 11658 11704 11843 11898 11944 11976 11999 12065 12075 12077 12115 12157 12364 12410 12431 12577 12775 12786 12828 12831 12866 12914 12935 12955 12980 12993 13005 13128 13298
0282303126 03207 03283 0335003539 03637 0367303688 03738 0464304654 04682 0469804706 04761 0477904788 0502505584 0563306009 0629407518 08155 0825708732 0874008794 0890608919 0893708957 0900009044 09076 09082 0909509138 0915709326 0937609452 0949609567 1012510973 11048 11144 11148 1121211249 11353 11390 11464 1162213298
TAKE OFF WITH A 15 KNOT TAILWIND
02823 02868 02999 03015 03126 03207 03283 03350 03382 03405 03429 03525 03539 03637 03673 03688 03738 04643 04654 04682 04698 04706 04761 04779 04788 05025 05077 05083 05118 05154 05205 05254 05388 05450 05465 05490 05584 05633 05663 05667 05689 06009 06294 06508 06563 06599 06652 06657 06682 06709 06751 06758 06766 06781 06822 06869 06987 06990 07029 07089 07139 07146 07166 07242 07274 07299 07516 07518 08155 08257 08617 08727 08732 08740 08794 08919 08957 09000 09044 09076 09082 09095 09109 09138 09157 09326 09376 09415 09452 09496 09567 10125 10143 10222 10259 10346 10367 10375 10382 10723 10751 10854 10878 10947 10973 11048 11144 11148 11212 11239 11249 11353 11390 11464 11622 11658 11704 11843 11898 11944 11976 11999 12065 12075 12077 12115 12157 12364 12410 12431 12577 12775 12786 12828 12831 12866 12914 12935 12955 12980 12993 13005 13128 13298
0282303126 03207 03283 0335003539 03637 0367303688 03738 0464304654 04682 0469804706 04761 0477904788 0502505584 0563306009 0629407518 08155 0825708732 0874008794 08919 08957 0900009044 09076 09082 0909509138 0915709326 0937609452 0949609567 10125 1014310259 1034610973 11048 11144 11148 1121211249 11353 11390 11464 1162213298
AIR CONDITIONING-FLOW CONTROL AND INDICATING INTRODUCE MODIFIED AIR CONDITIONING FLOW CONTROL
03637 03673 03688 03738 05025 06009 06294
03637 0367303688 03738 05025 06009 06294
AIR CONDITIONING-AIR COOLING SYSTEM- INTRODUCE MODIFIED RAM AIR OUTLET
02823 02868 02999 03015 03126 03185 0320703208 03239 03257 03283 03303 03341 03350 03382 03405 03429 03525 03539 03558 03567 03603 03637 03654 03673 03688 0371803719 03738 04629 04643 04654 04665 04682 04695 04698 04706 04755 04761 04774 04779 04788 04790 05025 05077 05083 05118 05154 05205 05254 05388 05450 05465 05490 05584 05604 05633 05663 05667 05689 06009 06086 06294 06508 06563 06599 06652 06657 06682 06709 06751 06758 06766 06781 06822 06869 06987 06990 07029 07089 07139 07146 07166 07242 07274 07299 07516 07518
0282307518
ADDITIONAL CERTIFICATION ITEMS - LANDING WITH A 15 KNOT TAILWIND
02823 02868 02999 03015 03126 03185 0320703208 03239 03257 03283 03303 03341 03350 03382 03405 03429 03525 03539 03558 03567 03603 03637 03654 03673 03688 0371803719 03738 04629 04643 04654 04665 04682 04695 04698 04706 04755 04761 04774 04779 04788 04790 05077 05083 05118 05154 05205 05254 05388 05450 05465 05490 05584 05604 05633 05663 05667 05689 06086 06508 06563 06599 06652 06657 06682 06709 06751 06758 06766 06781 06822 06869 06987 06990 07029 07089 07139 07146 07166 07242 07274 07299 07516 07518 07858 07871 08101 08155 08168 08218 08257 08617 08727 08732 08737 08740 08794 08832 08896 08901 08906 08919 08928 08937 08957 08967 09000 0904409045 09076 09079 09082 09091 09095 09109 09138 09155 09157 09326 09332 09376 09415 09452 09467 09496 09567 10011 10125 10128 10143 10222 10259 10272 10275 10331 10346 10367 10375 10382 10723 10751 10854 10878 10947 11048 11052 11111 11130 11148 11160 11163 11212 11333 11353 11361 11446 11464 11506 11622 11704 11843 11898 11944 11976 11999 12065 12075 12077 12115 12157 12364 12410 12431 12577 12775 12786 12828 12831 12866 12914 12935 12955 12980 12993 13005 13128 13298
0282304790 0507705689 06086 0650810947 1104811052 1111111130 1114811212 1133311361 1144611622 1170413298
WINGS-INBOARD FLAP-MODIFY SLIDING PANEL DRIVING MECHANISM
02823 02868 02999 03015 03126 03185 0320703208 03239 03257 03283 03303 03341 03350 03382 03405 03429 03525 03539 03558 03567 03603 03637 03654 03673 03688 0371803719 03738 04629 04643 04654 04665 04682 04695 04698 04706 04755 04761 04774 04779 04788 04790 05025 05077 05083 05118 05154 05205 05254 05388 05450 05465 05490 05584 05604 05633 05663 05667 05689 06009 06086 06294 06508 06563 06599 06652 06657 06682 06709 06751 06758 06766 06781 06822 06869 06987 06990 07029 07089 07139 07146 07166 07242 07274 07299 07516 07518
0282307518
NAVIGATION - GPWS - ACTIVATE ENHANCED FUNCTIONS OF THE EGPWS
02823 02868 02999 03015 03126 03185 0320703208 03239 03257 03283 03303 03341 03350 03382 03405 03429 03525 03539 03558 03567 03603 03637 03654 03673 03688 0371803719 03738 04629 04643 04654 04665 04682 04695 04698 04706 04755 04761 04774 04779 04788 04790 05025 05077 05083 05118 05154 05205 05254 05388 05450 05465 05490 05584 05604 05633 05663 05667 05689 06009 06086 06294 06508 06563 06599 06652 06657 06682 06709 06751 06758 06766 06781 06822 06869 06987 06990 07029 07089 07139 07146 07166 07242 07274 07299 07516 07518 07858 07871 08101 08155 08168 08218 08257 08617 08727 08732 08737 08740 08794 08832 08896 08901 08906 08919 08928 08937 08957 08967 09000 0904409045 09076 09079 09082 09091 09095 09109 09138 09155 09157 09326 09332 09376 09415 09452 09467 09496 09567 10011 10125 10128 10143 10222 10259 10272 10275 10331 10346 10367 10375 10382 10723 10751 10854 10878 10947 10973 11037 11048 11052 11090 11103 11111 11130 11144 1114711148 11160 11163 11212 11239 11249 11333 11353 11361 11390 11446 11464 11506 11622 11658 11704 11843 11898 11944 11976 11999 12065 12075 12077 12115 12157 12364 12410 12431 12577 12775 12786 12828 12831 12866 12914 12935 12955 12980 12993 13005 13128 13298
0282313298
COMMUNICATIONS - INSTALL LANDSCAPE CAMERA SYSTEM
03637 03673 03688 03738
03637 0367303688 03738
LANDING GEAR-ALTERNATE BRAKING- INTRODUCE MODIFIED ALTERNATE BRAKING SYSTEM
02823 02868 02999 03015 03126 03185 0320703208 03239 03257 03283 03303 03341 03350 03382 03405 03429 03525 03539 03558 03567 03603 03637 03654 03673 03688 0371803719 03738 04629 04643 04654 04665 04682 04695 04698 04706 04755 04761 04774 04779 04788 04790 05025 05077 05083 05118 05154 05205 05254 05388 05450 05465 05490 05584 05604 05633 05663 05667 05689 06009 06086 06294 06508 06563 06599 06652 06657 06682 06709 06751 06758 06766 06781 06822 06869 06987 06990 07029 07089 07139 07146 07166 07242 07274 07299 07516 07518 07858 07871 08101 08155 08168 08218 08257 08617 08727 08732 08737 08740 08794 08832 08896 08901 08906 08919 08928 08937 08957 08967 09000 0904409045 09076 09079 09082 09091 09095 09109 09138 09155 09157 09326 09332 09376 09415 09452 09467 09496 09567 10011 10125 10128 10143 10222 10259 10272 10275 10331 10346 10367 10375 10382 10723 10751 10854 10878 10947 10973 11037 11048 11052 11090 11103 11111 11130 11144 1114711148 11160 11163 11212 11239 11249 11333 11353 11361 11390 11446 11464 11506 11622 11658 11704 11843 11898 11944 11976 11999 12065 12075 12077 12115 12157 12364 12410 12431 12577 12775 12786 12828 12831 12866 12914 12935 12955 12980 12993 13005 13128 13298
0282313298
NAVIGATION-SENSORS-INSTALL ROSEMOUNT ANGLE OF ATTACK SENSOR
03185 03208 03239 03257 03303 03341 03558 03567 03603 03654 0371803719 05604 06086
03185 0320803257 0330303341 0355803603 03654 0371803719 05604 06086
NAVIGATION - MMR - INSTALL COLLINS MMR PROVIDING ILS AND GPS FUNCTION
02823 02868 02999 03015 03126 03185 0320703208 03239 03257 03283 03303 03341 03350 03382 03405 03429 03525 03539 03558 03567 03603 03637 03654 03673 03688 0371803719 03738 04629 04643 04654 04665 04682 04695 04698 04706 04755 04761 04774 04779 04788 04790 05025 05077 05083 05118 05154 05205 05254 05388 05450 05465 05490 05584 05604 05633 05663 05667 05689 06009 06086 06294 06508 06563 06599 06652 06657 06682 06709 06751 06758 06766 06781 06822 06869 06987 06990 07029 07089 07139 07146 07166 07242 07274 07299 07516 07518 07858 07871 08101 08155 08168 08218 08257 08617 08727 08732 08737 08740 08794 08832 08896 08901 08906 08919 08928 08937 08957 08967 09000 0904409045 09076 09079 09082 09091 09095 09109 09138 09155 09157 09326 09332 09376 09415 09452 09467 09496 09567 10011 10125 10128 10143 10222 10259 10272 10275 10331 10346 10367 10375 10382 10723 10751 10854 10878 10947 10973 11037 11048 11052 11090 11103 11111 11130 11144 1114711148 11160 11163 11212 11239 11249 11333 11353 11361 11390 11446 11464 11506 11622 11658 11704 11843 11898 11944 11976 11999 12065 12075 12077 12115 12157 12364 12410 12431 12577 12775 12786 12828 12831 12866 12914 12935 12955 12980 12993 13005 13128 13298
0282313298
DOORS -BULK CARGO COMPARTMENT DOOR- INTRODUCE MODIFIED BULK CARGO DOOR (ADVANCED TECHNOLOGY)
02823 02868 02999 03015 03126 03185 0320703208 03239 03257 03283 03303 03341 03350 03382 03405 03429 03525 03539 03558 03567 03603 03637 03654 03673 03688 0371803719 03738 04643 04654 04682 04698 04706 04761 04779 04788 05025 05077 05083 05118 05154 05205 05254 05388 05450 05465 05490 05584 05604 05633 05663 05667 05689 06009 06086 06294 06508 06563 06599 06652 06657 06682 06709 06751 06758 06766 06781 06822 06869 06987 06990 07029 07089 07139 07146 07166 07242 07274 07299 07516 07518
0282303738 0464304654 04682 0469804706 04761 0477904788 0502507518
INFORMATION SYSTEM - AIR TRAFFIC AND INFORMATION SYSTEM (ATIMS) - INSTALL ATSU COMPUTER FOR ACARS
02823 02868 02999 03015 03126 03185 0320703208 03239 03257 03283 03303 03341 03350 03382 03405 03429 03525 03539 03558 03567 03603 03637 03654 03673 03688 0371803719 03738 04629 04643 04654 04665 04682 04695 04698 04706 04755 04761 04774 04779 04788 04790 05025 05077 05083 05118 05154 05205 05254 05388 05450 05465 05490 05584 05604 05633 05663 05667 05689 06009 06086 06294 06508 06563 06599 06652 06657 06682 06709 06751 06758 06766 06781 06822 06869 06987 06990 07029 07089 07139 07146 07166 07242 07274 07299 07516 07518 07858 07871 08101 08155 08168 08218 08257 08617 08727 08732 08737 08740 08794 08832 08896 08901 08906 08919 08928 08937 08957 08967 09000 0904409045 09076 09079 09082 09091 09095 09109 09138 09155 09157 09326 09332 09376 09415 09452 09467 09496 09567 10011 10125 10128 10143 10222 10259 10272 10275 10331 10346 10367 10375 10382 10723 10751 10854 10878 10947 10973 11037 11048 11052 11090 11103 11111 11130 11144 1114711148 11160 11163 11212 11239 11249 11333 11353 11361 11390 11446 11464 11506 11622 11658 11704 11843 11898 11944 11976 11999 12065 12075 12077 12115 12157 12364 12410 12431 12577 12775 12786 12828 12831 12866 12914 12935 12955 12980 12993 13005 13128 13298
0282313298
NAVIGATION-STANDBY DATA : ALTITUDE AND HEADING - INSTALL INTEGRATED STANDBY INSTRUMENT SYSTEM (ISIS)
03382 03637 03673 03688 03738 04629 04643 04654 04665 04682 04695 04698 04706 04755 04761 04774 04779 04788 04790 05025 05077 05083 05118 05154 05205 05254 05388 05450 05465 05490 05584 05604 05633 05663 05667 05689 06009 06086 06294 06508 06563 06599 06652 06657 06682 06709 06751 06758 06766 06781 06822 06869 06987 06990 07029 07089 07139 07146 07166 07242 07274 07299 07516 07518 07858 07871 08101 08155 08168 08218 08257 08617 08727 08732 08737 08740 08794 08832 08896 08901 08906 08919 08928 08937 08957 08967 09000 0904409045 09076 09079 09082 09091 09095 09109 09138 09155 09157 09326 09332 09376 09415 09452 09467 09496 09567 10011 10125 10128 10143 10222 10259 10272 10275 10331 10346 10367 10375 10382 10723 10751 10854 10878 10947 10973 11037 11048 11052 11090 11103 11111 11130 11144 1114711148 11160 11163 11212 11239 11249 11333 11353 11361 11390 11446 11464 11506 11622 11658 11704 11843 11898 11944 11976 11999 12065 12075 12077 12115 12157 12364 12410 12431 12577 12775 12786 12828 12831 12866 12914 12935 12955 12980 12993 13005 13128 13298
03382 03637 0367303688 0373813298
NAVIGATION - TCAS - INSTALL ALLIED SIGNAL TCAS COMPUTER P/N 066-50000-2220 (WITH CHANGE 7.0)
02823 02868 02999 03015 03126 03185 0320703208 03239 03257 03283 03303 03341 03350 03405 03429 03525 03539 03558 03567 03603 03637 03654 03673 03688 0371803719 03738 05604 06086
0282303350 0340503738 05604 06086
NAVIGATION - TCAS - INSTALL COLLINS TCAS TTR921 WITH COLLINS ATC TPR901
04629 04643 04654 04665 04682 04695 04698 04706 04755 04761 04774 04779 04788 04790 05077 05083 05118 05154 05205 05254 05388 05450 05465 05490 05584 05633 05663 05667 05689 06508 06563 06599 06652 06657 06682 06709 06751 06758 06766 06781 06822 06869 06987 06990 07029 07089 07139 07146 07166 07242 07274 07299 07516 07518
0462904790 0507705584 0563305689 0650807518
GENERAL - INCREASE DESIGN WEIGHT TO : 70,0T MTOW, 62,5T MLW, 58,5T MZFW (WV005)
04629 04665 04695 04755 04774 04790
04629 04665 04695 04755 04774 04790
NAVIGATION-SENSORS-INSTALL MODIFIED SEXTANT ANGLE OF ATTACK SENSORS P/N C16291 AA
03185 03208 03239 03257 03303 03341 03382 03558 03567 03603 03637 03654 03673 03688 0371803719 03738 05025 05604 06086 06508 06563 06599 06652 06657 06682 06709 06751 06758 06766 06781 06822 06869 06987 06990 07029 07089 07139 07146 07166 07242 07274 07299 07516 07518
03185 0320803257 0330303341 03382 0355803738 05025 05604 06086 0650807518
ELEC PWR-AC EMERGENCY GENERATION- ACTIVATE A319/A321 ELECTRICAL EMERGENCY CONFIGURATION ON A320 A/C
03185 03208 03239 03257 03303 03341 03558 03567 03603 03654 0371803719 05604 06086 07858 07871 08101 08168 08218 08737 08832 08896 08901 08928 08967 09045 09079 09091 09155 09332 09467 10011 11037 11052 11090 11103 11111 11130 11147 11160 11163 11333 11361 11446 11506
03185 0320803257 0330303341 0355803603 03654 0371803719 05604 06086 0785808101 0816808218 08737 0883208901 08928 08967 09045 09079 09091 09155 09332 09467 10011 11037 1105211130 11147 1116011163 11333 11361 11446 11506
NAVIGATION-GPWS-INTRODUCE EGPWS P/N 206-206 AND INHIBIT AUTOMATIC DEACTIVATION ENHANCED FUNCTIONS
02823 02868 02999 03015 03126 03185 0320703208 03239 03257 03283 03303 03341 03350 03382 03405 03429 03525 03539 03558 03567 03603 03637 03654 03673 03688 0371803719 03738 04629 04643 04654 04665 04682 04695 04698 04706 04755 04761 04774 04779 04788 04790 05025 05077 05083 05118 05154 05205 05254 05388 05450 05465 05490 05584 05604 05633 05663 05667 05689 06009 06086 06294 06508 06563 06599 06652 06657 06682 06709 06751 06758 06766 06781 06822 06869 06987 06990 07029 07089 07139 07146 07166 07242 07274 07299 07516 07518 07858 07871 08101 08155 08168 08218 08257 08617 08727 08732 08737 08740 08794 08832 08896 08901 08906 08919 08928 08937 08957 08967 09000 0904409045 09076 09079 09082 09091 09095 09109 09138 09155 09157 09326 09332 09376 09415 09452 09467 09496 09567 10011 10125 10128 10143 10222 10259 10272 10275 10331 10346 10367 10375 10382 10723 10751 10854 10878 10947 10973 11037 11048 11052 11090 11103 11111 11130 11144 1114711148 11160 11163 11212 11239 11249 11333 11353 11361 11390 11446 11464 11506 11622 11658 11704 11843 11898 11944 11976 11999 12065 12075 12077 12115 12157 12364 12410 12431 12577 12775 12786 12828 12831 12866 12914 12935 12955 12980 12993 13005 13128 13298
0282313298
INDICATING RECORDING SYSTEM-FWC- INTRODUCE FWC STANDARD H2/E3P
02823 02868 02999 03015 03126 03185 0320703208 03239 03257 03283 03303 03341 03350 03382 03405 03429 03525 03539 03558 03567 03603 03637 03654 03673 03688 0371803719 03738 04629 04643 04654 04665 04682 04695 04698 04706 04755 04761 04774 04779 04788 04790 05025 05077 05083 05118 05154 05205 05254 05388 05450 05465 05490 05584 05604 05633 05663 05667 05689 06009 06086 06294 06508 06563 06599 06652 06657 06682 06709 06751 06758 06766 06781 06822 06869 06987 06990 07029 07089 07139 07146 07166 07242 07274 07299 07516 07518 07858 07871 08101 08155 08168 08218 08257 08617 08727 08732 08737 08740 08794 08832 08896 08901 08906 08919 08928 08937 08957 08967 09000 0904409045 09076 09079 09082 09091 09095 09109 09138 09155 09157 09326 09332 09376 09415 09452 09467 09496 09567 10011 10125 10128 10143 10222 10259 10272 10275 10331 10346 10367 10375 10382 10723 10751 10854 10878 10947 10973 11037 11048 11052 11090 11103 11111 11130 11144 1114711148 11160 11163 11212 11239 11249 11333 11353 11361 11390 11446 11464 11506 11622 11658 11704 11843 11898 11944 11976 11999 12065 12075 12077 12115 12157 12364 12410 12431 12577 12775 12786 12828 12831 12866 12914 12935 12955 12980 12993 13005 13128 13298
0282313298
GENERAL - DESIGN WEIGHTS - INCREASE A321-200 DESIGN WEIGHTS TO 77.8 T MLW AND 73.8 T MZFW (WEIGHT VARIANT 002)
02823 02868 02999 03015 03126 03207 03283 03350 03405 03429 03525 03539 03637 03673 03688 03738 04643 04654 04682 04698 04706 04761 04779 04788 05077 05083 05118 05154 05205 05254 05388 05450 05465 05490 05584 05633 05663 05667 05689 06508 06563 06599 06652 06657 06682 06709 06751 06758 06766 06781 06822 06869 06987 06990 07029 07089 07139 07146 07166 07242 07274 07299 07516 07518
0282303126 03207 03283 03350 0340503539 03637 0367303688 03738 0464304654 04682 0469804706 04761 0477904788 0507705584 0563305689 0650807518
NAVIGATION - TCAS - INSTALL HONEYWELL COMPUTER TCAS 2000 CHANGE 7.0 WITH HONEYWELL ATC
03382 05025 06009 06294 06508 06563 06599 06652 06657 06682 06709 06751 06758 06766 06781 06822 06869 06987 06990 07029 07089 07139 07146 07166 07242 07274 07299 07516 07518
03382 05025 06009 0629407518
APU-CONTROL AND MONITORING-INTRODUCE APIC ECB SOFWARE VERSION 5
02823 02868 02999 03015 03126 03207 03283 03350 03382 03405 03429 03525 03539 03637 03673 03688 03738 04629 04643 04654 04665 04682 04695 04698 04706 04755 04761 04774 04779 04788 04790 05077 05083 05118 05154 05205 05254 05388 05450 05465 05490 05584 05633 05663 05667 05689 06508 06563 06599 06652 06657 06682 06709 06751 06758 06766 06781 06822 06869 06987 06990 07029 07089 07139 07146 07166 07242 07274 07299 07516 07518
0282303126 03207 03283 0335003539 03637 0367303688 0373804790 0507705584 0563305689 0650807518
GENERAL - DESIGN WEIGHT - INCREASE A321-200 DESIGN WEIGHT TO 93,0T MTOW 77,8T MLW AND 73,8T MZFW (W.V. 001)
05025
05025
AUTO-FLIGHT-DEFINE "GUIDED RADAR APPROACH WITH AUTOPILOT ENGAGED" PROCEDURE (MUH 250 FT)
02823 02868 02999 03015 03126 03185 0320703208 03239 03257 03283 03303 03341 03350 03382 03405 03429 03525 03539 03558 03567 03603 03637 03654 03673 03688 0371803719 03738 04629 04665 04695 04755 04774 04790 05025 05604 06086 06508 06563 06599 06652 06657 06682 06709 06751 06758 06766 06781 06822 06869 06987 06990 07029 07089 07139 07146 07166 07242 07274 07299 07516 07518 07858 07871 08101 08155 08168 08218 08257 08617 08727 08732 08737 08740 08794 08832 08896 08901 08906 08919 08928 08937 08957 08967 09000 0904409045 09076 09079 09082 09091 09095 09109 09138 09155 09157 09326 09332 09376 09415 09452 09467 09496 09567 10011 10125 10128 10143 10222 10259 10272 10275 10331 10346 10367 10375 10382 10723 10751 10854 10878 10947 11048 11052 11111 11130 11148 11160 11163 11212 11333 11353 11361 11446 11506 13128 13298
0282304629 04665 04695 04755 04774 0479005025 05604 06086 0650810947 1104811052 1111111130 1114811212 1133311361 11446 11506 1312813298
EQUIPMENT/FURNISHINGS-ELEC SERVICE SUPPLY-DEFINE A PC POWER SYSTEM PROVIDING 110V/60HZ - VENDOR KID
06294
06294
CERTIFICATION DOCUMENTS - GENERAL - CERTIFY AIRCRAFT FOR OPERATION ON RUNWAYS LESS THAN 45M WIDTH
02823 02868 02999 03015 03126 03185 0320703208 03239 03257 03283 03303 03341 03350 03382 03405 03429 03525 03539 03558 03567 03603 03637 03654 03673 03688 0371803719 03738 04629 04643 04654 04665 04682 04695 04698 04706 04755 04761 04774 04779 04788 04790 05025 05077 05083 05118 05154 05205 05254 05388 05450 05465 05490 05584 05604 05633 05663 05667 05689 06086 06508 06563 06599 06652 06657 06682 06709 06751 06758 06766 06781 06822 06869 06987 06990 07029 07089 07139 07146 07166 07242 07274 07299 07516 07518 07858 07871 08101 08155 08168 08218 08257 08617 08727 08732 08737 08740 08794 08832 08896 08901 08919 08928 08957 08967 09000 0904409045 09076 09079 09082 09091 09095 09109 09138 09155 09157 09326 09332 09376 09415 09452 09467 09496 09567 10011 10125 10143 10222 10259 10346 10367 10375 10382 10723 10751 10854 10878 10947 10973 11037 11048 11052 11090 11103 11111 11130 11144 1114711148 11160 11163 11212 11239 11249 11333 11353 11361 11390 11446 11464 11506 11622 11658 11704 11843 11898 11944 11976 11999 12065 12075 12077 12115 12157 12364 12410 12431 12577 12775 12786 12828 12831 12866 12914 12935 12955 12980 12993 13005 13128 13298
0282305689 06086 0650808901 0891908928 0895710125 1014310259 1034613298
FUEL-CERTIFICATION OF FUEL SYSTEM- (LOW PRESSURE SYSTEM) FOR THE OPERATION 0 TO 2 ACTS
03637 03673 03688 03738 05025 06009 06294
03637 0367303688 03738 05025 06009 06294
INDICATING/RECORDING SYSTEMS - FWC - INSTALL FWC STANDARD H2E4
02823 02868 02999 03015 03126 03185 0320703208 03239 03257 03283 03303 03341 03350 03382 03405 03429 03525 03539 03558 03567 03603 03637 03654 03673 03688 0371803719 03738 04629 04643 04654 04665 04682 04695 04698 04706 04755 04761 04774 04779 04788 04790 05025 05077 05083 05118 05154 05205 05254 05388 05450 05465 05490 05584 05604 05633 05663 05667 05689 06009 06086 06294 06508 06563 06599 06652 06657 06682 06709 06751 06758 06766 06781 06822 06869 06987 06990 07029 07089 07139 07146 07166 07242 07274 07299 07516 07518 07858 07871 08101 08168 08737 08896 08906 08937 08967 09045 09079 09091 09155 09332 09467 10011
0282308101 08168 08737 08896 08906 08937 08967 09045 09079 09091 09155 09332 09467 10011
GENERAL-FLIGHT ENVIRONMENTAL ENVELOPE- EXTENSION TO 12100 M (39800 FT)
02823 02868 02999 03015 03126 03185 0320703208 03239 03257 03283 03303 03341 03350 03382 03405 03429 03525 03539 03558 03567 03603 03637 03654 03673 03688 0371803719 03738 04629 04643 04654 04665 04682 04695 04698 04706 04755 04761 04774 04779 04788 04790 05025 05077 05083 05118 05154 05205 05254 05388 05450 05465 05490 05584 05604 05633 05663 05667 05689 06009 06086 06294 06508 06563 06599 06652 06657 06682 06709 06751 06758 06766 06781 06822 06869 06987 06990 07029 07089 07139 07146 07166 07242 07274 07299 07516 07518 07858 07871 08101 08155 08168 08218 08257 08617 08727 08732 08737 08740 08794 08832 08896 08901 08906 08919 08928 08937 08957 08967 09000 0904409045 09076 09079 09082 09091 09095 09109 09138 09155 09157 09326 09332 09376 09415 09452 09467 09496 09567 10011 10125 10128 10143 10222 10259 10272 10275 10331 10346 10367 10375 10382 10723 10751 10854 10878 10947 10973 11037 11048 11052 11090 11103 11111 11130 11144 1114711148 11160 11163 11212 11239 11249 11333 11353 11361 11390 11446 11464 11506 11622 11658 11704 11843 11898 11944 11976 11999 12065 12075 12077 12115 12157 12364 12410 12431 12577 12775 12786 12828 12831 12866 12914 12935 12955 12980 12993 13005 13128 13298
0282313298
FUEL-MAIN FUEL PUMP SYSTEM-ENGINE FEED PUMP HARNESS AND FAIRING REDESIGN
02823 02868 02999 03015 03126 03185 0320703208 03239 03257 03283 03303 03341 03350 03382 03405 03429 03525 03539 03558 03567 03603 03637 03654 03673 03688 0371803719 03738 04629 04643 04654 04665 04682 04695 04698 04706 04755 04761 04774 04779 04788 04790 05025 05077 05083 05118 05154 05205 05254 05388 05450 05465 05490 05584 05604 05633 05663 05667 05689 06009 06086 06294 06508 06563 06599 06652 06657 06682 06709 06751 06758 06766 06781 06822 06869 06987 06990 07029 07089 07139 07146 07166 07242 07274 07299 07516 07518
0282307518
LANDING GEAR-STEERING-SUPPLY NOSE WHEEL STEERING WITH YELLOW HYDRAULIC POWER IN PLACE OF GREEN HYDRAULIC POWER
02823 02868 02999 03015 03126 03185 0320703208 03239 03257 03283 03303 03341 03350 03382 03405 03429 03525 03539 03558 03567 03603 03637 03654 03673 03688 0371803719 03738 04629 04643 04654 04665 04682 04695 04698 04706 04755 04761 04774 04779 04788 04790 05025 05077 05083 05118 05154 05205 05254 05388 05450 05465 05490 05584 05604 05633 05663 05667 05689 06009 06086 06294 06508 06563 06599 06652 06657 06682 06709 06751 06758 06766 06781 06822 06869 06987 06990 07029 07089 07139 07146 07166 07242 07274 07299 07516 07518
0282307518
ELECTRICAL POWER - GENERAL - INSTALL A COMMERCIAL SHEDDING PUSH-BUTTON SWITCH IN COCKPIT
02823 02868 02999 03015 03126 03185 0320703208 03239 03257 03283 03303 03341 03350 03382 03405 03429 03525 03539 03558 03567 03603 03637 03654 03673 03688 0371803719 03738 04629 04643 04654 04665 04682 04695 04698 04706 04755 04761 04774 04779 04788 04790 05025 05077 05083 05118 05154 05205 05254 05388 05450 05465 05490 05584 05604 05633 05663 05667 05689 06009 06086 06294 06508 06563 06599 06652 06657 06682 06709 06751 06758 06766 06781 06822 06869 06987 06990 07029 07089 07139 07146 07166 07242 07274 07299 07516 07518 07858 07871 08101 08155 08168 08218 08257 08617 08727 08732 08737 08740 08794 08832 08896 08901 08906 08919 08928 08937 08957 08967 09000 0904409045 09076 09079 09082 09091 09095 09109 09138 09155 09157 09326 09332 09376 09415 09452 09467 09496 09567 10011 10125 10128 10143 10222 10259 10272 10275 10331 10346 10367 10375 10382 10723 10751 10854 10878 10947 10973 11037 11048 11052 11090 11103 11111 11130 11144 1114711148 11160 11163 11212 11239 11249 11333 11353 11361 11390 11446 11464 11506 11622 11658 11704 11843 11898 11944 11976 11999 12065 12075 12077 12115 12157 12364 12410 12431 12577 12775 12786 12828 12831 12866 12914 12935 12955 12980 12993 13005 13128 13298
0282313298
INDICATING RECORDING SYSTEM-FWC- INTRODUCE FWC STANDARD H2 F1
07858 07871 08101 08168 08737 08896 08937 08967 09045 09079 09091 09155 09332 09467 10011
0785808101 08168 08737 08896 08937 08967 09045 09079 09091 09155 09332 09467 10011
NAVIGATION-ADIRU-RESTORE RVSM 3 CIRCUIT CAPABILITIES (SERIAL SOLUTION)
02823 02868 02999 03015 03126 03185 0320703208 03239 03257 03283 03303 03341 03350 03382 03405 03429 03525 03539 03558 03567 03603 03637 03654 03673 03688 0371803719 03738 04629 04643 04654 04665 04682 04695 04698 04706 04755 04761 04774 04779 04788 04790 05025 05077 05083 05118 05154 05205 05254 05388 05450 05465 05490 05584 05604 05633 05663 05667 05689 06009 06086 06294 06508 06563 06599 06652 06657 06682 06709 06751 06758 06766 06781 06822 06869 06987 06990 07029 07089 07139 07146 07166 07242 07274 07299 07516 07518 07858 07871 08101 08155 08168 08218 08257 08617 08727 08732 08737 08740 08794 08832 08896 08901 08906 08919 08928 08937 08957 08967 09000 0904409045 09076 09079 09082 09091 09095 09109 09138 09155 09157 09326 09332 09376 09415 09452 09467 09496 09567 10011 10125 10128 10143 10222 10259 10272 10275 10331 10346 10367 10375 10382 10723 10751 10854 10878 10947 10973 11037 11048 11052 11090 11103 11111 11130 11144 1114711148 11160 11163 11212 11239 11249 11333 11353 11361 11390 11446 11464 11506 11622 11658 11704 11843 11898 11944 11976 11999 12065 12075 12077 12115 12157 12364 12410 12431 12577 12775 12786 12828 12831 12866 12914 12935 12955 12980 12993 13005 13128 13298
0282313298
FUEL-MAIN FUEL PUMP SYSTEM- ENGINE FEED PUMP HARNESS-REDESIGN CABLE GUIDE AND BRACKET
02823 02868 02999 03015 03126 03185 0320703208 03239 03257 03283 03303 03341 03350 03382 03405 03429 03525 03539 03558 03567 03603 03637 03654 03673 03688 0371803719 03738 04629 04643 04654 04665 04682 04695 04698 04706 04755 04761 04774 04779 04788 04790 05025 05077 05083 05118 05154 05205 05254 05388 05450 05465 05490 05584 05604 05633 05663 05667 05689 06009 06086 06294 06508 06563 06599 06652 06657 06682 06709 06751 06758 06766 06781 06822 06869 06987 06990 07029 07089 07139 07146 07166 07242 07274 07299 07516 07518
0282307518
AUTOFLIGHT-FMGC-INSTALL FMGC IAE C13042BA01 (EQUIPPED WITH FMS2 HONEYWELL)
02823 02868 02999 03015 03126 03185 0320703208 03239 03257 03283 03303 03341 03350 03382 03405 03429 03525 03539 03558 03567 03603 03637 03654 03673 03688 0371803719 03738 04629 04643 04654 04665 04682 04695 04698 04706 04755 04761 04774 04779 04788 04790 05025 05077 05083 05118 05154 05205 05254 05388 05450 05465 05490 05584 05604 05633 05663 05667 05689 06009 06086 06294 06508 06563 06599 06652 06657 06682 06709 06751 06758 06766 06781 06822 06869 06987 06990 07029 07089 07139 07146 07166 07242 07274 07299 07516 07518 07858 07871 08101 08155 08168 08218 08257 08617 08727 08732 08737 08740 08794 08832 08896 08901 08906 08919 08928 08937 08957 08967 09000 0904409045 09076 09079 09082 09091 09095 09109 09138 09155 09157 09326 09332 09376 09415 09452 09467 09496 09567 10011 10125 10128 10143 10222 10259 10272 10275 10331 10346 10367 10375 10382 10723 10751 10854 10878 10947 10973 11037 11048 11052 11090 11103 11111 11130 11144 1114711148 11160 11163 11212 11239 11249 11333 11353 11361 11390 11446 11464 11506 11622 11658 11704 11843 11898 11944 11976 11999 12065 12075 12077 12115 12157 12364 12410 12431 12577 12775 12786 12828 12831 12866 12914 12935 12955 12980 12993 13005 13128 13298
0282313298
CERTIFICATION DOCUMENTS - GENERAL - PROVIDE ETOPS 180 MINUTES CAPABILITY (EASA)
10973 11037 11090 11103 11144 11147 11239 11249 11390 11658
1097311037 1109011103 1114411147 1123911249 11390 11658
EQUIPMENT/FURNISHINGS-PASSENGER COMPART SEATS - INTRODUCE ISPSS IN CONJUNCTION WITH INTEGRATED IFE/SPSS
03637 03673 03688 03738 04643 04654 04682 04698 04706 04761 04779 04788 05025 05077 05083 05118 05154 05205 05254 05388 05450 05465 05490 05584 05633 05663 05667 05689 06508 06563 06599 06652 06657 06682 06709 06751 06758 06766 06781 06822 06869 06987 06990 07029 07089 07139 07146 07166 07242 07274 07299 07516 07518 08155 08257 08617 08727 08732 08740 08794 08919 08957 09000 09044 09076 09082 09095 09109 09138 09157 09326 09376 09415 09452 09496 09567 10125 10143 10222 10259 10346 10367 10375 10382 10723 10751 10854 10878 10947 10973 11037 11048 11090 11103 11144 1114711148 11212 11239 11249 11353 11390 11658
03637 0367303688 03738 0464304654 04682 0469804706 04761 0477904788 0502505584 0563305689 0650807518 08155 0825708732 0874008794 08919 08957 0900009044 09076 09082 0909509138 0915709326 0937609452 0949609567 10125 1014310259 1034611048 1109011103 1114411148 1121211249 11353 11390 11658
AUTOFLIGHT - FMGC DEFINE AND INSTALL FMGC IAE C13043BA01 THALES(EQUIPPED WITH FMS2 THALES/SMITH)
03382 05025 06009 06294 07858 07871 08906 08937 09332 09467 10011 10128 10272 10275 10331 10973 11037 11052 11090 11103 11111 11130 11144 11147 11160 11163 11239 11249 11333 11361 11390 11446 11506 11658
03382 05025 06009 06294 0785807871 08906 08937 09332 09467 10011 10128 1027210331 1097311037 1105211147 1116011163 1123911333 1136111446 11506 11658
GENERAL-DESIGN WEIGHT- INTRODUCE A321-200 WV011 (MTOW 93.5T-MLW 77.8T-MZFW 73.8T)
06009 06294
06009 06294
ENGINE FUEL AND CONTROL - CONTROLLING - INTRODUCE EEC SOFTWARE STANDARD "SCN17" ON V2500-A5 ENGINES
02823 02868 02999 03015 03126 03185 0320703208 03239 03257 03283 03303 03341 03350 03382 03405 03429 03525 03539 03558 03567 03603 03637 03654 03673 03688 0371803719 03738 04629 04643 04654 04665 04682 04695 04698 04706 04755 04761 04774 04779 04788 04790 05025 05077 05083 05118 05154 05205 05254 05388 05450 05465 05490 05584 05604 05633 05663 05667 05689 06009 06086 06294 06508 06563 06599 06652 06657 06682 06709 06751 06758 06766 06781 06822 06869 06987 06990 07029 07089 07139 07146 07166 07242 07274 07299 07516 07518
0282307518
AUTO-FLIGHT - FMGC - INSTALL FMGC IAE C13043BA02 (STD S2I9) THALES(EQUIPPED WITH FMS2 THALES/SMITH)
03382 05025 06009 06294
03382 05025 06009 06294
GENERAL - INCREASE A320 DESIGN WEIGHTS TO 66,0 T MLW AND 62,5 T MZFW
03185 03208 03239 03257 03303 03341 03558 03567 03603 03654 0371803719
03185 0320803257 0330303341 0355803603 03654 0371803719
ENGINE FUEL AND CONTROL - CONTROLLING - INSTALL EEC SOFTWARE "SCN18" ON IAE V2500-A5 ENGINES
02823 02868 02999 03015 03126 03185 0320703208 03239 03257 03283 03303 03341 03350 03405 03429 03525 03539 03558 03567 03603 03637 03654 03673 03688 0371803719 03738 04643 04654 04682 04698 04706 04761 04779 04788 05025 05077 05083 05118 05154 05205 05254 05388 05450 05465 05490 05584 05604 05633 05663 05667 05689 06009 06086 06294 06508 06563 06599 06652 06657 06682 06709 06751 06758 06766 06781 06822 06869 06987 06990 07029 07089 07139 07146 07166 07242 07274 07299 07516 07518
0282303350 0340503738 0464304654 04682 0469804706 04761 0477904788 0502507518
CERTIFICATION - GENERAL - CERTIFY HIGH ALTITUDE OPERATION UP TO 12000 FT WITH CONVENTIONAL LANDING GEARS
03637 03673 03688 03738 07858 07871 08101 08168 08218 08737 08832 08896 08901 08928 08967 09045 09079 09091 09155 09332 09467 10011 11052 11111 11130 11160 11163 11333 11361 11446 11506
03637 0367303688 03738 0785808101 0816808218 08737 0883208901 08928 08967 09045 09079 09091 09155 09332 09467 10011 11052 1111111130 1116011163 11333 11361 11446 11506
NAVIGATION- T2CAS- INSTALL ACSS TRAFFIC AND TERRAIN COLLISION AVOIDANCE SYSTEM (T2CAS)
03382 05025
03382 05025
NAVIGATION- GPWS - USE LATERAL GPS POSITION WITH AUTOMATIC DESELECTION
02823 02868 02999 03015 03126 03185 0320703208 03239 03257 03283 03303 03341 03350 03405 03429 03525 03539 03558 03567 03603 03637 03654 03673 03688 0371803719 03738 04629 04643 04654 04665 04682 04695 04698 04706 04755 04761 04774 04779 04788 04790 05077 05083 05118 05154 05205 05254 05388 05450 05465 05490 05584 05604 05633 05663 05667 05689 06086
0282303350 0340504790 0507705689 06086
INFORMATION SYSTEMS - ATIMS - INSTALL ATSU ATC ARINC623 APPLICATIONS SOFTWARE FOR FANS A+
05025
05025
CERTIFICATION DOCUMENTS-GENERAL-CERTIFY TAKE OFF OPERATION ON WET GROOVED/PFC RUNWAYS
04629 04665 04695 04755 04774 04790
04629 04665 04695 04755 04774 04790
INDICATING/RECORDING SYSTEMS - FLIGHT WARNING COMPUTER (FWC) - INSTALL FWC STANDARD H2F3
02823 02868 02999 03015 03126 03185 0320703208 03239 03257 03283 03303 03341 03350 03382 03405 03429 03525 03539 03558 03567 03603 03637 03654 03673 03688 0371803719 03738 04629 04643 04654 04665 04682 04695 04698 04706 04755 04761 04774 04779 04788 04790 05025 05077 05083 05118 05154 05205 05254 05388 05450 05465 05490 05584 05604 05633 05663 05667 05689 06009 06086 06294 06508 06563 06599 06652 06657 06682 06709 06751 06758 06766 06781 06822 06869 06987 06990 07029 07089 07139 07146 07166 07242 07274 07299 07516 07518 07858 07871 08101 08155 08168 08218 08257 08617 08727 08732 08737 08740 08794 08832 08896 08901 08906 08919 08928 08937 08957 08967 09000 0904409045 09076 09079 09082 09091 09095 09109 09138 09155 09157 09326 09332 09376 09415 09452 09467 09496 09567 10011 10125 10128 10143 10222 10259 10272 10275 10331 10346 10367 10375 10382 10723 10751 10854 10878 10947 10973 11037 11048 11052 11090 11103 11111 11130 11144 1114711148 11160 11163 11212 11239 11249 11333 11353 11361 11390 11446 11464 11506 11622 11658 11704 11843 11898 11944 11976 11999 12065 12075 12077 12115 12157 12364 12410 12431 12577 12775 12786 12828 12831 12866 12914 12935 12955 12980 12993 13005 13128 13298
0282313298
INFORMATION SYSTEMS - GENERAL - CERTIFY FANS A+ CONFIGURATIONS (OVERALL MODIFICATION)
05025
05025
NAVIGATION - ATC/MODE S (SELECT) - CERTIFY EHS FUNCTION
05604 06086
05604 06086
NAVIGATION-T2CAS (TRAFFIC 2 COLLISION AVOIDANCE SYST) - ACTIVATE AUTOMATIC DEACTIVATION OF T2CAS-TAWS
03382 05025 06009 06294 07858 07871 08906 08937 09332 09467 10011 10128 10272 10275 10331 10973 11037 11052 11090 11103 11111 11130 11144 11147 11160 11163 11239 11249 11333 11361 11390 11446 11506 11658
03382 05025 06009 06294 0785807871 08906 08937 09332 09467 10011 10128 1027210331 1097311037 1105211147 1116011163 1123911333 1136111446 11506 11658
NAVIGATION - ADIRU - INSTALL NORTHROP GRUMMAN ADIRU P/N 465020-0303-0316
03382 05025
03382 05025
AUTOFLIGHT - FMGC - INSTALL FMGC IAE/PW STD P1I10 (WITH FMS2 HONEYWELL) ON A/C FITTED WITH IAE OR PW POWERPLANTS
02823 02868 02999 03015 03126 03185 0320703208 03239 03257 03283 03303 03341 03350 03382 03405 03429 03525 03539 03558 03567 03603 03637 03654 03673 03688 0371803719 03738 04629 04643 04654 04665 04682 04695 04698 04706 04755 04761 04774 04779 04788 04790 05025 05077 05083 05118 05154 05205 05254 05388 05450 05465 05490 05584 05604 05633 05663 05667 05689 06009 06086 06294 06508 06563 06599 06652 06657 06682 06709 06751 06758 06766 06781 06822 06869 06987 06990 07029 07089 07139 07146 07166 07242 07274 07299 07516 07518
0282307518
AUTO FLIGHT - FLIGHT MANAGEMENT AND GUIDANCE COMPUTER (FMGC) - CERTIY FLS FUNCTION
11658
11658
AIRBORNE AUXILIARY POWER - GENERAL - INSTALL APIC APS3200 APU AS STANDARD (REPLACES HONEYWELL GTCP36-300)
02823 02868 02999 03015 03126 03185 0320703208 03239 03257 03283 03303 03341 03350 03382 03405 03429 03525 03539 03558 03567 03603 03637 03654 03673 03688 0371803719 03738 04629 04643 04654 04665 04682 04695 04698 04706 04755 04761 04774 04779 04788 04790 05025 05077 05083 05118 05154 05205 05254 05388 05450 05465 05490 05584 05604 05633 05663 05667 05689 06009 06086 06294 06508 06563 06599 06652 06657 06682 06709 06751 06758 06766 06781 06822 06869 06987 06990 07029 07089 07139 07146 07166 07242 07274 07299 07516 07518
0282307518
NAVIGATION-AIR DATA/INERTIAL REFERENCE SYSTEM (ADIRS) - INTRODUCE AIR DATA MONITORING FUNCTION
04629 04643 04654 04665 04682 04695 04698 04706 04755 04761 04774 04779 04788 04790 05025 05077 05083 05118 05154 05205 05254 05388 05450 05465 05490 05584 05604 05633 05663 05667 05689 06009 06086 06294 06508 06563 06599 06652 06657 06682 06709 06751 06758 06766 06781 06822 06869 06987 06990 07029 07089 07139 07146 07166 07242 07274 07299 07516 07518
0462907518
CERTIFICATION DOCUMENTS - GENERAL - PROVIDE ETOPS 120 MINUTES CAPABILITY (EASA)
03637 03673 03688 03738 05025 06009 06294 07858 07871
03637 0367303688 03738 05025 06009 06294 0785807871
CERTIFICATION DOCUMENTS-GENERAL- EXTEND FLEXIBLE TEMPERATURE AND UPDATE FM AND FCOM DOCUMENTATION
03382
03382
AUTO FLIGHT - FMGC - INSTALL FMS2 THALES S4 (REV2+) STD ON IAE AND PW A/C ASSOCIATED WITH FG I10
03382 05025 06009 06294
03382 05025 06009 06294
CERTIFICATION - GENERAL - CERTIFY OPERATION ON RUNWAY WITH SLOPE BETWEEN 2% AND 3%
07858 07871 09332 09467 10011 11052 11111 11130 11160 11163 11333 11361 11446 11506
0785807871 09332 09467 10011 11052 1111111130 1116011163 11333 11361 11446 11506
GENERAL-DESIGN WEIGHTS-OPERATE A320 WITH DUAL OPERATION WEIGHTS,MTOW 73.5T/ 71.5T,MLW 64.5T,MZFW 61.0T- WV 008/013
05604 06086
05604 06086
GENERAL - INTRODUCTION - CERTIFY LANDING OPERATIONS ON WET GROOVED OR PFC RUNWAYS
04629 04665 04695 04755 04774 04790
04629 04665 04695 04755 04774 04790
FUEL - MAIN FUEL PUMP SYSTEM - INSPECT AND ADMINISTER CORRECT TORQUE AND SCREW LOCKING ON FIXING BOLTS
03185 03208 03239 03257 03303 03341 03558 03567 03603 03654 0371803719 04629 04665 04695 04755 04774 04790 05604 06086
03185 0320803257 0330303341 0355803603 03654 0371803719 04629 04665 04695 04755 04774 04790 05604 06086
AUTO FLIGHT - GENERAL - REMOVE AFM LIMITATION ON NON-PRECISION APPROACHES WITH ONE ENGINE OUT ON A320/A318 A/C
03185 03208 03239 03257 03341 03558 03567 03603 03654 0371803719 05604 06086
03185 0320803257 03341 0355803603 03654 0371803719 05604 06086
INDICATING/RECORDING SYSTEMS - FLIGHT WARNING COMPUTER (FWC) - INSTALL FWC STANDARD H2-F5
02823 02868 02999 03015 03126 03185 0320703208 03239 03257 03283 03303 03341 03350 03382 03405 03429 03525 03539 03558 03567 03603 03637 03654 03673 03688 0371803719 03738 04629 04643 04654 04665 04682 04695 04698 04706 04755 04761 04774 04779 04788 04790 05025 05077 05083 05118 05154 05205 05254 05388 05450 05465 05490 05584 05604 05633 05663 05667 05689 06009 06086 06294 06508 06563 06599 06652 06657 06682 06709 06751 06758 06766 06781 06822 06869 06987 06990 07029 07089 07139 07146 07166 07242 07274 07299 07516 07518 07858 07871 08101 08155 08168 08218 08257 08617 08727 08732 08737 08740 08794 08832 08896 08901 08906 08919 08928 08937 08957 08967 09000 0904409045 09076 09079 09082 09091 09095 09109 09138 09155 09157 09326 09332 09376 09415 09452 09467 09496 09567 10011 10125 10128 10143 10222 10259 10272 10275 10331 10346 10367 10375 10382 10723 10751 10854 10878 10947 10973 11037 11048 11052 11090 11103 11111 11130 11144 1114711148 11160 11163 11212 11239 11249 11333 11353 11361 11390 11446 11464 11506 11622 11658 11704 11843 11898 11944 11976 11999 12065 12075 12077 12115 12157 12364 12410 12431 12577 12775 12786 12828 12831 12866 12914 12935 12955 12980 12993 13005 13128 13298
0282313298
INERT GAS SYSTEM - CERTIFY FUEL TANK INERTING SYSTEM AND ACTIVATE MONITORING
04629 04643 04654 04665 04682 04695 04698 04706 04755 04761 04774 04779 04788 04790 05025 05077 05083 05118 05154 05205 05254 05388 05450 05465 05490 05584 05604 05633 05663 05667 05689 06009 06086 06294 06508 06563 06599 06652 06657 06682 06709 06751 06758 06766 06781 06822 06869 06987 06990 07029 07089 07139 07146 07166 07242 07274 07299 07516 07518 07858 07871 08101 08155 08168 08218 08257 08617 08727 08732 08737 08740 08794 08832 08896 08901 08906 08919 08928 08937 08957 08967 09000 0904409045 09076 09079 09082 09091 09095 09109 09138 09155 09157 09326 09332 09376 09415 09452 09467 09496 09567 10011 10125 10128 10143 10222 10259 10272 10275 10331 10346 10367 10375 10382 10723 10751 10854 10878 10947 10973 11037 11048 11052 11090 11103 11111 11130 11144 1114711148 11160 11163 11212 11239 11249 11333 11353 11361 11390 11446 11464 11506 11622 11658 11704 11843 11898 11944 11976 11999 12065 12075 12077 12115 12157 12364 12410 12431 12577 12775 12786 12828 12831 12866 12914 12935 12955 12980 12993 13005 13128 13298
0462913298
WINGS - INBOARD FLAP - INSTALL TRUNNION SLIDING PANEL WITH NEW ATTACHMENT
03185 03208 03239 03257 03303 03341 03558 03567 03603 03654 0371803719 04629 04665 04695 04755 04774 04790 05604 06086 07858 07871 08101 08168 08218 08737 08832 08896 08901 08928 08967 09045 09079 09091 09155 09332 09467 10011 11037 11052 11090 11103 11111 11130 11147 11160 11163 11333 11361 11446 11506
03185 0320803257 0330303341 0355803603 03654 0371803719 04629 04665 04695 04755 04774 04790 05604 06086 0785808101 0816808218 08737 0883208901 08928 08967 09045 09079 09091 09155 09332 09467 10011 11037 1105211130 11147 1116011163 11333 11361 11446 11506
LANDING GEAR - NORMAL BRAKING - INSTALL BSCU SOFTWARE STD "L4.9 B" (EM2)
02823 02868 02999 03015 03126 03185 0320703208 03239 03257 03283 03303 03341 03350 03382 03405 03429 03525 03539 03558 03567 03603 03637 03654 03673 03688 0371803719 03738 04629 04643 04654 04665 04682 04695 04698 04706 04755 04761 04774 04779 04788 04790 05025 05077 05083 05118 05154 05205 05254 05388 05450 05465 05490 05584 05604 05633 05663 05667 05689 06009 06086 06294 06508 06563 06599 06652 06657 06682 06709 06751 06758 06766 06781 06822 06869 06987 06990 07029 07089 07139 07146 07166 07242 07274 07299 07516 07518
0282307518
NAVIGATION - T3CAS - INSTALL T3CAS COMPUTER WITH TRANSPONDER FUNCTION INACTIVE
06009 06294 06508 06563 06599 06652 06657 06682 06709 06751 06758 06766 06781 06822 06869 06987 06990 07029 07089 07139 07146 07166 07242 07274 07299 07516 07518 07858 07871 08101 08155 08168 08218 08257 08617 08727 08732 08737 08740 08794 08832 08896 08901 08906 08919 08928 08937 08957 08967 09000 0904409045 09076 09079 09082 09091 09095 09109 09138 09155 09157 09326 09332 09376 09415 09452 09467 09496 09567 10011 10125 10128 10143 10222 10259 10272 10275 10331 10346 10367 10375 10382 10723 10751 10854 10878 10947 10973 11037 11048 11052 11090 11103 11111 11130 11144 1114711148 11160 11163 11212 11239 11249 11333 11353 11361 11390 11446 11464 11506 11622 11658 11704 11843 11898 11944 11976 11999 12065 12075 12077 12115 12157 12364 12410 12431 12577 12775 12786 12828 12831 12866 12914 12935 12955 12980 12993 13005 13128 13298
06009 0629413298
NAVIGATION - MMR - ACTIVATE GLS FUNCTION ON MMR
08155 08257 08617 08727 08732 08740 08794 08919 08957 09000 09044 09076 09082 09095 09109 09138 09157 09326 09376 09415 09452 09496 09567 10125 10143 10222 10259 10346 10367 10375 10382 10723 10751 10854 10878 10947 10973 11037 11048 11090 11103 11144 1114711148 11212 11239 11249 11353 11390 11464 11622 11658 11704 11843 11898 11944 11976 11999 12065 12075 12077 12115 12157 12364 12410 12431 12577 12775 12786 12828 12831 12866 12914 12935 12955 12980 12993 13005 13128 13298
08155 0825708732 0874008794 08919 08957 0900009044 09076 09082 0909509138 0915709326 0937609452 0949609567 10125 1014310259 1034611048 1109011103 1114411148 1121211249 11353 11390 11464 1162213298
INFORMATION SYSTEM - FLIGHT OPERATION PERIPHERALS - INSTALL AND ACTIVATE EFB CLASS II HOSTING PLATFORM ON SA A/C
06009 06294
06009 06294
INFORMATION SYSTEMS - GENERAL - CERTIFY FANS B+ CONFIGURATION (OVERALL MODIFICATION)
02823 02868 02999 03015 03126 03185 0320703208 03239 03257 03283 03303 03341 03350 03382 03405 03429 03525 03539 03558 03567 03603 03637 03654 03673 03688 0371803719 03738 04629 04643 04654 04665 04682 04695 04698 04706 04755 04761 04774 04779 04788 04790 05077 05083 05118 05154 05205 05254 05388 05450 05465 05490 05584 05604 05633 05663 05667 05689 06086 07871
0282304790 0507705689 06086 07871
WINGS-INBOARD FLAPS- INSTALL TRUNNION SLIDING PANEL WITH NEW ATTACHMENT
02823 02868 02999 03015 03126 03207 03283 03350 03382 03405 03429 03525 03539 03637 03673 03688 03738 04643 04654 04682 04698 04706 04761 04779 04788 05025 05077 05083 05118 05154 05205 05254 05388 05450 05465 05490 05584 05633 05663 05667 05689 06009 06294 06508 06563 06599 06652 06657 06682 06709 06751 06758 06766 06781 06822 06869 06987 06990 07029 07089 07139 07146 07166 07242 07274 07299 07516 07518 08155 08257 08617 08727 08732 08740 08794 08906 08919 08937 08957 09000 09044 09076 09082 09095 09109 09138 09157 09326 09376 09415 09452 09496 09567 10125 10128 10143 10222 10259 10272 10275 10331 10346 10367 10375 10382 10723 10751 10854 10878 10947 10973 11048 11144 11148 11212 11239 11249 11353 11390 11464 11622 11658 11704 11843 11898 11944 11976 11999 12065 12075 12077 12115 12157 12364 12410 12431 12577 12775 12786 12828 12831 12866 12914 12935 12955 12980 12993 13005 13128 13298
0282303126 03207 03283 0335003539 03637 0367303688 03738 0464304654 04682 0469804706 04761 0477904788 0502505584 0563306009 0629407518 08155 0825708732 0874008794 0890608919 0893708957 0900009044 09076 09082 0909509138 0915709326 0937609452 0949609567 1012510973 11048 11144 11148 1121211249 11353 11390 11464 1162213298
NAVIGATION - SENSORS, POWER SUPPLY AND SWITCHING - INSTALL THALES ANGLE OF ATTACK SENSORS P/N C16291AB
03382 03637 03673 03688 03738 05025 05604 06086 06508 06563 06599 06652 06657 06682 06709 06751 06758 06766 06781 06822 06869 06987 06990 07029 07089 07139 07146 07166 07242 07274 07299 07516 07518
03382 03637 0367303688 03738 05025 05604 06086 0650807518
AUTO FLIGHT- FLIGHT MANAGEMENT SYSTEM- ACTIVATE BARO RADIO SETTING FUNCTION
02823 02868 02999 03015 03126 03185 0320703208 03239 03257 03283 03303 03341 03350 03382 03405 03429 03525 03539 03558 03567 03603 03637 03654 03673 03688 0371803719 03738 04629 04643 04654 04665 04682 04695 04698 04706 04755 04761 04774 04779 04788 04790 05025 05077 05083 05118 05154 05205 05254 05388 05450 05465 05490 05584 05604 05633 05663 05667 05689 06009 06086 06294 06508 06563 06599 06652 06657 06682 06709 06751 06758 06766 06781 06822 06869 06987 06990 07029 07089 07139 07146 07166 07242 07274 07299 07516 07518 07858 07871 08101 08155 08168 08218 08257 08617 08727 08732 08737 08740 08794 08832 08896 08901 08906 08919 08928 08937 08957 08967 09000 0904409045 09076 09079 09082 09091 09095 09109 09138 09155 09157 09326 09332 09376 09415 09452 09467 09496 09567 10011 10125 10128 10143 10222 10259 10272 10275 10331 10346 10367 10375 10382 10723 10751 10854 10878 10947 10973 11037 11048 11052 11090 11103 11111 11130 11144 1114711148 11160 11163 11212 11239 11249 11333 11353 11361 11390 11446 11464 11506 11622 11658 11704 11843 11898 11944 11976 11999 12065 12075 12077 12115 12157 12364 12410 12431 12577 12775 12786 12828 12831 12866 12914 12935 12955 12980 12993 13005 13128 13298
0282313298
NAVIGATION - GENERAL - CERTIFY RNP AR CAPABILITY (STEP3) ON A319
04629 04665 04695 04755 04774 04790
04629 04665 04695 04755 04774 04790
NAVIGATION - GENERAL - CERTIFY RNP AR CAPABILITY (STEP3) ON A321
04643 04654 04682 04698 04706 04761 04779 04788 05077 05083 05118 05154 05205 05254 05388 05450 05465 05490 05584 05633 05663 05667 05689 06009 06508 06563 06599 06652 06657 06682 06709 06751 06758 06766 06781 06822 06869 06987 06990 07029 07089 07139 07146 07166 07242 07274 07299 07516 07518
0464304654 04682 0469804706 04761 0477904788 0507705584 0563306009 0650807518
NAVIGATION - TCAS - INSTALL TCAS HONEYWELL TPA-100B CHANGE 7.1 CAPABLE OF ATSAW
02823 02868 02999 03015 03126 03185 0320703208 03239 03257 03283 03303 03341 03350 03405 03429 03525 03539 03558 03567 03603 03637 03654 03673 03688 0371803719 03738 05604 06009 06086 06294 06508 06563 06599 06652 06657 06682 06709 06751 06758 06766 06781 06822 06869 06987 06990 07029 07089 07139 07146 07166 07242 07274 07299 07516 07518 07858 07871 08101 08155 08168 08218 08257 08617 08727 08732 08737 08740 08794 08832 08896 08901 08906 08919 08928 08937 08957 08967 09000 0904409045 09076 09079 09082 09091 09095 09109 09138 09155 09157 09326 09332 09376 09415 09452 09467 09496 09567 10011 10125 10128 10143 10222 10259 10272 10275 10331 10346 10367 10375 10382 10723 10751 10854 10878 10947 10973 11037 11048 11052 11090 11103 11111 11130 11144 1114711148 11160 11163 11212 11239 11249 11333 11353 11361 11390 11446 11464 11506 11622 11658 11704 11843 11898 11944 11976 11999 12065 12075 12077 12115 12157 12364 12410 12431 12577 12775 12786 12828 12831 12866 12914 12935 12955 12980 12993 13005 13128 13298
0282303350 0340503738 05604 0600913298
NAVIGATION - TCAS - ACTIVATE ATSAW FUNCTION AND INSTALL TRAFFIC SELECTORS
10973 11037 11090 11103 11144 11147 11239 11249 11390 11658
1097311037 1109011103 1114411147 1123911249 11390 11658
WINGS - TRAILING EDGE AND TRAILING EDGE DEVICES - INSTALL WEAR RESISTANT PAINT FOR FLAPS
02823 02868 02999 03015 03126 03185 0320703208 03239 03257 03283 03303 03341 03350 03405 03429 03525 03539 03558 03567 03603 03637 03654 03673 03688 0371803719 04629 04643 04654 04665 04682 04695 04698 04706 04755 04761 04774 04779 04788 04790 05025 05077 05083 05118 05154 05205 05254 05388 05450 05465 05490 05584 05604 05633 05663 05667 05689 06009 06086 06294 06508 06563 06599 06652 06657 06682 06709 06751 06758 06766 06781 06822 06869 06987 06990 07029 07089 07139 07146 07166 07242 07274 07299 07516 07518 08155 08257 08617 08727 08732 08740 08794 08906 08919 08937 08957 09000 09044 09076 09082 09095 09109 09138 09157 09326 09376 09415 09452 09496 09567 10125 10128 10143 10222 10259 10272 10275 10331 10346 10367 10375 10382 10723 10751 10854 10878 10947 10973 11048 11144 11148 11212 11239 11249 11353 11390 11464 11622 11658 11704 11843 11898 11944 11976 11999 12065 12075 12077 12115 12157 12364 12410 12431 12577 12775 12786 12828 12831 12866 12914 12935 12955 12980 12993 13005 13128 13298
0282303350 0340503719 0462907518 08155 0825708732 0874008794 0890608919 0893708957 0900009044 09076 09082 0909509138 0915709326 0937609452 0949609567 1012510973 11048 11144 11148 1121211249 11353 11390 11464 1162213298
INDICATING/RECORDING SYSTEMS - EIS - INSTALL ENHANCED DISPLAY UNIT INSTEAD OF EIS2 LIQUID CRISTAL DISPLAY UNIT
05490 05584 05604 05633 05663 05667 05689 06009 06086 06294 06508 06563 06599 06652 06657 06682 06709 06751 06758 06766 06781 06822 06869 06987 06990 07029 07089 07139 07146 07166 07242 07274 07299 07516 07518 07858 07871 08101 08155 08168 08218 08257 08617 08727 08732 08737 08740 08794 08832 08896 08901 08906 08919 08928 08937 08957 08967 09000 0904409045 09076 09079 09082 09091 09095 09109 09138 09155 09157 09326 09332 09376 09415 09452 09467 09496 09567 10011 10125 10128 10143 10222 10259 10272 10275 10331 10346 10367 10375 10382 10723 10751 10854 10878 10947 10973 11037 11048 11052 11090 11103 11111 11130 11144 1114711148 11160 11163 11212 11239 11249 11333 11353 11361 11390 11446 11464 11506 11622 11658 11704 11843 11898 11944 11976 11999 12065 12075 12077 12115 12157 12364 12410 12431 12577 12775 12786 12828 12831 12866 12914 12935 12955 12980 12993 13005 13128 13298
0549013298
INDICATING/RECORDING SYSTEMS - FLIGHT WARNING COMPUTER (FWC) - INSTALL FWC STANDARD H2-F6
02823 02868 02999 03015 03126 03185 0320703208 03239 03257 03283 03303 03341 03350 03382 03405 03429 03525 03539 03558 03567 03603 03637 03654 03673 03688 0371803719 03738 04629 04643 04654 04665 04682 04695 04698 04706 04755 04761 04774 04779 04788 04790 05025 05077 05083 05118 05154 05205 05254 05388 05450 05465 05490 05584 05604 05633 05663 05667 05689 06009 06086 06294 06508 06563 06599 06652 06657 06682 06709 06751 06758 06766 06781 06822 06869 06987 06990 07029 07089 07139 07146 07166 07242 07274 07299 07516 07518 07858 07871 08101 08155 08168 08218 08257 08617 08727 08732 08737 08740 08794 08832 08896 08901 08906 08919 08928 08937 08957 08967 09000 0904409045 09076 09079 09082 09091 09095 09109 09138 09155 09157 09326 09332 09376 09415 09452 09467 09496 09567 10011 10125 10128 10143 10222 10259 10272 10275 10331 10346 10367 10375 10382 10723 10751 10854 10878 10947 10973 11037 11048 11052 11090 11103 11111 11130 11144 1114711148 11160 11163 11212 11239 11249 11333 11353 11361 11390 11446 11464 11506 11622 11658 11704 11843 11898 11944 11976 11999 12065 12075 12077 12115 12157 12364 12410 12431 12577 12775 12786 12828 12831 12866 12914 12935 12955 12980 12993 13005 13128 13298
0282313298
LANDING GEAR - NORMAL BRAKING - INSTALL BSCU EMM WITH NEW INTEL MICROPROCESSOR
02823 03015 04629 04643 04654 04665 04682 04695 04698 04706 04755 04761 04774 04779 04788 04790 05025 05077 05083 05118 05154 05205 05254 05388 05450 05465 05490 05584 05604 05633 05663 05667 05689 06009 06086 06294 06508 06563 06599 06652 06657 06682 06709 06751 06758 06766 06781 06822 06869 06987 06990 07029 07089 07139 07146 07166 07242 07274 07299 07516 07518
02823 03015 0462907518
NAVIGATION- AIR DATA/INERTIAL REFERENCE SYSTEM - INSTALL ADIRS SYSTEM HONEYWELL AS STANDARD SUPPLIER ON ST2 AND ST3 A/C
04629 04643 04654 04665 04682 04695 04698 04706 04755 04761 04774 04779 04788 04790 05077 05083 05118 05154 05205 05254 05388 05450 05465 05490 05584 05633 05663 05667 05689 06009 06294 06508 06563 06599 06652 06657 06682 06709 06751 06758 06766 06781 06822 06869 06987 06990 07029 07089 07139 07146 07166 07242 07274 07299 07516 07518
0462904790 0507705584 0563306009 0629407518
COMMUNICATIONS-CVR-CONNECT THE DATALINK RECORDING FUNCTION AND ACTIVATE THE DATALINK FUNCTION ON ATSU BY HARD PP
06009 06086 06294 06508 06563 06599 06652 06657 06682 06709 06751 06758 06766 06781 06822 06869 06987 06990 07029 07089 07139 07146 07166 07242 07274 07299 07516 07518 07871 08155 08257 08617 08727 08732 08740 08794 08919 08957 09000 09044 09076 09082 09095 09109 09138 09157 09326 09376 09415 09452 09496 09567 10011 10125 10128 10143 10222 10275
0600907518 07871 08155 0825708732 0874008794 08919 08957 0900009044 09076 09082 0909509138 0915709326 0937609452 0949610222 10275
AUTO FLIGHT - AUTOPILOT/FLIGHT DIRECTOR (AP/FD)- ACTIVATE AP/FD TCAS FUNCTION
06508 06563 06599 06652 06657 06682 06709 06751 06758 06766 06781 06822 06869 06987 06990 07029 07089 07139 07146 07166 07242 07274 07299 07516 07518 07858 07871 08101 08155 08168 08218 08257 08617 08727 08732 08737 08740 08794 08832 08896 08901 08906 08919 08928 08937 08957 08967 09000 0904409045 09076 09079 09082 09091 09095 09109 09138 09155 09157 09326 09332 09376 09415 09452 09467 09496 09567 10011 10125 10128 10143 10222 10259 10272 10275 10331 10346 10367 10375 10382 10723 10751 10854 10878 10947 10973 11037 11048 11052 11090 11103 11111 11130 11144 1114711148 11160 11163 11212 11239 11249 11333 11353 11361 11390 11446 11464 11506 11622 11658 11704 11843 11898 11944 11976 11999 12065 12075 12077 12115 12157 12364 12410 12431 12577 12775 12786 12828 12831 12866 12914 12935 12955 12980 12993 13005 13128 13298
0650813298
NAVIGATION-TRAFFIC COLLISION AVOIDANCE SYSTEM (TCAS) - INSTALL TCAS COLLINS TTR-921 CHANGE 7.1
04629 04643 04654 04665 04682 04695 04698 04706 04755 04761 04774 04779 04788 04790 05077 05083 05118 05154 05205 05254 05388 05450 05465 05490 05584 05633 05663 05667 05689 06508 06563 06599 06652 06657 06682 06709 06751 06758 06766 06781 06822 06869 06987 06990 07029 07089 07139 07146 07166 07242 07274 07299 07516 07518 08155 08257 08617 08727 08732 08740 08794 08919 08957 09000 09044 09076 09082 09095 09109 09138 09157 09326 09376 09415 09452 09496 09567 10125 10143 10222 10259 10346 10367 10375 10382 10723 10751 10854 10878 10947 11048 11148 11212 11353 11464 11622 11704 11843 11898 11944 11976 11999 12065 12075 12077 12115 12157 12364 12410 12431 12577 12775 12786 12828 12831 12866 12914 12935 12955 12980 12993 13005 13128 13298
0462904790 0507705584 0563305689 0650807518 08155 0825708732 0874008794 08919 08957 0900009044 09076 09082 0909509138 0915709326 0937609452 0949609567 10125 1014310259 1034610947 11048 11148 11212 11353 11464 11622 1170413298
AUTO FLIGHT - GENERAL REMOVE AFM LIMITATION ON NON PRECISION APPROACHES WITH ONE ENGINE OUT ON A321
06009 06294 07274 07299 07516 07518
06009 06294 0727407518
LANDING GEAR - NORMAL EXTENSION AND RETRACTION - MODIFY THE MLG DOOR ACTUATOR DAMPING MECHANISM
02823 02868 02999 03015 03126 03185 0320703208 03239 03257 03283 03303 03341 03350 03382 03405 03429 03525 03539 03558 03567 03603 03637 03654 03673 03688 0371803719 03738 04629 04643 04654 04665 04682 04695 04698 04706 04755 04761 04774 04779 04788 04790 05025 05077 05083 05118 05154 05205 05254 05388 05450 05465 05490 05584 05604 05633 05663 05667 05689 06009 06086 06294 06508 06563 06599 06652 06657 06682 06709 06751 06758 06766 06781 06822 06869 06987 06990 07029 07089 07139 07146 07166 07242 07274 07299 07516 07518
0282307518
INFORMATION SYSTEMS - ATIMS - INSTALL SOFTWARE ATSU ATC FANS B+ APPLICATIONS DATALINK RECORDING + A623 OCL CAPABLE
06009 06294 06508 06563 06599 06652 06657 06682 06709 06751 06758 06766 06781 06822 06869 06987 06990 07029 07089 07139 07146 07166 07242 07274 07299 07516 07518 08155 08257 08617 08727 08732 08740 08794 08919 08957 09000 09044 09076 09082 09095 09109 09138 09157 09326 09376 09415 09452 09496 09567 10125 10128 10143 10222 10259 10272 10275 10331 10346 10367 10375 10382 10723 10751 10854 10878 10947 10973 11037 11048 11090 11103 11144 1114711148 11212 11239 11249 11353 11390 11464 11622 11658 11704 11843 11898 11944 11976 11999 12065 12075 12077 12115 12157 12364 12410 12431 12577 12775 12786 12828 12831 12866 12914 12935 12955 12980 12993 13005 13128 13298
06009 0629407518 08155 0825708732 0874008794 08919 08957 0900009044 09076 09082 0909509138 0915709326 0937609452 0949609567 1012511048 1109011103 1114411148 1121211249 11353 11390 11464 1162213298
INDICATING RECORDING SYSTEMS-FWC- INTRODUCE FWC STANDARD H2-F7
02823 02868 02999 03015 03126 03185 0320703208 03239 03257 03283 03303 03341 03350 03382 03405 03429 03525 03539 03558 03567 03603 03637 03654 03673 03688 0371803719 03738 04629 04643 04654 04665 04682 04695 04698 04706 04755 04761 04774 04779 04788 04790 05025 05077 05083 05118 05154 05205 05254 05388 05450 05465 05490 05584 05604 05633 05663 05667 05689 06009 06086 06294 06508 06563 06599 06652 06657 06682 06709 06751 06758 06766 06781 06822 06869 06987 06990 07029 07089 07139 07146 07166 07242 07274 07299 07516 07518 07858 07871 08101 08155 08168 08218 08257 08617 08727 08732 08737 08740 08794 08832 08896 08901 08906 08919 08928 08937 08957 08967 09000 0904409045 09076 09079 09082 09091 09095 09109 09138 09155 09157 09326 09332 09376 09415 09452 09467 09496 09567 10011 10125 10128 10143 10222 10259 10272 10275 10331 10346 10367 10375 10382 10723 10751 10854 10878 10947 10973 11037 11048 11052 11090 11103 11111 11130 11144 1114711148 11160 11163 11212 11239 11249 11333 11353 11361 11390 11446 11464 11506 11622 11658 11704 11843 11898 11944 11976 11999 12065 12075 12077 12115 12157 12364 12410 12431 12577 12775 12786 12828 12831 12866 12914 12935 12955 12980 12993 13005 13128 13298
0282313298
INFORMATION SYSTEMS-ATIMS-INSTALL S/W ATSU ATC ARINC 623 APPLICATION FANS B+ DATALINK RECORDING AND OCL CAPABLE
06009 06294 06508 06563 06599 06652 06657 06682 06709 06751 06758 06766 06781 06822 06869 06987 06990 07029 07089 07139 07146 07166 07242 07274 07299 07516 07518 08155 08257 08617 08727 08732 08740 08794 08919 08957 09000 09044 09076 09082 09095 09109 09138 09157 09326 09376 09415 09452 09496 09567 10125 10128 10143 10222 10259 10272 10275 10331 10346 10367 10375 10382 10723 10751 10854 10878 10947 10973 11037 11048 11090 11103 11144 1114711148 11212 11239 11249 11353 11390 11464 11622 11658 11704 11843 11898 11944 11976 11999 12065 12075 12077 12115 12157 12364 12410 12431 12577 12775 12786 12828 12831 12866 12914 12935 12955 12980 12993 13005 13128 13298
06009 0629407518 08155 0825708732 0874008794 08919 08957 0900009044 09076 09082 0909509138 0915709326 0937609452 0949609567 1012511048 1109011103 1114411148 1121211249 11353 11390 11464 1162213298
NAVIGATION-T2CAS-INSTALL ACSS T2CAS STD3.5 WITH TCAS CHANGE 7.1 ALGORITHM
03382 05025
03382 05025
FUEL - MAIN TRANSFER SYSTEM - INTRODUCE THE A321 CENTRE TANK FUEL TRANSFER SYSTEM ONTO A319 AND A320 VARIANTS
07858 07871 08101 08168 08218 08737 08832 08896 08901 08928 08967 09045 09079 09091 09155 09332 09467 10011 11037 11052 11090 11103 11111 11130 11147 11160 11163 11333 11361 11446 11506
0785808101 0816808218 08737 0883208901 08928 08967 09045 09079 09091 09155 09332 09467 10011 11037 1105211130 11147 1116011163 11333 11361 11446 11506
FUEL - TANK LEVEL SENSING - ACTIVATE FUEL OVERFLOW CAUTION ON A318/A319/A320
05604 06086 07858 07871 08101 08168 08218 08737 08832 08896 08901 08928 08967 09045 09079 09091 09155 09332 09467 10011 11037 11052 11090 11103 11111 11130 11147 11160 11163 11333 11361 11446 11506
05604 06086 0785808101 0816808218 08737 0883208901 08928 08967 09045 09079 09091 09155 09332 09467 10011 11037 1105211130 11147 1116011163 11333 11361 11446 11506
AUTO FLIGHT-FLIGHT AUGMENTATION (FAC) DEFINE STOP RUDDER INPUT WARNING FUNCTION ON AIRCRAFT
02823 02868 02999 03015 03126 03185 0320703208 03239 03257 03283 03303 03341 03350 03382 03405 03429 03525 03539 03558 03567 03603 03637 03654 03673 03688 0371803719 03738 04629 04643 04654 04665 04682 04695 04698 04706 04755 04761 04774 04779 04788 04790 05025 05077 05083 05118 05154 05205 05254 05388 05450 05465 05490 05584 05604 05633 05663 05667 05689 06009 06086 06294 06508 06563 06599 06652 06657 06682 06709 06751 06758 06766 06781 06822 06869 06987 06990 07029 07089 07139 07146 07166 07242 07274 07299 07516 07518 07858 07871 08101 08155 08168 08218 08257 08617 08727 08732 08737 08740 08794 08832 08896 08901 08906 08919 08928 08937 08957 08967 09000 0904409045 09076 09079 09082 09091 09095 09109 09138 09155 09157 09326 09332 09376 09415 09452 09467 09496 09567 10011 10125 10128 10143 10222 10259 10272 10275 10331 10346 10367 10375 10382 10723 10751 10854 10878 10947 10973 11037 11048 11052 11090 11103 11111 11130 11144 1114711148 11160 11163 11212 11239 11249 11333 11353 11361 11390 11446 11464 11506 11622 11658 11704 11843 11898 11944 11976 11999 12065 12075 12077 12115 12157 12364 12410 12431 12577 12775 12786 12828 12831 12866 12914 12935 12955 12980 12993 13005 13128 13298
0282313298
CERTIFICATION - CERTIFY EXTENSION OF GROUND ENVELOPE DOWN TO OAT -46C
10973
10973
ENGINE FUEL AND CONTROL-FADEC SYSTEM INTRODUCE SCN22 EEC SOFTWARE STANDARD
02823 02868 02999 03015 03126 03283 03350 03382 03405 03429 03539 03637 03673 03688 03738 04643 04654 04682 04698 04706 04761 04779 04788 05025 05077 05083 05118 05154 05205 05254 05388
0282303126 03283 0335003429 03539 03637 0367303688 03738 0464304654 04682 0469804706 04761 0477904788 0502505388
NAVIGATION-GENERAL-REVERT FROM CONIC TO AOA FLAT PLATES (SB ONLY)
05077 05083 05118 05154 05205 05254 05388
0507705388
F/CTL-ELEVATOR AILERON COMPUTER SYSTEM (ELAC)-INSTALL L97 STANDARD ON ELAC B WITH DATA LOADING CAPABILITY
04629 04643 04654 04665 04682 04695 04698 04706 04755 04761 04774 04779 04788 04790 05025 05077 05083 05118 05154 05205 05254 05388 05450 05465 05490 05584 05604 05633 05663 05667 05689 06009 06086 06294 06508 06563 06599 06652 06657 06682 06709 06751 06758 06766 06781 06822 06869 06987 06990 07029 07089 07139 07146 07166 07242 07274 07299 07516 07518
0462907518
WINGS - OUTER WING - INTRODUCE VORTEX GENERATORS ON MANHOLE DOOR APERTURES
05604 06086 06294 06508 06563 06599 06652 06657 06682 06709 06751 06758 06766 06781 06822 06869 06987 06990 07029 07089 07139 07146 07166 07242 07274 07299 07516 07518 07858 07871 08101 08155 08168 08218 08257 08617 08727 08732 08737 08740 08794 08832 08896 08901 08906 08919 08928 08937 08957 08967 09000 0904409045 09076 09079 09082 09091 09095 09109 09138 09155 09157 09326 09332 09376 09415 09452 09467 09496 09567 10011 10125 10128 10143 10222 10259 10272 10275 10331 10346 10367 10375 10382 10723 10751 10854 10878 10947 10973 11037 11048 11052 11090 11103 11111 11130 11144 1114711148 11160 11163 11212 11239 11249 11333 11353 11361 11390 11446 11464 11506 11622 11658 11704 11843 11898 11944 11976 11999 12065 12075 12077 12115 12157 12364 12410 12431 12577 12775 12786 12828 12831 12866 12914 12935 12955 12980 12993 13005 13128 13298
05604 0608613298
FLIGHT CONTROLS - ELAC - INSTALL L97 STANDARD ON ELAC B WITHOUT DATALOADING CAPABILITY - SB ONLY
02823 02868 02999 03015 03126 03185 0320703208 03239 03257 03283 03303 03341 03350 03382 03405 03429 03525 03539 03558 03567 03603 03637 03654 03673 03688 0371803719 03738
0282303738
INFORMATION SYSTEMS - ATIMS - COMPONENTS AND INTERFACES - INSTALL ATSU CSB8 FANS B+
06009 06294 06508 06563 06599 06652 06657 06682 06709 06751 06758 06766 06781 06822 06869 06987 06990 07029 07089 07139 07146 07166 07242 07274 07299 07516 07518 08155 08257 08617 08727 08732 08740 08794 08919 08957 09000 09044 09076 09082 09095 09109 09138 09157 09326 09376 09415 09452 09496 09567 10125 10128 10143 10222 10259 10272 10275 10331 10346 10367 10375 10382 10723 10751 10854 10878 10947 10973 11037 11048 11090 11103 11144 1114711148 11212 11239 11249 11353 11390 11464 11622 11658 11704 11843 11898 11944 11976 11999 12065 12075 12077 12115 12157 12364 12410 12431 12577 12775 12786 12828 12831 12866 12914 12935 12955 12980 12993 13005 13128 13298
06009 0629407518 08155 0825708732 0874008794 08919 08957 0900009044 09076 09082 0909509138 0915709326 0937609452 0949609567 1012511048 1109011103 1114411148 1121211249 11353 11390 11464 1162213298
INFORMATION SYSTEMS- ATIMS- COMPONENTS AND INTERFACES - INSTALL SW ATSU ATC ARINC 623 APPLICATION FOR FANS B+ CSB8
06009 06294 06508 06563 06599 06652 06657 06682 06709 06751 06758 06766 06781 06822 06869 06987 06990 07029 07089 07139 07146 07166 07242 07274 07299 07516 07518 08155 08257 08617 08727 08732 08740 08794 08919 08957 09000 09044 09076 09082 09095 09109 09138 09157 09326 09376 09415 09452 09496 09567 10125 10128 10143 10222 10259 10272 10275 10331 10346 10367 10375 10382 10723 10751 10854 10878 10947 10973 11037 11048 11090 11103 11144 1114711148 11212 11239 11249 11353 11390 11464 11622 11658 11704 11843 11898 11944 11976 11999 12065 12075 12077 12115 12157 12364 12410 12431 12577 12775 12786 12828 12831 12866 12914 12935 12955 12980 12993 13005 13128 13298
06009 0629407518 08155 0825708732 0874008794 08919 08957 0900009044 09076 09082 0909509138 0915709326 0937609452 0949609567 1012511048 1109011103 1114411148 1121211249 11353 11390 11464 1162213298
CERTIFICATION - CERTIFY A/C FOR TURNAROUND AT -54.C
10973
10973
NAVIGATION - ATC/MODE S (SELECT) - ACTIVATE ADS-B OUT DO-260B CAPABILITY FOR ATC TRANSPONDER
02823 02868 02999 03015 03126 03185 0320703208 03239 03257 03283 03303 03341 03350 03382 03405 03429 03525 03539 03558 03567 03603 03637 03654 03673 03688 0371803719 03738 04629 04643 04654 04665 04682 04695 04698 04706 04755 04761 04774 04779 04788 04790 05025 05077 05083 05118 05154 05205 05254 05388 05450 05465 05490 05584 05633 05663 05667 05689 06009 06294 06508 06563 06599 06652 06657 06682 06709 06751 06758 06766 06781 06822 06869 06987 06990 07029 07089 07139 07146 07166 07242 07274 07299 07516 07518 07858 07871 08101 08155 08168 08218 08257 08617 08727 08732 08737 08740 08794 08832 08896 08901 08906 08919 08928 08937 08957 08967 09000 0904409045 09076 09079 09082 09091 09095 09109 09138 09155 09157 09326 09332 09376 09415 09452 09467 09496 09567 10011 10125 10128 10143 10222 10259 10272 10275 10331 10346 10367 10375 10382 10723 10751 10854 10878 10947 10973 11037 11048 11052 11090 11103 11111 11130 11144 1114711148 11160 11163 11212 11239 11249 11333 11353 11361 11390 11446 11464 11506 11622 11658 11704 11843 11898 11944 11976 11999 12065 12075 12077 12115 12157 12364 12410 12431 12577 12775 12786 12828 12831 12866 12914 12935 12955 12980 12993 13005 13128 13298
0282305584 0563306009 0629413298
NAVIGATION - GROUND PROXIMITY WARNING SYSTEM (GPWS) - REINSTALL EGPWS P/N 965-1676-002
06508 06563 06599 06652 06657 06682 06709 06751 06758 06766 06781 06822 06869 06987 06990 07029 07089 07139 07146 07166 07242 07274 07299 07516 07518 08101 08155 08168 08218 08257 08617 08727 08732 08737 08740 08794 08832 08896 08901 08919 08928 08957 08967 09000 0904409045 09076 09079 09082 09091 09095 09109 09138 09155 09157 09326 09376 09415 09452 09496 09567 10125 10143 10222 10259 10346 10367 10375 10382 10723 10751 10854 10878 10947 11048 11148 11212 11353 11464 11622 11704 11843 11898 11944 11976 11999 12065 12075 12077 12115 12157 12364 12410 12431 12577 12775 12786 12828 12831 12866 12914 12935 12955 12980 12993 13005 13128 13298
0650807518 0810108901 0891908928 0895709326 0937609452 0949609567 10125 1014310259 1034610947 11048 11148 11212 11353 11464 11622 1170413298
CERTIFICATION DOCUMENTS - GENERAL - AUTHORIZE WIFI USAGE IN THE COCKPIT
12775 12786 12828 12831 12866 12914 12935 12955 12980 12993 13005 13128 13298
1277513298
AIR CONDITIONING - FLOW CONTROL AND INDICATING - INSTALL A320 PACK FLOW SELECTOR WITH THREE POSITIONS ON A321
08155 08257 08617 08727 08732 08740 08794 08906 08919 08937 08957 09000 09044 09076 09082 09095 09109 09138 09157 09326 09376 09415 09452 09496 09567 10125 10128 10143 10222 10259 10272 10275 10331 10346 10367 10375 10382 10723 10751 10854 10878 10947 10973 11048 11144 11148 11212 11239 11249 11353 11390 11464 11622 11658 11704 11843 11898 11944 11976 11999 12065 12075 12077 12115 12157 12364 12410 12431 12577 12775 12786 12828 12831 12866 12914 12935 12955 12980 12993 13005 13128 13298
08155 0825708732 0874008794 0890608919 0893708957 0900009044 09076 09082 0909509138 0915709326 0937609452 0949609567 1012510973 11048 11144 11148 1121211249 11353 11390 11464 1162213298
NAVIGATION- AOA - INSTALL AOA PROBES IN MIXED CONFIGURATION (THALES FOR CAPTAIN AND FIRST OFFICER AND UTAS ON STANDBY)
02823 02868 02999 03015 03126 03207 03283 03350 03405 03429 03525 03539 04629 04643 04654 04665 04682 04695 04698 04706 04755 04761 04774 04779 04788 04790 05077 05083 05118 05154 05205 05254 05388 05450 05465 05490 05584 05633 05663 05667 05689 06009 06294
0282303126 03207 03283 03350 0340503539 0462904790 0507705584 0563306009 06294
LANDING GEAR - NORMAL BRAKING - INTRODUCE NEW BSCU SOFTWARE STANDARD (L4.10)
02823 02868 02999 03015 03126 0320703208 03257 03283 03303 03341 03350 03382 03405 03429 03525 03539 03558 03567 03603 03637 03654 03673 03688 03719 03738 04629 04643 04654 04665 04682 04695 04698 04706 04755 04761 04774 04779 04788 04790 05025 05077 05083 05118 05154 05205 05254 05388 05450 05465 05490 05584 05604 05633 05663 05667 05689 06009 06086 06294 06508 06563 06599 06652 06657 06682 06709 06751 06758 06766 06781 06822 06869 06987 06990 07029 07089 07139 07146 07166 07242 07274 07299 07516 07518
0282303126 0320703208 0325703688 0371907518
CABIN SYS - ON-BOARD MOBILE TELEPHONY SYSTEM - DEMONSTRATE COMPLIANCE FOR PAX MOBILE PHONE AND WLAN SERVICES
08155 08257 08617 08727 08732 08740 08794 08919 08957 09000 09044 09076 09082 09095 09109 09138 09157 09326 09376 09415 09452 09496 09567 10125 10143 10222 10259 10346 10367 10375 10382 10723 10751 10854 10878 10947 10973 11048 11144 11148 11212 11239 11249 11353 11390 11464 11622 11658 11704 11843 11898 11944 11976 11999 12065 12075 12077 12115 12157 12364 12410 12431 12577 12775 12786 12828 12866 12914 13005 13128 13298
08155 0825708732 0874008794 08919 08957 0900009044 09076 09082 0909509138 0915709326 0937609452 0949609567 10125 1014310259 1034610973 11048 11144 11148 1121211249 11353 11390 11464 1162212828 1286612914 1300513298
FUEL - FUEL RECIRCULATION - COOLING - ESTABLISH MISSING GRND CONNECTION TO INHIBIT RECIRC DURING GRAVITY FEED
07858 07871 08101 08168 08218 08737 08832 08896 08901 08928 08967 09045 09079 09091 09155 09332 09467 10011 11037 11052 11090 11103 11111 11130 11147 11160 11163 11333 11361 11446 11506
0785808101 0816808218 08737 0883208901 08928 08967 09045 09079 09091 09155 09332 09467 10011 11037 1105211130 11147 1116011163 11333 11361 11446 11506
NAVIGATION - ILS - Install MMR Rockwell Collins GLU-2100
11052 11111 11130 11160 11163 11333 11361 11446 11464 11506 11622 11658 11704 11843 11898 11944 11976 11999 12065 12075 12077 12115 12157 12364 12410 12431 12577 12775 12786 12828 12831 12866 12914 12935 12955 12980 12993 13005 13128 13298
11052 1111111130 1116011163 11333 11361 1144613298
NAVIGATION - ATC/MODE S (SELECT) - INSTALL ACSS DO-260B XPDR NXT-800
02823 02868 02999 03015 03126 03185 0320703208 03239 03257 03283 03303 03341 03350 03405 03429 03525 03539 03558 03567 03603 03637 03654 03673 03688 0371803719 03738 07858 07871 08906 08937 09332 09467 10011 10128 10272 10275 10331 10973 11037 11052 11090 11103 11111 11130 11144 11147 11160 11163 11239 11249 11333 11361 11390 11446 11506 11658
0282303350 0340503738 0785807871 08906 08937 09332 09467 10011 10128 1027210331 1097311037 1105211147 1116011163 1123911333 1136111446 11506 11658
NAVIGATION - AIR DATA - INSTALL AND DEFINE REVERSIBLE BACK-UP SPEED SCALE FUNCTION THROUGH PUSH BUTTON (UAMM 1.1)
07858 07871 08101 08155 08168 08218 08257 08617 08727 08732 08737 08740 08794 08832 08896 08901 08906 08919 08928 08937 08957 08967 09000 0904409045 09076 09079 09082 09091 09095 09109 09138 09155 09157 09326 09332 09376 09415 09452 09467 09496 09567 10011 10125 10128 10143 10222 10259 10272 10275 10331 10346 10367 10375 10382
0785810382
AUTO FLIGHT - FLIGHT MANAGEMENT - INTRODUCE FM THALES S7B ASSOCIATED TO FG 2G I15 (IAE/PW ENGINES - SB ONLY)
03382 05025
03382 05025
WINGS - TRAILING EDGE AND TRAILING EDGE DEVICES - REMOVE STATIC WICKS FROM FLAP TRACKS
08155 08168 08218 08257 08617 08727 08732 08737 08740 08794 08832 08896 08901 08906 08919 08928 08937 08957 08967 09000 0904409045 09076 09079 09082 09091 09095 09109 09138 09155 09157 09326 09332 09376 09415 09452 09467 09496 09567 10011 10125 10128 10143 10222 10259 10272 10275 10331 10346 10367 10375 10382 10723 10751 10854 10878 10947 10973 11037 11048 11052 11090 11103 11111 11130 11144 1114711148 11160 11163 11212 11239 11249 11333 11353 11361 11390 11446 11464 11506 11622 11658 11704 11843 11898 11944 11976 11999 12065 12075 12077 12115 12157 12364 12410 12431 12577 12775 12786 12828 12831 12866 12914 12935 12955 12980 12993 13005 13128 13298
0815513298
NAVIGATION - ATC/MODE S (SELECT) - INSTALL HONEYWELL ATC TRA-100B COMPLIANT WITH DO-260B MANDATE
02823 02868 02999 03015 03126 03185 0320703208 03239 03257 03283 03303 03341 03350 03382 03405 03429 03525 03539 03558 03567 03603 03637 03654 03673 03688 0371803719 03738 04629 04643 04654 04665 04682 04695 04698 04706 04755 04761 04774 04779 04788 04790 05025 05077 05083 05118 05154 05205 05254 05388 05450 05465 05490 05584 05633 05663 05667 05689 06009 06294 06508 06563 06599 06652 06657 06682 06709 06751 06758 06766 06781 06822 06869 06987 06990 07029 07089 07139 07146 07166 07242 07274 07299 07516 07518 07858 07871 08101 08155 08168 08218 08257 08617 08727 08732 08737 08740 08794 08832 08896 08901 08906 08919 08928 08937 08957 08967 09000 0904409045 09076 09079 09082 09091 09095 09109 09138 09155 09157 09326 09332 09376 09415 09452 09467 09496 09567 10011 10125 10128 10143 10222 10259 10272 10275 10331 10346 10367 10375 10382 10723 10751 10854 10878 10947 10973 11037 11048 11052 11090 11103 11111 11130 11144 1114711148 11160 11163 11212 11239 11249 11333 11353 11361 11390 11446 11464 11506 11622 11658 11704 11843 11898 11944 11976 11999 12065 12075 12077 12115 12157 12364 12410 12431 12577 12775 12786 12828 12831 12866 12914 12935 12955 12980 12993 13005 13128 13298
0282305584 0563306009 0629413298
INFORMATION SYSTEMS-ATIMS - ATIMS - INSTALL S/W ATSU ATC FANS A+ APPLICATIONS CAPABLE DATALINK RECORDING
10011
10011
INFORMATION SYSTEMS - GENERAL - CERTIFY FANS A+C CONFIGURATION (OVERALL MODIFICATION)
10011
10011
PNEUMATIC - ENGINE BLEED AIR SUPPLY SYSTEM - Define and install BMC STD 12 SW
02823 02868 02999 03015 03126 03185 0320703208 03239 03257 03283 03303 03341 03350 03382 03405 03429 03525 03539 03558 03567 03603 03637 03654 03673 03688 0371803719 03738 04629 04643 04654 04665 04682 04695 04698 04706 04755 04761 04774 04779 04788 04790 05077 05083 05118 05154 05205 05254 05388 05450 05465 05490 05584 05604 05633 05663 05667 05689 06009 06086 06294 06508 06563 06599 06652 06657 06682 06709 06751 06758 06766 06781 06822 06869 06987 06990 07029 07089 07139 07146 07166 07242 07274 07299 07516 07518
0282304790 0507707518
INFORMATION SYSTEMS - ATIMS - DEFINE FANS A+B CONFIGURATION
10011
10011
FLIGHT CONTROLS - ELAC - INSTALL ELAC B L99 WITHOUT DATALOADING (SB ONLY)
02823 02868 02999 03015 03126 03207 03283 03350 03405 03429 03525 03539
0282303126 03207 03283 03350 0340503539
WINGS-GENERAL-DEFINE AND CERTIFY STRUCTURAL PROVISIONS FOR SHARKLET FOR A320/A319/A318
05604 06086
05604 06086
WINGS - GENERAL - CERTIFY SHARKLET INSTALLATION FOR A321
05450 05465 05490 05584 05633 05663 05667 05689 06009 06294 06508 06563 06599 06652 06657 06682 06709 06751 06758 06766 06781 06822 06869 06987 06990 07029 07089 07139 07146 07166 07242 07274 07299 07516 07518 08155 08257 08617 08727 08732 08740 08794 08906 08919 08937 08957 09000 09044 09076 09082 09095 09109 09138 09157 09326 09376 09415 09452 09496 09567 10125 10128 10143 10222 10259 10272 10275 10331 10346 10367 10375 10382 10723 10751 10854 10878 10947 10973 11048 11144 11148 11212 11239 11249 11353 11390 11464 11622 11658 11704 11843 11898 11944 11976 11999 12065 12075 12077 12115 12157 12364 12410 12431 12577 12775 12786 12828 12831 12866 12914 12935 12955 12980 12993 13005 13128 13298
0545005584 0563306009 0629407518 08155 0825708732 0874008794 0890608919 0893708957 0900009044 09076 09082 0909509138 0915709326 0937609452 0949609567 1012510973 11048 11144 11148 1121211249 11353 11390 11464 1162213298
CERTIFICATION DOCUMENTS-GENERAL-DEFINE AND CERTIFY INSTALLATION OF SHARKLET ON NON-REINFORCED A/C (BY SB)
03603
03603
INDICATING/RECORDING SYSTEMS - FLIGHT WARNING COMPUTER (FWC) - INSTALL FWC H2-F9E
02823 02868 02999 03015 03126 03207 03283 03350 03382 03405 03429 03525 03539 03637 03673 03688 03738 04643 04654 04682 04698 04706 04761 04779 04788 05025 05077 05083 05118 05154 05205 05254 05388 05450 05465 05490 05584 05633 05663 05667 05689 06009 06294 06508 06563 06599 06652 06657 06682 06709 06751 06758 06766 06781 06822 06869 06987 06990 07029 07089 07139 07146 07166 07242 07274 07299 07516 07518 07858 07871 08101 08155 08168 08218 08257 08617 08727 08732 08737 08740 08794 08832 08896 08901 08906 08919 08928 08937 08957 08967 09000 0904409045 09076 09079 09082 09091 09095 09109 09138 09155 09157 09326 09332 09376 09415 09452 09467 09496 09567 10011 10125 10128 10143 10222 10259 10272 10275 10331 10346 10367 10375 10382 10723 10751 10854 10878 10947 10973 11037 11048 11052 11090 11103 11111 11130 11144 1114711148 11160 11163 11212 11239 11249 11333 11353 11361 11390 11446 11464 11506 11622 11658 11704 11843 11898 11944 11976 11999 12065 12075 12077 12115 12157 12364 12410 12431 12577 12775 12786 12828 12831 12866 12914 12935 12955 12980 12993 13005 13128 13298
0282303126 03207 03283 0335003539 03637 0367303688 03738 0464304654 04682 0469804706 04761 0477904788 0502505584 0563306009 0629413298
WINGS-GENERAL-CERTIFY SHARKLET INSTALLATION FOR A320/A319/A318
05604 06086 07858 07871 08101 08168 08218 08737 08832 08896 08901 08928 08967 09045 09079 09091 09155 09332 09467 10011 11037 11052 11090 11103 11111 11130 11147 11160 11163 11333 11361 11446 11506
05604 06086 0785808101 0816808218 08737 0883208901 08928 08967 09045 09079 09091 09155 09332 09467 10011 11037 1105211130 11147 1116011163 11333 11361 11446 11506
FLIGHT CONTROLS - ELEVATOR AILERON COMPUTER SYSTEM (ELAC) - INSTALL ELAC L101 STANDARD WITH DATA LOADING CAPABILITY
05025 05604 06086 06508 06563 06599 06652 06657 06682 06709 06751 06758 06766 06781 06822 06869 06987 06990 07029 07089 07139 07146 07166 07242 07274 07299 07516 07518
05025 05604 06086 0650807518
AUTO FLIGHT - FMGC - INSTALL FG PI16 ASSOCIATED WITH THALES FM S7B
06009 06294 07858 07871 08906 08937 09332 09467 10011 10128 10272 10275 10331 10973 11037 11052 11090 11103 11111 11130 11144 11147 11160 11163 11239 11249 11333 11361 11390 11446 11506 11658
06009 06294 0785807871 08906 08937 09332 09467 10011 10128 1027210331 1097311037 1105211147 1116011163 1123911333 1136111446 11506 11658
FUSELAGE - REAR FUSELAGE - DEFINE KU/ KA - BAND ANTENNA INSTALLATION IN SECTION 17 FOR NEO ACF
08155 08257 08617 08727 08732 08740 08794 08919 08957 09000 09044 09076 09082 09095 09109 09138 09157 09326 09376 09415 09452 09496 09567 10125 10143 10222 10259 10346 10367 10375 10382 10723 10751 10854 10878 10947 11048 11148 11212 11353 11464 11622 11704 11843 11898 11944 11976 11999 12065 12075 12077 12115 12157 12364 12410 12431 12577 12775 12786 12828 12831 12866 12914 12935 12955 12980 12993 13005 13128 13298
08155 0825708732 0874008794 08919 08957 0900009044 09076 09082 0909509138 0915709326 0937609452 0949609567 10125 1014310259 1034610947 11048 11148 11212 11353 11464 11622 1170413298
ENGINE - GENERAL - Block C* Combustor Redesign on neo PW
07858 07871 08101 08155 08168 08218 08257 08617 08727 08732 08737 08740 08794 08832 08896 08901 08906 08919 08928 08937 08957 08967 09000 0904409045 09076 09079 09082 09091 09095 09109 09138 09155 09157 09326 09332 09376 09415 09452 09467 09496 09567 10011 10125 10143 10222 10259 11037 11052 11090 11103 11111 11130 11147 11160 11163 11333 11361 11446 11506
0785810125 1014310259 11037 1105211130 11147 1116011163 11333 11361 11446 11506
NAVIGATION - ILS - Activate GLS function at A/C level with COLLINS MMR GLU2100 (Post MOD 161939)
11464 11622 11658 11704 11843 11898 11944 11976 11999 12065 12075 12077 12115 12157 12364 12410 12431 12577 12775 12786 12828 12831 12866 12914 12935 12955 12980 12993 13005 13128 13298
11464 1162213298
NAVIGATION - ILS - Activate SBAS NAV function on COLLINS MMR GLU2100 (Post MOD 161939)
11052 11111 11130 11160 11163 11333 11361 11446 11506
11052 1111111130 1116011163 11333 11361 11446 11506
INFORMATION SYSTEMS - FLIGHT OPERATION PERIPHERALS - ACTIVATE FOMAX
08617 08727 08732 08740 08794 08906 08919 08937 08957 09000 09044 09076 09082 09095 09109 09138 09157 09326 09332 09376 09415 09452 09467 09496 09567 10011 10125 10128 10143 10222 10259 10272 10275 10331 10346 10367 10375 10382 10723 10751 10854 10878 10947 10973 11037 11048 11052 11090 11103 11111 11130 11144 1114711148 11160 11163 11212 11239 11249 11333 11353 11361 11390 11446 11464 11506 11622 11658 11704 11843 11898 11944 11976 11999 12065 12075 12077 12115 12157 12364 12410 12431 12577 12775 12786 12828 12831 12866 12914 12935 12955 12980 12993 13005 13128 13298
0861708732 0874008794 0890608919 0893708957 0900009044 09076 09082 0909509138 0915713298
CERTIFICATION DOCUMENTS-GENERAL-CERTIFY ACT RELATED MODIFICATIONS FROM A321CEO ON A321NEO
08937
08937
FLIGHT CONTROLS - SPOILER AND ELEVATOR COMPUTER (SEC) - INSTALL STANDARD SEC C 126
06086 06294 06508 06563 06599 06652 06657 06682 06709 06751 06758 06766 06781 06822 06869 06987 06990 07029 07089 07139 07146 07166 07242 07274 07299 07516 07518 07858 07871 08101 08155 08168 08218 08257 08617 08727 08732 08737 08740 08794 08832 08896 08901 08906 08919 08928 08937 08957 08967 09000 0904409045 09076 09079 09082 09091 09095 09109 09138 09155 09157 09326 09332 09376 09415 09452 09467 09496 09567 10011 10125 10128 10143 10222 10259 10272 10275 10331 10346 10367 10375 10382 10723 10751 10854 10878 10947 10973 11037 11048 11052 11090 11103 11111 11130 11144 1114711148 11160 11163 11212 11239 11249 11333 11353 11361 11390 11446 11464 11506 11622 11658 11704 11843 11898 11944 11976 11999 12065 12075 12077 12115 12157 12364 12410 12431 12577 12775 12786 12828 12831 12866 12914 12935 12955 12980 12993 13005 13128 13298
0608613298
GENERAL - DESIGN WEIGHT - INTRODUCE WV050 (MTOW 73,5T, MLW 66,3T AND MZFW 62,8T) FOR A320 NEO
07858 07871 08101 08168 08218 08737 08832 08896 08901 08928 08967 09045 09079 09091 09155 09332 09467 10011 11037 11052 11090 11103 11111 11130 11147 11160 11163 11333 11361 11446 11506
0785808101 0816808218 08737 0883208901 08928 08967 09045 09079 09091 09155 09332 09467 10011 11037 1105211130 11147 1116011163 11333 11361 11446 11506
GENERAL - DESIGN WEIGHT - INTRODUCE WV055 (MTOW 79T, MLW 67,4T AND MZFW 64,3T) FOR A320 NEO
08101 08168 08218 08737 08832 08896 08901 08928 08967 09045 09079 09091 09155 11037
08101 0816808218 08737 0883208901 08928 08967 09045 09079 09091 09155 11037
CERTIFICATION DOCUMENTS - GENERAL - DEFINE SOFT GO AROUND FUNCTION FOR NEO
07858 07871 08101 08155 08168 08218 08257 08617 08727 08732 08737 08740 08794 08832 08896 08901 08906 08919 08928 08937 08957 08967 09000 0904409045 09076 09079 09082 09091 09095 09109 09138 09155 09157 09326 09332 09376 09415 09452 09467 09496 09567 10011 10125 10128 10143 10222 10259 10272 10275 10331 10346 10367 10375 10382 10723 10751 10854 10878 10947 10973 11037 11048 11052 11090 11103 11111 11130 11144 1114711148 11160 11163 11212 11239 11249 11333 11353 11361 11390 11446 11464 11506 11622 11658 11704 11843 11898 11944 11976 11999 12065 12075 12077 12115 12157 12364 12410 12431 12577 12775 12786 12828 12831 12866 12914 12935 12955 12980 12993 13005 13128 13298
0785813298
INDICATING/RECORDING SYSTEMS - FLIGHT WARNING COMPUTER (FWC) - INSTALL FWC H2-F8 FOR NEO EIS
02823 02868 02999 03015 03126 03185 0320703208 03239 03257 03283 03303 03341 03350 03382 03405 03429 03525 03539 03558 03567 03603 03637 03654 03673 03688 0371803719 03738 04629 04643 04654 04665 04682 04695 04698 04706 04755 04761 04774 04779 04788 04790 05025 05077 05083 05118 05154 05205 05254 05388 05450 05465 05490 05584 05604 05633 05663 05667 05689 06009 06086 06294 06508 06563 06599 06652 06657 06682 06709 06751 06758 06766 06781 06822 06869 06987 06990 07029 07089 07139 07146 07166 07242 07274 07299 07516 07518 07858 07871 08101 08155 08168 08218 08257 08617 08727 08732 08737 08740 08794 08832 08896 08901 08906 08919 08928 08937 08957 08967 09000 0904409045 09076 09079 09082 09091 09095 09109 09138 09155 09157 09326 09332 09376 09415 09452 09467 09496 09567 10011 10125 10128 10143 10222 10259 10272 10275 10331 10346 10367 10375 10382 10723 10751 10854 10878 10947 10973 11037 11048 11052 11090 11103 11111 11130 11144 1114711148 11160 11163 11212 11239 11249 11333 11353 11361 11390 11446 11464 11506 11622 11658 11704 11843 11898 11944 11976 11999 12065 12075 12077 12115 12157 12364 12410 12431 12577 12775 12786 12828 12831 12866 12914 12935 12955 12980 12993 13005 13128 13298
0282313298
GENERAL - DESIGN WEIGHT - INTRODUCE WV054 (MTOW 79T, MLW 66,3T AND MZFW 62,8T) FOR A320 NEO
07858 07871 09332 09467 10011 11052 11111 11130 11160 11163 11333 11361 11446 11506
0785807871 09332 09467 10011 11052 1111111130 1116011163 11333 11361 11446 11506
GENERAL - DESIGN WEIGHT - INTRODUCE WV053 (MTOW 77T, MLW 67,4T AND MZFW 64,3T) FOR A320 NEO
11090 11103 11147
1109011103 11147
INDICATING/RECORDING SYSTEMS - FWC - INSTALL FWC H2-F9 STANDARD FOR NEO CONFIGURATION
02823 02868 02999 03015 03126 03185 0320703208 03239 03257 03283 03303 03341 03350 03382 03405 03429 03525 03539 03558 03567 03603 03637 03654 03673 03688 0371803719 03738 04629 04643 04654 04665 04682 04695 04698 04706 04755 04761 04774 04779 04788 04790 05025 05077 05083 05118 05154 05205 05254 05388 05450 05465 05490 05584 05604 05633 05663 05667 05689 06009 06086 06294 06508 06563 06599 06652 06657 06682 06709 06751 06758 06766 06781 06822 06869 06987 06990 07029 07089 07139 07146 07166 07242 07274 07299 07516 07518 07858 07871 08101 08168 08218 08737 08832 08896 08901 08928 08967 09045 09079 09091 09155 09332 09467 10011 11037 11052 11090 11103 11111 11130 11147 11160 11163 11333 11361 11446 11506
0282308101 0816808218 08737 0883208901 08928 08967 09045 09079 09091 09155 09332 09467 10011 11037 1105211130 11147 1116011163 11333 11361 11446 11506
GENERAL - DESIGN WEIGHT - INTRODUCE WV050 (MTOW 89T, MLW 77,3T AND MZFW 73,3T) FOR A321 NEO
08906
08906
AUTO FLIGHT - GENERAL - ACTIVATE ROPS FUNCTION ON SA NEO
08906 08937 10128 10272 10275 10331 10723 10751 10854 10878 10947 10973 11037 11048 11052 11090 11103 11111 11130 11144 1114711148 11160 11163 11212 11239 11249 11333 11353 11361 11390 11446 11464 11506 11622 11658 11704 11843 11898 11944 11976 11999 12065 12075 12077 12115 12157 12364 12410 12431 12577 12775 12786 12828 12831 12866 12914 12935 12955 12980 12993 13005 13128 13298
08906 08937 10128 1027210331 1072313298
GENERAL - DESIGN WEIGHT - INTRODUCE WV051 (MTOW 89T, MLW 79,2T AND MZFW 75,6T) FOR A321 NEO
08155 08257 08617 08727 08732 08740 08794 08919 08957 09000 09044 09076 09082 09095 09109 09138 09157 09326 09376 09415 09452 09496 09567 10125 10128 10143 10222 10259 10272 10275 10331 10346 10367 10375 10382 10723 10751 10854 10878 10947 11048 11148 11212 11353 11464 11622 11704 11843 11898 11944 11976 11999 12065 12075 12077 12115 12157 12364 12410 12431 12577 12775 12786 12828 12831 12866 12914 12935 12955 12980 12993 13005 13128 13298
08155 0825708732 0874008794 08919 08957 0900009044 09076 09082 0909509138 0915709326 0937609452 0949609567 1012510947 11048 11148 11212 11353 11464 11622 1170413298
GENERAL - DESIGN WEIGHT - INTRODUCE WV053 (MTOW 93.5T, MLW 79.2T AND MZFW 75.6T) FOR A321 NEO
08937 10973 11144 11239 11249 11390 11658
08937 10973 11144 1123911249 11390 11658
GENERAL - DESIGN WEIGHTS - OPERATE A320 NEO WITH DUAL OPERATIONAL WEIGHT - MTOW 73.5T/79T MLW66.3T MZFW62.8T -WV050/054
07858 07871 09332 09467 10011 11052 11111 11130 11160 11163 11333 11361 11446 11506
0785807871 09332 09467 10011 11052 1111111130 1116011163 11333 11361 11446 11506
PNEUMATIC - ENGINE BLEED AIR SUPPLY SYSTEM - Optimize High Pressure Valve actuator for pressure oscillations (NEO)
07858 07871 08101 08155 08168 08218 08257 08617 08727 08732 08737 08740 08794 08832 08896 08901 08906 08919 08928 08937 08957 08967 09000 0904409045 09076 09079 09082 09091 09095 09109 09138 09155 09157 09326 09332 09376 09415 09452 09467 09496 09567 10011 10125 10128 10143 10222 10259 10272 10275 10331 10346 10367 10375 10382 10723 10751 10854 10878 10947 10973 11037 11048 11052 11090 11103 11111 11130 11144 1114711148 11160 11163 11212 11239 11249 11333 11353 11361 11390 11446 11464 11506 11622 11658 11704 11843 11898 11944 11976 11999 12065 12075 12077 12115 12157 12364 12410 12431 12577 12775 12786 12828 12831 12866 12914 12935 12955 12980 12993 13005 13128 13298
0785813298
NAVIGATION - GENERAL - CERTIFY RNP AR CAPABILITY (STEP 3) ON A320NEO
08155 08257 08617 08727 08732 08740 08794 08919 08957 09000 09044 09076 09082 09095 09109 09138 09157 09326 09376 09415 09452 09496 09567 10125 10143 10222 10259 10346 10367 10375 10382 10723 10751 10854 10878 10947 10973 11037 11048 11090 11103 11144 1114711148 11212 11239 11249 11353 11390 11464 11622 11658 11704 11843 11898 11944 11976 11999 12065 12075 12077 12115 12157 12364 12410 12431 12577 12775 12786 12828 12831 12866 12914 12935 12955 12980 12993 13005 13128 13298
08155 0825708732 0874008794 08919 08957 0900009044 09076 09082 0909509138 0915709326 0937609452 0949609567 10125 1014310259 1034611048 1109011103 1114411148 1121211249 11353 11390 11464 1162213298
ENGINE FUEL AND CONTROL - FADEC SYSTEM - INTRODUCE NEW FADEC SOFTWARE ON SA NEO PW
07858 07871 08101 08168 08218 08737 08832 08896 08901 08928 08967 09045 09079 09091 09155 09332 09467 10011 11037 11052 11090 11103 11111 11130 11147 11160 11163 11333 11361 11446 11506
0785808101 0816808218 08737 0883208901 08928 08967 09045 09079 09091 09155 09332 09467 10011 11037 1105211130 11147 1116011163 11333 11361 11446 11506
HYDRAULIC POWER - GENERAL - EXTEND ENVIRONMENTAL OPERATION ENVELOPE TO ISA +40 DEG C
07858 07871 08101 08168 08218 08737 08832 08896 08901 08928 08967 09045 09079 09091 09155 09332 09467 10011 11037 11052 11090 11103 11111 11130 11147 11160 11163 11333 11361 11446 11506
0785808101 0816808218 08737 0883208901 08928 08967 09045 09079 09091 09155 09332 09467 10011 11037 1105211130 11147 1116011163 11333 11361 11446 11506
GENERAL-FLIGHT ENVELOPE EXTENSION - NEO PW - GRD OPERATION TO 9200FT
07858 07871 08101 08168 08218 08737 08832 08896 08901 08928 08967 09045 09079 09091 09155 09332 09467 10011 11037 11052 11090 11103 11111 11130 11147 11160 11163 11333 11361 11446 11506
0785808101 0816808218 08737 0883208901 08928 08967 09045 09079 09091 09155 09332 09467 10011 11037 1105211130 11147 1116011163 11333 11361 11446 11506
AUTO FLIGHT - GENERAL - INTRODUCE AUTOLAND ON A320-251N
07858 07871 08101 08155 08168 08218 08257 08617 08727 08732 08737 08740 08794 08832 08896 08901 08906 08919 08928 08937 08957 08967 09000 0904409045 09076 09079 09082 09091 09095 09109 09138 09155 09157 09326 09332 09376 09415 09452 09467 09496 09567 10011 10125 10128 10143 10222 10259 10272 10275 10331 10346 10367 10375 10382 10723 10751 10854 10878 10947 10973 11037 11048 11052 11090 11103 11111 11130 11144 1114711148 11160 11163 11212 11239 11249 11333 11353 11361 11390 11446 11464 11506 11622 11658 11704 11843 11898 11944 11976 11999 12065 12075 12077 12115 12157 12364 12410 12431 12577 12775 12786 12828 12831 12866 12914 12935 12955 12980 12993 13005 13128 13298
0785813298
Fuselage - Rear Fuselage - Define and install door 3 plugs L/R for NEO ACF
08155 08257 08617 08727 08732 08740 08794 08919 08957 09000 09044 09076 09082 09095 09109 09138 09157 09326 09376 09415 09452 09496 09567 10125 10143 10222 10259 10346 10367 10375 10382 10723 10751 10854 10878 10947 11048 11148 11212 11353 11464 11622 11704 11843 11898 11944 11976 11999 12065 12075 12077 12115 12157 12364 12410 12431 12577 12775 12786 12828 12831 12866 12914 12935 12955 12980 12993 13005 13128 13298
08155 0825708732 0874008794 08919 08957 0900009044 09076 09082 0909509138 0915709326 0937609452 0949609567 10125 1014310259 1034610947 11048 11148 11212 11353 11464 11622 1170413298
INDICATING/RECORDING SYSTEMS - FLIGHT WARNING COMPUTER (FWC) - INSTALL FWC H2-F9D
07858 07871 08101 08168 08218 08737 08832 08896 08901 08928 08967 09045 09079 09091 09155 09332 09467 10011 11037 11052 11090 11103 11111 11130 11147 11160 11163 11333 11361 11446 11506
0785808101 0816808218 08737 0883208901 08928 08967 09045 09079 09091 09155 09332 09467 10011 11037 1105211130 11147 1116011163 11333 11361 11446 11506
FLIGHT CONTROLS - ELAC - INSTALL ELAC L99 STANDARD WITH DATA LOADING CAPABILITY
04629 04643 04654 04665 04682 04695 04698 04706 04755 04761 04774 04779 04788 04790 05077 05083 05118 05154 05205 05254 05388 05450 05465 05490 05584 05633 05663 05667 05689 06009 06294
0462904790 0507705584 0563306009 06294
AUTO-FLIGHT - FAC - INSTALL FAC CAA06 COMPATIBLE A321 NEO AIRCRAFT FITTED WITH PW ENGINES
06009 06294 06508 06563 06599 06652 06657 06682 06709 06751 06758 06766 06781 06822 06869 06987 06990 07029 07089 07139 07146 07166 07242 07274 07299 07516 07518 07858 07871 08101 08155 08168 08218 08257 08617 08727 08732 08737 08740 08794 08832 08896 08901 08906 08919 08928 08937 08957 08967 09000 0904409045 09076 09079 09082 09091 09095 09109 09138 09155 09157 09326 09332 09376 09415 09452 09467 09496 09567 10011 10125 10128 10143 10222 10259 10272 10275 10331 10346 10367 10375 10382 10723 10751 10854 10878 10947 10973 11037 11048 11052 11090 11103 11111 11130 11144 1114711148 11160 11163 11212 11239 11249 11333 11353 11361 11390 11446 11464 11506 11622 11658 11704 11843 11898 11944 11976 11999 12065 12075 12077 12115 12157 12364 12410 12431 12577 12775 12786 12828 12831 12866 12914 12935 12955 12980 12993 13005 13128 13298
06009 0629413298
FLIGHT CONTROLS - ELEVATOR AILERON COMPUTER SYSTEM (ELAC) - INSTALL ELAC L101 WITHOUT DATALOADING CAPABILITY (SB ONLY)
03185 03208 03239 03257 03303 03341 03382 03558 03567 03603 03637 03654 03673 03688 0371803719 03738
03185 0320803257 0330303341 03382 0355803738
INDICATING/RECORDING SYSTEMS - FLIGHT WARNING COMPUTER (FWC) - INSTALL FWC H2-F10
02823 02868 02999 03015 03126 03185 0320703208 03239 03257 03283 03303 03341 03350 03382 03405 03429 03525 03539 03558 03567 03603 03637 03654 03673 03688 0371803719 03738 04629 04643 04654 04665 04682 04695 04698 04706 04755 04761 04774 04779 04788 04790 05025 05077 05083 05118 05154 05205 05254 05388 05450 05465 05490 05584 05604 05633 05663 05667 05689 06009 06086 06294 06508 06563 06599 06652 06657 06682 06709 06751 06758 06766 06781 06822 06869 06987 06990 07029 07089 07139 07146 07166 07242 07274 07299 07516 07518 08155 08218 08257 08617 08727 08732 08740 08794 08832 08901 08906 08919 08928 08957 09000 09044 09076 09082 09095 09109 09138 09157 09326 09376 09415 09452 09496 09567 10125 10128 10143 10222 10259 10272 10275 10331 10346 10367 10375 10382 10723 10751 10854 10878 10947 10973 11037 11048 11052 11090 11103 11111 11130 11144 1114711148 11160 11163 11212 11239 11249 11333 11353 11361 11390 11446 11464 11506 11622 11658 11704 11843 11898 11944 11976 11999 12065 12075 12077 12115 12157 12364 12410 12431 12577 12775 12786 12828 12831 12866 12914 12935 12955 12980 12993 13005 13128 13298
0282307518 08155 0821808732 0874008832 0890108928 08957 0900009044 09076 09082 0909509138 0915709326 0937609452 0949609567 1012513298
NAVIGATION - GENERAL - EXTEND MAGVAR OPERATION DOMAIN
05025 10723 10751 10854 10878 10947 10973 11037 11048 11052 11090 11103 11111 11130 11144 1114711148 11160 11163 11212 11239 11249 11333 11353 11361 11390 11446 11464 11506 11622 11658 11704 11843 11898 11944 11976 11999 12065 12075 12077 12115 12157 12364 12410 12431 12577 12775 12786 12828 12831 12866 12914 12935 12955 12980 12993 13005 13128 13298
05025 1072313298
COMMUNICATIONS - AUDIO MANAGEMENT - INSTALL NEW DIGITAL AUDIO SYSTEMS (creation and removal)
11506 11843
11506 11843
COMMUNICATIONS - AUDIO MANAGEMENT - INCLUDE 3RD RMP INTO NEW DIGITAL AUDIO SYSTEMS ( WITH ACP3 REMOVAL)
11843
11843
PNEUMATIC - ENGINE BLEED AIR SUPPLY SYSTEM - INTRODUCE NEO BMC SW 4.3
07858 07871 08101 08155 08168 08218 08257 08617 08727 08732 08737 08740 08794 08832 08896 08901 08906 08919 08928 08937 08957 08967 09000 0904409045 09076 09079 09082 09091 09095 09109 09138 09155 09157 09326 09332 09376 09415 09452 09467 09496 09567 10011 10125 10128 10143 10222 10259 10272 10275 10331 10346 10367 10375 10382 10723 10751 10854 10878 10947 10973 11037 11048 11052 11090 11103 11111 11130 11144 1114711148 11160 11163 11212 11239 11249 11333 11353 11361 11390 11446 11464 11506 11622 11658 11704 11843 11898 11944 11976 11999 12065 12075 12077 12115 12157 12364 12410 12431 12577 12775 12786 12828 12831 12866 12914 12935 12955 12980 12993 13005 13128 13298
0785813298
FLIGHT CONTROL - ELEVATOR AILERON COMPUTER SYSTEMS - INTRODUCE OF ELAC-E COMPUTER
11976 11999 12065 12075 12115 12157 12364 12410 12431 12577 12775 12786 12828 12831 12866 12914 12935 12955 12980 12993 13005 13128 13298
1197612075 1211513298
ENGINE FUEL AND CONTROL - FADEC SYSTEM - INTRODUCE FCS4.2 FADEC SOFTWARE ON NEO PW
07858 07871 08101 08155 08168 08218 08257 08617 08727 08732 08737 08740 08794 08832 08896 08901 08906 08919 08928 08937 08957 08967 09000 0904409045 09076 09079 09082 09091 09095 09109 09138 09155 09157 09326 09332 09376 09415 09452 09467 09496 09567 10011 10125 10128 10143 10222 10259 10272 10275 10331 10346 10367 10375 10382 10723 10751 10854 10878 10947 10973 11037 11048 11052 11090 11103 11111 11130 11144 1114711148 11160 11163 11212 11239 11249 11333 11353 11361 11390 11446 11464 11506 11622 11658 11704 11843 11898 11944 11976 11999 12065 12075 12077 12115 12157 12364 12410 12431 12577 12775 12786 12828 12831 12866 12914 12935 12955 12980 12993 13005 13128 13298
0785813298
AUTO-FLIGHT - FLIGHT AUGMENTATION COMPUTER (FAC) - INSTALL FAC CAA09
08906 08937 10128 10272 10275 10331
08906 08937 10128 1027210331
AUTO FLIGHT - FLIGHT MANAGEMENT Activate TOS2 capability with "TOS2 inhibition" P/B installed in the cockpit
11898 11976 11999 12065 12075 12077 12115 12157 12364 12410 12431 12577 12775 12786 12828 12831 12866 12914 12935 12955 12980 12993 13005 13128 13298
11898 1197613298
AUTO FLIGHT - Flight Management System Introduce FLS function and FLS/Final APP coexistence certification & activation with HONEYWELL FMS
11464 11622 11704 11843 11898 11944 11976 11999 12065 12075 12077 12115 12157 12364 12410 12431 12577 12775 12786 12828 12831 12866 12914 12935 12955 12980 12993 13005 13128 13298
11464 11622 1170413298
AUTO FLIGHT FLIGHT MANAGEMENT SYSTEMS (FMS) - Activate and certify FLS/Final APP coexistence function with THALES FM
11658
11658
NAVIGATION - WEATHER RADAR SYSTEM - Introduce Weather Radar Rockwell Collins WXR 2100 A (CONF SINGLE)
13128 13298
1312813298
AUTO FLIGHT - FLIGHT MANAGEMENT SYSTEM ACTIVATE CONTINUOUS DESCENT APPROACH(CDA) FUNCTION WITH FMS RELEASE 2 STANDARD H3
11464 11622 11704 11843 11898 11944 11976 11999 12065 12075 12077 12115 12157 12364 12410 12431 12577 12775 12786 12828 12831 12866 12914 12935 12955 12980 12993 13005 13128 13298
11464 11622 1170413298
CERTIFICATION DOCUMENTS - GENERAL - CERTIFY UP TO 3 ACTS ON A321NX
10973 11144 11239 11249
10973 11144 1123911249
INDICATING/RECORDING SYSTEMS -FWC - ACQUISITION/INTERFACE - Install F12 "supporting safety beyond standard step 1 functions
02823 02868 02999 03015 03126 03185 0320703208 03239 03257 03283 03303 03341 03350 03382 03405 03429 03525 03539 03558 03567 03603 03637 03654 03673 03688 0371803719 03738 04629 04643 04654 04665 04682 04695 04698 04706 04755 04761 04774 04779 04788 04790 05025 05077 05083 05118 05154 05205 05254 05388 05450 05465 05490 05584 05604 05633 05663 05667 05689 06009 06086 06294 06508 06563 06599 06652 06657 06682 06709 06751 06758 06766 06781 06822 06869 06987 06990 07029 07089 07139 07146 07166 07242 07274 07299 07516 07518 08155 08218 08257 08617 08727 08732 08740 08794 08832 08901 08919 08928 08957 09000 09044 09076 09082 09095 09109 09138 09157 09326 09376 09415 09452 09496 09567 10125 10128 10143 10222 10259 10272 10275 10331 10346 10367 10375 10382 10723 10751 10854 10878 10947 10973 11037 11048 11052 11090 11103 11111 11130 11144 1114711148 11160 11163 11212 11239 11249 11333 11353 11361 11390 11446 11464 11506 11622 11658 11704 11843 11898 11944 11976 11999 12065 12075 12077 12115 12157 12364 12410 12431 12577 12775 12786 12828 12831 12866 12914 12935 12955 12980 12993 13005 13128 13298
0282307518 08155 0821808732 0874008832 08901 0891908928 08957 0900009044 09076 09082 0909509138 0915709326 0937609452 0949609567 1012513298
AUTO FLIGHT - GENERAL - INSTALL AND ACTIVATE ROPS STEP 2+ CAPABILITY INCLUDING RUNWAY CONDITION SELECTION (FOR NEO AIRCRAFT ONLY)
10723 10751 10854 10878 10947 10973 11037 11048 11052 11090 11103 11111 11130 11144 1114711148 11160 11163 11212 11239 11249 11333 11353 11361 11390 11446 11464 11506 11622 11658 11704 11843 11898 11944 11976 11999 12065 12075 12077 12115 12157 12364 12410 12431 12577 12775 12786 12828 12831 12866 12914 12935 12955 12980 12993 13005 13128 13298
1072313298
ENGINE FUEL AND CONTROL - FADEC SYSTEM - INTRODUCE FCS4.4 FADEC SOFTWARE WITH ASSOCIATED HARDWARE ON NEO PW
07858 07871 08101 08155 08168 08218 08257 08617 08727 08732 08737 08740 08794 08832 08896 08901 08906 08919 08928 08937 08957 08967 09000 0904409045 09076 09079 09082 09091 09095 09109 09138 09155 09157 09326 09332 09376 09415 09452 09467 09496 09567 10011 10125 10128 10143 10222 10259 10272 10275 10331 10346 10367 10375 10382 10723 10751 10854 10878 10947 10973 11037 11048 11052 11090 11103 11111 11130 11144 1114711148 11160 11163 11212 11239 11249 11333 11353 11361 11390 11446 11464 11506 11622 11658 11704 11843 11898 11944 11976 11999 12065 12075 12077 12115 12157 12364 12410 12431 12577 12775 12786 12828 12831 12866 12914 12935 12955 12980 12993 13005 13128 13298
0785813298
AUTO FLIGHT - FMGC - INSTALL FG PI17 ASSOCIATED WITH THALES FM S7B
06009 06294 07858 07871 08906 08937 09332 09467 10011
06009 06294 0785807871 08906 08937 09332 09467 10011
AUTO FLIGHT - GENERAL - CERTIFY AND DEFINE UAMM (UNRELIABLE AIRSPEED MITIGATION MEANS) STEP 2 FUNCTION
10723 10751 10854 10878 10947 10973 11037 11048 11052 11090 11103 11111 11130 11144 1114711148 11160 11163 11212 11239 11249 11333 11353 11361 11390 11446 11464 11506 11622 11658 11704 11843 11898 11944 11976 11999 12065 12075 12077 12115 12157 12364 12410 12431 12577 12775 12786 12828 12831 12866 12914 12935 12955 12980 12993 13005 13128 13298
1072313298
FLIGHT CONTROLS - ELEVATOR AILERON COMPUTER SYSTEM - INSTALL ELAC B L103 - DATA LOADABLE
07858 07871 08101 08155 08168 08218 08257 08617 08727 08732 08737 08740 08794 08832 08896 08901 08906 08919 08928 08937 08957 08967 09000 0904409045 09076 09079 09082 09091 09095 09109 09138 09155 09157 09326 09332 09376 09415 09452 09467 09496 09567 10011 10125 10128 10143 10222 10259 10272 10275 10331 10346 10367 10375 10382 10723 10751 10854 10878 10947 10973 11037 11048 11052 11090 11103 11111 11130 11144 1114711148 11160 11163 11212 11239 11249 11333 11353 11361 11390 11446 11464 11506 11622 11658 11704 11843 11898 11944 11976 11999 12065 12075 12077 12115 12157 12364 12410 12431 12577 12775 12786 12828 12831 12866 12914 12935 12955 12980 12993 13005 13128 13298
0785813298
INFORMATION SYSTEMS - FLIGHT OPERATION PERIPHERALS - DESINSTALL FOMAX SYSTEM (ANTI-MOD OF 162549 + ANTI-MOD 163958)
08832 08896 08901 08928 08967 09045 09079 09091 09155
0883208901 08928 08967 09045 09079 09091 09155
GENERAL - DESIGN WEIGHTS - OPERATE A320 NEO WITH MOW - MTOW 70/74/79T MLW 67.4T MZFW 64.3T - WV057/075/055
08101 08218 08737 08832 08896 08901 08928 08967 09045 09079 09091 09155
08101 08218 08737 0883208901 08928 08967 09045 09079 09091 09155
INDICATING/RECORDING SYSTEMS -FWC - ACQUISITION/INTERFACE - Install F12B
02823 02868 02999 03015 03126 03185 0320703208 03239 03257 03283 03303 03341 03350 03382 03405 03429 03525 03539 03558 03567 03603 03637 03654 03673 03688 0371803719 03738 04629 04643 04654 04665 04682 04695 04698 04706 04755 04761 04774 04779 04788 04790 05025 05077 05083 05118 05154 05205 05254 05388 05450 05465 05490 05584 05604 05633 05663 05667 05689 06009 06086 06294 06508 06563 06599 06652 06657 06682 06709 06751 06758 06766 06781 06822 06869 06987 06990 07029 07089 07139 07146 07166 07242 07274 07299 07516 07518 08155 08218 08257 08617 08727 08732 08740 08794 08832 08901 08919 08928 08957 09000 09044 09076 09082 09095 09109 09138 09157 09326 09376 09415 09452 09496 09567 10125 10128 10143 10222 10259 10272 10275 10331 10346 10367 10375 10382 10723 10751 10854 10878 10947 10973 11037 11048 11052 11090 11103 11111 11130 11144 1114711148 11160 11163 11212 11239 11249 11333 11353 11361 11390 11446 11464 11506 11622 11658 11704 11843 11898 11944 11976 11999 12065 12075 12077 12115 12157 12364 12410 12431 12577 12775 12786 12828 12831 12866 12914 12935 12955 12980 12993 13005 13128 13298
0282307518 08155 0821808732 0874008832 08901 0891908928 08957 0900009044 09076 09082 0909509138 0915709326 0937609452 0949609567 1012513298
ENGINE - GENERAL - Introduce waterjet drilling manufacturing process for NEO PW combustion chamber
09000 09076 09095 09109 09138 09157 09326 09332 09376 09415 09452 09467 09496 09567 10011 10125 10143 10222 10259
09000 09076 0909509138 0915710125 1014310259
INDICATING/RECORDING SYS - CVDR / RALS - ACTIVATION of Autonomous Distress Tracking(ADT) FOR ELT-DT STAND ALONE
11464 11622 11658 11704 11843 11898 11944 11976 11999 12065 12075 12077 12115 12157 12364 12410 12431 12577 12775 12786 12828 12831 12866 12914 12935 12955 12980 12993 13005 13128 13298
11464 1162213298
AUTO FLIGHT - GENERAL - Install P/B OFF and activate ROPS inhibition capability (NEO only)
10723 10751 10854 10878 10947 10973 11037 11048 11052 11090 11103 11111 11130 11144 1114711148 11160 11163 11212 11239 11249 11333 11353 11361 11390 11446 11464 11506 11622 11658 11704 11843 11898 11944 11976 11999 12065 12075 12077 12115 12157 12364 12410 12431 12577 12775 12786 12828 12831 12866 12914 12935 12955 12980 12993 13005 13128 13298
1072313298
NAVIGATION - AIR DATA/INERTIAL REFERENCE SYSTEM - INSTALL SOFWARE ADIRU HONEYWELL BLOCK II AE25 (SB ONLY)
03239 03257 03303 03341 03603 03654 0371803719 03738
0323903257 0330303341 03603 03654 0371803738
NAVIGATION - AIR DATA/INERTIAL REFERENCE SYSTEM - INSTALL ADIRU HONEYWELL BLOCK II AE45 (SB ONLY)
02823 02868 02999 03015 03126 03185 03207 03283 03350 03405 03429 03525 03539 03558 03567 03637 03673 03688
0282303207 03283 03350 0340503567 03637 0367303688
INDICATING RECORDING - FLIGHT WARNING COMPUTER (FWC) - INTRODUCE FWS S/W STANDARD F13
02823 02868 02999 03015 03126 03185 0320703208 03239 03257 03283 03303 03341 03350 03382 03405 03429 03525 03539 03558 03567 03603 03637 03654 03673 03688 0371803719 03738 04629 04643 04654 04665 04682 04695 04698 04706 04755 04761 04774 04779 04788 04790 05025 05077 05083 05118 05154 05205 05254 05388 05450 05465 05490 05584 05604 05633 05663 05667 05689 06009 06086 06294 06508 06563 06599 06652 06657 06682 06709 06751 06758 06766 06781 06822 06869 06987 06990 07029 07089 07139 07146 07166 07242 07274 07299 07516 07518 08155 08218 08257 08617 08732 08740 08794 08832 08901 08919 08928 08957 09000 09044 09076 09082 09095 09109 09138 09157 09326 09376 09415 09452 09496 09567 10125 10128 10143 10222 10259 10272 10275 10331 10346 10367 10375 10382 10723 10751 10854 10878 10947 10973 11037 11048 11052 11090 11103 11111 11130 11144 1114711148 11160 11163 11212 11239 11249 11333 11353 11361 11390 11446 11464 11506 11622 11658 11704 11843 11898 11944 11976 11999 12065 12075 12077 12115 12157 12364 12410 12431 12577 12775 12786 12828 12831 12866 12914 12935 12955 12980 12993 13005 13128 13298
0282307518 08155 0821808617 08732 0874008832 08901 0891908928 08957 0900009044 09076 09082 0909509138 0915709326 0937609452 0949609567 1012513298
LANDING GEAR - TIRE PRESSURE INDICATING SYSTEM (TPIS) - INTRODUCE A NEW STANDARD OF TPIS SYSTEM
13128 13298
1312813298
AUTO FLIGHT - FLIGHT MANAGEMENT AND GUIDANCE COMPUTER - Install FG PI17 associated to Honeywell FM H3 (SBS step 1)
06508 06563 06599 06652 06657 06682 06709 06751 06758 06766 06781 06822 06869 06987 06990 07029 07089 07139 07146 07166 07242 07274 07299 07516 07518 08101 08155 08168 08218 08257 08617 08727 08732 08737 08740 08794 08832 08896 08901 08919 08928 08957 08967 09000 0904409045 09076 09079 09082 09091 09095 09109 09138 09155 09157 09326 09376 09415 09452 09496 09567 10125 10143 10222 10259 10346 10367 10375 10382 10723 10751 10854 10878 10947 11048 11148 11212 11353 11464 11622 11704 11843 11898 11944 11976 11999 12065 12075 12077 12115 12157 12364 12410 12431 12577 12775 12786 12828 12831 12866 12914 12935 12955 12980 12993 13005 13128 13298
0650807518 0810108901 0891908928 0895709326 0937609452 0949609567 10125 1014310259 1034610947 11048 11148 11212 11353 11464 11622 1170413298
AUTO FLIGHT - FLIGHT MANAGEMENT AND GUIDANCE COMPUTER - Install FM Honeywell H4 associated to FG PI18
06508 06563 06599 06652 06657 06682 06709 06751 06758 06766 06781 06822 06869 06987 06990 07029 07089 07139 07146 07166 07242 07274 07299 07516 07518 08101 08155 08168 08218 08257 08617 08727 08732 08737 08740 08794 08832 08896 08901 08919 08928 08957 08967 09000 0904409045 09076 09079 09082 09091 09095 09109 09138 09155 09157 09326 09376 09415 09452 09496 09567 10125 10143 10222 10259 10346 10367 10375 10382 10723 10751 10854 10878 10947 10973 11037 11048 11052 11090 11103 11111 11130 11144 1114711148 11160 11163 11212 11239 11249 11333 11353 11361 11390 11446 11464 11506 11622 11658 11704 11843 11898 11944 11976 11999 12065 12075 12077 12115 12157 12364 12410 12431 12577 12775 12786 12828 12831 12866 12914 12935 12955 12980 12993 13005 13128 13298
0650807518 0810108901 0891908928 0895709326 0937609452 0949609567 10125 1014310259 1034613298
POWER PLANT - COWLING - UNINSTALL OMEGA BRACKET ON NEO PW FAN COWL LATCH 3 HOUSING
09000 09095 09109 09138 09157 09326 09332 09376 09415 09452 09467 09496 09567 10011 10125 10128 10143 10222 10259 10272 10275 10331 10346 10367 10375 10382 10723 10751 10854 10878 10947 10973 11037 11048 11052 11090 11103 11111 11130 11144 1114711148 11160 11163 11212 11239 11249 11333 11353 11361 11390 11446 11464 11506 11622 11658 11704 11843 11898 11944 11976 11999 12065 12075 12077 12115 12157 12364 12410 12431 12577 12775 12786 12828 12831 12866 12914 12935 12955 12980 12993 13005 13128 13298
09000 0909509138 0915713298
ENGINE - GENERAL - Introduce Block D1 combustor on NEO PW
10128 10272 10275 10331 10346 10367 10375 10382 10723 10751 10854 10878 10947 10973 11037 11048 11052 11090 11103 11111 11130 11144 1114711148 11160 11163 11212 11239 11249 11333 11353 11361 11390 11446 11464 11506 11622 11658 11704 11843 11898 11944 11976 11999 12065 12075 12077 12115 12157 12364 12410 12431 12577 12775 12786 12828 12831 12866 12914 12935 12955 12980 12993 13005 13128 13298
10128 1027213298
INDICATING/RECORDING SYSTEMS - RALS- Activate ATC datalink recording on CVDR1/2
10259 10272 10331 10346 10367 10375 10382 10723 10751 10854 10878 10947 10973 11037 11048 11090 11103 11144 1114711148 11212 11239 11249 11353 11390 11464 11622 11658 11704 11843 11898 11944 11976 11999 12065 12075 12077 12115 12157 12364 12410 12431 12577 12775 12786 12828 12831 12866 12914 12935 12955 12980 12993 13005 13128 13298
1025910272 1033111048 1109011103 1114411148 1121211249 11353 11390 11464 1162213298
AUTO FLIGHT - FLIGHT MANAGEMENT AND GUIDANCE COMPUTER - INSTALL FMS S8A (HW4) ASSOCIATED TO FG PI18 (SAFETY BEYOND STANDARD)
10128 10272 10275 10331 10973 11037 11052 11090 11103 11111 11130 11144 11147 11160 11163 11239 11249 11333 11361 11390 11446 11506 11658
10128 1027210331 1097311037 1105211147 1116011163 1123911333 1136111446 11506 11658
AUTO FLIGHT - FLIGHT MANAGEMENT AND GUIDANCE COMPUTER - INSTALL FMS S8A (HW1) ASSOCIATED TO FG PI18 (SAFETY BEYOND STANDARD)(SB Only)
06009 06294 07858 07871 08906 08937 09332 09467 10011
06009 06294 0785807871 08906 08937 09332 09467 10011
ELEVATOR AILERON COMPUTER SYSTEM (ELAC) - INSTALL ELAC B L103+ DATA LOADABLE
07858 07871 08101 08155 08168 08218 08257 08617 08727 08732 08737 08740 08794 08832 08896 08901 08906 08919 08928 08937 08957 08967 09000 0904409045 09076 09079 09082 09091 09095 09109 09138 09155 09157 09326 09332 09376 09415 09452 09467 09496 09567 10011 10125 10128 10143 10222 10259 10272 10275 10331 10346 10367 10375 10382 10723 10751 10854 10878 10947 10973 11037 11048 11052 11090 11103 11111 11130 11144 1114711148 11160 11163 11212 11239 11249 11333 11353 11361 11390 11446 11464 11506 11622 11658 11704 11843 11898 11944 12077
0785811944 12077
ILS - INSTALL HONEYWELL IMMR STANDARD L2.3
11622 11658 11704 11843 11898 11944 11976 11999 12065 12075 12077 12115 12157 12364 12410 12431 12577 12775 12786 12828 12831 12866 12914 12935 12955 12980 12993 13005 13128 13298
1162213298
INDICATING/RECORDING SYSTEMS - CENTRAL WARNING SYSTEMS - DEFINE AND INSTALL FWC H2-F15 FOR A321 XLR
13005 13128 13298
1300513298
PNEUMATIC - LEAK DETECTION - OHDS - BMC PIN AA 6E GROUNDING ISSUE A320NEO (SB)
07858 07871 08101
0785808101
PNEUMATIC - ENGINE BLEED AIR SUPPLY SYSTEM - INTRODUCE HIGH PRESSURE VALVE (HPV) AS CORRECTIVE DESIGN PW
08155 09044 09076 09091 09138 09157 09376 09415 09567 10275 10367 10382 10723 10878 11144 11353 11390 11464 11506 11622 11658 11704 11843 11898 11944 11976 11999 12065 12075 12077 12115 12157 12364 12410 12431 12577 12775 12786 12828 12831 12866 12914 12935 12955 12980 12993 13005 13128 13298
08155 09044 09076 09091 09138 09157 0937609415 09567 10275 10367 1038210723 10878 11144 11353 11390 1146413298
INDICATING/RECORDING SYSTEMS - CENTRAL WARNING SYSTEMS - DEFINE AND INSTALL FWC H2-F15D
13005 13128 13298
1300513298
COMMUNICATIONS - AUDIO MANAGEMENT SYSTEM (AMS) - INSTALL SW L4.3 STD AND ASSOCIATED WIRING FOR DRAIMS
11464 11622 11658 11704 11898 11944 11976 11999 12065 12075 12077 12115 12157 12364 12410 12431 12577 12775 12786 12828 12831 12866 12914 12935 12955 12980 12993 13005 13128 13298
11464 1162211704 1189813298
FLIGHT CONTROLS - SPOILER AND ELEVATOR COMPUTER (SEC) - INSPECTION OF SEC CONFIGURATION FOR OEB-50 CANCELLATION FOR AIRCRAFT PRE MOD NO. 39429P11174
02823 02868 02999 03015 03126 03185 0320703208 03239 03257 03283 03303 03341 03350 03382 03405 03429 03525 03539 03558 03567 03603 03637 03654 03673 03688 0371803719 03738 04629 04643 04654 04665 04682 04695 04698 04706 04755 04761 04774 04779 04788 04790 05025 05077 05083 05118 05154 05205 05254 05388 05450 05465 05490 05584 05604 05633 05663 05667 05689 06009
0282306009
13298
11110  11312
13298
11110  11312
13298
11110  11312
13298
11110  11312
13298
11110  11312
13298
11110  11312
13298
11110  11312
13298
13298
11622  11898
13298
11110  11312
13298
11110  11312
13298
11110  11312
13298
11110  11312
13298
11110  11312
13298
11110  11312
13298
11110  11312
13298
11110  11312
13298
11110  11312
13298
11110  11312
13298
11110  11312
13298
11110  11312
03558
13298
11110  11312
13298
11110  11312
13298
11110  11312
13298
11110  11312
13298
11110  11312
13298
11110  11312
13298
13298
13298
11110  11312
13298
11110  11312
13298
11110  11312
13298
11110  11312
11622  11898
13298
11110  11312
13298
11110  11312
13298
13298
11110  11312
13298
11110  11312
11110
13298
11110  11312
13298
11312  11110
13298
11110  11312
13298
11110  11312
13298
11110  11312
13298
11110  11312
13298
11110  11312
13298
11110  11312
13298
11110  11312
13298
13298
11110  11312
13298
11110  11312
13298
11110  11312
11110  11312
13298
13298
11110  11312
13298
11110  11312
13298
11110  11312
11110  11312
13298
13298
11110  11312
11110  11312
13298
11110  11312
13298
11110  11312
13298
13298
13298
11110  11312
13298
11110  11312
13298
13298
11110  11312
13298
11110  11312
13298
11110  11312
13298
11110  11312
13298
11110  11312
11110  11312
13298
13298
11110  11312
13298
11110  11312
13298
11110  11312
13298
11110  11312
13298
09076  09138  09157  09415  10367  10878  13298
13298
11110  11312
13298
11110  11312
13298
11110  11312
13298
11110  11312
13298
11110  11312
03239
13298
11110  11312
13298
11110  11312
13298
13298
11110  11312
13298
11110  11312
13298
13298
13298
11110  11312
11110  11312
11622  11898  13298
13298
13298
11110  11312
13298
11110  11312
11110  11312
13298
13298
11110  11312
13298
11110  11312
11110  11312
13298
11110  11312