PNEUMATIC - Bleed Monitoring Computer - Introduce NEO BMC SW 4.1
07858 07871 08101 08155 08168 08218 08257 08617 08727 08732 08737 08740 08794 08832 08896 08901 08906 08919 08937 08957 08967 09000 0904409045 09076 09079 09082 09091 09095 09109 09138 09155 09157 09326 09332 09358 09376 09415 09452 09467 09496 09567 10011 10125 10128 10143 10222 10259 10272 10275 10331 10346 10367 10375 10382 10723 10751 10854 10878 10947 10973 11037 11048 11052 11090 11103 11111 11130 11144 1114711148 11160 11163 11212 11249 11333 11353 11361 11390 11446 11464 11506 11622 11658 11704 11843 11898 11944 11976 11999 12065 12075 12077 12115 12157 12364 12410 12431 12577 12775 12786 12828 12831 12866 12914 12935 12955 12980 12993 13005 13128 13298 13338 13345 13389 13594
0785813594
AIRBORNE AUXILIARY POWER - GENERAL - UPDATE THE STANDARD AND OPTION DEFINITION FOR APU
08155 08168 08218 08257 08617 08727 08732 08737 08740 08794 08832 08896 08901 08906 08919 08937 08957 08967 09000 0904409045 09076 09079 09082 09091 09095 09109 09138 09155 09157 09326 09332 09358 09376 09415 09452 09467 09496 09567 10011 10125 10128 10143 10222 10259 10272 10275 10331 10346 10367 10375 10382 10723 10751 10854 10878 10947 10973 11037 11048 11052 11090 11103 11111 11130 11144 1114711148 11160 11163 11212 11249 11333 11353 11361 11390 11446 11464 11506 11622 11658 11704 11843 11898 11944 11976 11999 12065 12075 12077 12115 12157 12364 12410 12431 12577 12775 12786 12828 12831 12866 12914 12935 12955 12980 12993 13005 13128 13298 13338 13345 13389 13594
0815513594
PNEUMATIC - ENGINE BLEED AIR SUPPLY SYSTEM - Introduce NEO BMC SW 4.3
07858 07871 08101 08155 08168 08218 08257 08617 08727 08732 08737 08740 08794 08832 08896 08901 08906 08919 08937 08957 08967 09000 0904409045 09076 09079 09082 09091 09095 09109 09138 09155 09157 09326 09332 09358 09376 09415 09452 09467 09496 09567 10011 10125 10128 10143 10222 10259 10272 10275 10331 10346 10367 10375 10382 10723 10751 10854 10878 10947 10973 11037 11048 11052 11090 11103 11111 11130 11144 1114711148 11160 11163 11212 11249 11333 11353 11361 11390 11446 11464 11506 11622 11658 11704 11843 11898 11944 11976 11999 12065 12075 12077 12115 12157 12364 12410 12431 12577 12775 12786 12828 12831 12866 12914 12935 12955 12980 12993 13005 13128 13298 13338 13345 13389 13594
0785813594
FUEL SYSTEM - ADDITIONAL TREATMENT OF CENTRE TANK STRUCTURE AND INSTALLATION OF CENTRE TANK SYSTEM
NAVIGATION LIGHTS SYSTEM - INSTALLATION OF A SECOND NAVIGATION LIGHT SYSTEM
WING STRUCTURE-INTRODUCTION OF A WING TIP INCORPORATING A TIP FENCE FOR 72T MTOW A/C
FUEL SYSTEM-TO IMPROVE LOW LEVEL WARNING
WING-TO DELETE L/E VENTILATION SYSTEM (PICCOLO TUBE)
FUEL - TANK LEVEL SENSING - CHANGE TO LOW PRESSURE WARNING
03185 03208 03239 03257 03303 03341 03558 03567 03603 03654 0371803719 04629 04665 04695 04755 04774 04790 05604 06086 07858 07871 08101 08168 08218 08737 08832 08896 08901 08967 09045 09079 09091 09155 09332 09358 09467 10011 11037 11052 11090 11103 11111 11130 11147 11160 11163 11333 11361 11446 11506
03185 0320803257 0330303341 0355803603 03654 0371803719 04629 04665 04695 04755 04774 04790 05604 06086 0785808101 0816808218 08737 0883208901 08967 09045 09079 09091 09155 0933209358 09467 10011 11037 1105211130 11147 1116011163 11333 11361 11446 11506
LANDING GEAR-MLG-LGCIU-INTRODUCTION OF A NEW STANDARD FOR IMPROVED PROXIMITY SENSOR FAULT MONITORING FUNCTION
FLIGHT CONTROLS - GENERAL - DELETE LAF FEATURE FROM A320 DEFINITION (PRODUCTION SOLUTION)
03185 03208 03239 03257 03303 03341 03558 03567 03603 03654 0371803719 05604 06086 07858 07871 08101 08168 08218 08737 08832 08896 08901 08967 09045 09079 09091 09155 09332 09358 09467 10011 11037 11052 11090 11103 11111 11130 11147 11160 11163 11333 11361 11446 11506
03185 0320803257 0330303341 0355803603 03654 0371803719 05604 06086 0785808101 0816808218 08737 0883208901 08967 09045 09079 09091 09155 0933209358 09467 10011 11037 1105211130 11147 1116011163 11333 11361 11446 11506
FUEL - GENERAL, A321-200 (WV001) 93T CERTIFICATION OF FUEL SYSTEM (LOW PRESSURE SYSTEM) FOR THE OPERATION 0 TO 2 ACTS
03637 03673 03688 03738 05025 06009 06294 08937
03637 0367303688 03738 05025 06009 06294 08937
FUEL - MAIN FUEL PUMPS SYSTEMS - CENTRE TANK PUMPS AUTO FEED FAULT.ADAPT PUMP CONTROL LATCH FOR FLIGHT DECK REFUEL CABABILITY
03185 03208 03239 03257 03303 03341 03558 03567 03603 03654 0371803719 04629 04665 04695 04755 04774 04790 05604 06086 07858 07871 08101 08168 08218 08737 08832 08896 08901 08967 09045 09079 09091 09155 09332 09358 09467 10011 11037 11052 11090 11103 11111 11130 11147 11160 11163 11333 11361 11446 11506
03185 0320803257 0330303341 0355803603 03654 0371803719 04629 04665 04695 04755 04774 04790 05604 06086 0785808101 0816808218 08737 0883208901 08967 09045 09079 09091 09155 0933209358 09467 10011 11037 1105211130 11147 1116011163 11333 11361 11446 11506
FUEL - MANUAL MAGNETIC INDICATORS - ATTITUDE MONITOR DELETION
FUEL - QUANTITY INDICATION - INTRODUCE FUEL LEAK DETECTION ASSOCIATED WITH FQIC - 13 - 9
03185 03208 03239 03257 03303 03341 03558 03567 03603 03654 0371803719 04629 04665 04695 04755 04774 04790 05604 06086 07858 07871 08101 08168 08218 08737 08832 08896 08901 08967 09045 09079 09091 09155 09332 09358 09467 10011 11037 11052 11090 11103 11111 11130 11147 11160 11163 11333 11361 11446 11506
03185 0320803257 0330303341 0355803603 03654 0371803719 04629 04665 04695 04755 04774 04790 05604 06086 0785808101 0816808218 08737 0883208901 08967 09045 09079 09091 09155 0933209358 09467 10011 11037 1105211130 11147 1116011163 11333 11361 11446 11506
FUEL - QUANTITY INDICATION - REMOVAL OF FUEL LEAK DETECTION FUNCTION ASSOCIATED WITH THE FQIC 13 - 9
03185 03208 03239 03257 03303 03341 03558 03567 03603 03654 0371803719 04629 04665 04695 04755 04774 04790 05604 06086 07858 07871 08101 08168 08218 08737 08832 08896 08901 08967 09045 09079 09091 09155 09332 09358 09467 10011 11037 11052 11090 11103 11111 11130 11147 11160 11163 11333 11361 11446 11506
03185 0320803257 0330303341 0355803603 03654 0371803719 04629 04665 04695 04755 04774 04790 05604 06086 0785808101 0816808218 08737 0883208901 08967 09045 09079 09091 09155 0933209358 09467 10011 11037 1105211130 11147 1116011163 11333 11361 11446 11506
FUEL QUANTITY INDICATING - INTRODUCTION OF STAGE 8.0 FQIC
03637 03673 03688 03738 04643 04654 04682 04698 04706 04761 04779 04788 05025 05077 05083 05118 05154 05205 05254 05388 05450 05465 05490 05584 05633 05663 05667 05689 06009 06294 06508 06563 06599 06652 06657 06682 06709 06751 06758 06766 06781 06822 06869 06987 06990 07029 07089 07139 07146 07166 07242 07274 07299 07516 07518 08155 08257 08617 08727 08732 08740 08794 08906 08919 08937 08957 09000 09044 09076 09082 09095 09109 09138 09157 09326 09376 09415 09452 09496 09567 10125 10128 10143 10222 10259 10272 10275 10331 10346 10367 10375 10382 10723 10751 10854 10878 10947 10973 11048 11144 11148 11212 11249 11353 11390 11464 11622 11658 11704 11843 11898 11944 11976 11999 12065 12075 12077 12115 12157 12364 12410 12431 12577 12775 12786 12828 12831 12866 12914 12935 12955 12980 12993 13005 13128 13298 13338 13345 13389 13594
03637 0367303688 03738 0464304654 04682 0469804706 04761 0477904788 0502505584 0563306009 0629407518 08155 0825708732 0874008794 0890608957 0900009044 09076 09082 0909509138 0915709326 0937609452 0949609567 1012510973 11048 11144 11148 1121211249 11353 11390 11464 1162213594
WING - FIXED PARTITION - INTRODUCED A STANDARD OF BOX WITHOUT DRY BAY
03208 03239 03257 03303 03341 03558 03567 03603 03654 0371803719 04629 04665 04695 04755 04774 04790 05604 06086 07858 07871 08101 08168 08218 08737 08832 08896 08901 08967 09045 09079 09091 09155 09332 09358 09467 10011 11037 11052 11090 11103 11111 11130 11147 11160 11163 11333 11361 11446 11506
0320803257 0330303341 0355803603 03654 0371803719 04629 04665 04695 04755 04774 04790 05604 06086 0785808101 0816808218 08737 0883208901 08967 09045 09079 09091 09155 0933209358 09467 10011 11037 1105211130 11147 1116011163 11333 11361 11446 11506
WING - FIXED PARTITION - INTRODUCE A VERSION OF WING BOX WITH A DRY BAY
03208 03239 03257 03303 03341 03558 03567 03603 03654 0371803719 04629 04665 04695 04755 04774 04790 05604 06086
0320803257 0330303341 0355803603 03654 0371803719 04629 04665 04695 04755 04774 04790 05604 06086
INERT GAS SYSTEM - CERTIFICATION OF FUEL TANK INERTING SYSTEM
04629 04643 04654 04665 04682 04695 04698 04706 04755 04761 04774 04779 04788 04790 05025 05077 05083 05118 05154 05205 05254 05388 05450 05465 05490 05584 05604 05633 05663 05667 05689 06009 06086 06294 06508 06563 06599 06652 06657 06682 06709 06751 06758 06766 06781 06822 06869 06987 06990 07029 07089 07139 07146 07166 07242 07274 07299 07516 07518 07858 07871 08101 08155 08168 08218 08257 08617 08727 08732 08737 08740 08794 08832 08896 08901 08906 08919 08937 08957 08967 09000 0904409045 09076 09079 09082 09091 09095 09109 09138 09155 09157 09326 09332 09358 09376 09415 09452 09467 09496 09567 10011 10125 10128 10143 10222 10259 10272 10275 10331 10346 10367 10375 10382 10723 10751 10854 10878 10947 10973 11037 11048 11052 11090 11103 11111 11130 11144 1114711148 11160 11163 11212 11249 11333 11353 11361 11390 11446 11464 11506 11622 11658 11704 11843 11898 11944 11976 11999 12065 12075 12077 12115 12157 12364 12410 12431 12577 12775 12786 12828 12831 12866 12914 12935 12955 12980 12993 13005 13128 13298 13338 13345 13389 13594
0462913594
WING - FIXED PARTITION - INTRODUCE A STANDARD OF WING BOX WITHOUT DRY BAY ON A321 AIRCRAFT
03637 03673 03688 03738 04643 04654 04682 04698 04706 04761 04779 04788 05025 05077 05083 05118 05154 05205 05254 05388 05450 05465 05490 05584 05633 05663 05667 05689 06009 06294 06508 06563 06599 06652 06657 06682 06709 06751 06758 06766 06781 06822 06869 06987 06990 07029 07089 07139 07146 07166 07242 07274 07299 07516 07518 08155 08257 08617 08727 08732 08740 08794 08906 08919 08937 08957 09000 09044 09076 09082 09095 09109 09138 09157 09326 09376 09415 09452 09496 09567 10125 10128 10143 10222 10259 10272 10275 10331 10346 10367 10375 10382 10723 10751 10854 10878 10947 10973 11048 11144 11148 11212 11249 11353 11390 11464 11622 11658 11704 11843 11898 11944 11976 11999 12065 12075 12077 12115 12157 12364 12410 12431 12577 12775 12786 12828 12831 12866 12914 12935 12955 12980 12993 13005 13128 13298 13338 13345 13389 13594
03637 0367303688 03738 0464304654 04682 0469804706 04761 0477904788 0502505584 0563306009 0629407518 08155 0825708732 0874008794 0890608957 0900009044 09076 09082 0909509138 0915709326 0937609452 0949609567 1012510973 11048 11144 11148 1121211249 11353 11390 11464 1162213594
WING - FIXED PARTITION - INTRODUCE A VERSION OF WING BOX WITH A DRY BAY ON A321 AIRCRAFT
03637 03673 03688 03738 04643 04654 04682 04698 04706 04761 04779 04788 05025 05077 05083 05118 05154 05205 05254 05388 05450 05465 05490 05584 05633 05663 05667 05689 06009 06294 06508 06563 06599 06652 06657 06682 06709 06751 06758 06766 06781 06822 06869 06987 06990 07029 07089 07139 07146 07166 07242 07274 07299 07516 07518
03637 0367303688 03738 0464304654 04682 0469804706 04761 0477904788 0502505584 0563306009 0629407518
FUEL - QUANTITY INDICATION - INTRODUCE FUEL LEAK DETECTION FUNCTION ON A321 A/C
04643 04654 04682 04698 04706 04761 04779 04788 05025 05077 05083 05118 05154 05205 05254 05388 05450 05465 05490 05584 05633 05663 05667 05689 06009 06294 06508 06563 06599 06652 06657 06682 06709 06751 06758 06766 06781 06822 06869 06987 06990 07029 07089 07139 07146 07166 07242 07274 07299 07516 07518 08155 08257 08617 08727 08732 08740 08794 08906 08919 08937 08957 09000 09044 09076 09082 09095 09109 09138 09157 09326 09376 09415 09452 09496 09567 10125 10128 10143 10222 10259 10272 10275 10331 10346 10367 10375 10382 10723 10751 10854 10878 10947 10973 11048 11144 11148 11212 11249 11353 11390 11464 11622 11658 11704 11843 11898 11944 11976 11999 12065 12075 12077 12115 12157 12364 12410 12431 12577 12775 12786 12828 12831 12866 12914 12935 12955 12980 12993 13005 13128 13298 13338 13345 13389 13594
0464304654 04682 0469804706 04761 0477904788 0502505584 0563306009 0629407518 08155 0825708732 0874008794 0890608957 0900009044 09076 09082 0909509138 0915709326 0937609452 0949609567 1012510973 11048 11144 11148 1121211249 11353 11390 11464 1162213594
REDUCTION IN QUANTITY OF MAGNETIC LEVEL INDICATORS
04629 04643 04654 04665 04682 04695 04698 04706 04755 04761 04774 04779 04788 04790 05025 05077 05083 05118 05154 05205 05254 05388 05450 05465 05490 05584 05604 05633 05663 05667 05689 06009 06086 06294 06508 06563 06599 06652 06657 06682 06709 06751 06758 06766 06781 06822 06869 06987 06990 07029 07089 07139 07146 07166 07242 07274 07299 07516 07518 07858 07871 08101 08155 08168 08218 08257 08617 08727 08732 08737 08740 08794 08832 08896 08901 08906 08919 08937 08957 08967 09000 0904409045 09076 09079 09082 09091 09095 09109 09138 09155 09157 09326 09332 09358 09376 09415 09452 09467 09496 09567 10011 10125 10128 10143 10222 10259 10272 10275 10331 10346 10367 10375 10382 10723 10751 10854 10878 10947 10973 11037 11048 11052 11090 11103 11111 11130 11144 1114711148 11160 11163 11212 11249 11333 11353 11361 11390 11446 11464 11506 11622 11658 11704 11843 11898 11944 11976 11999 12065 12075 12077 12115 12157 12364 12410 12431 12577 12775 12786 12828 12831 12866 12914 12935 12955 12980 12993 13005 13128 13298 13338 13345 13389 13594
0462913594
FUEL - QUANTITY INDICATING - ACTIVATE FUEL LEAK DETECTION WARNING SYSTEM
05604 06086 07858 07871 08101 08168 08218 08737 08832 08896 08901 08967 09045 09079 09091 09155 09332 09358 09467 10011 11037 11052 11090 11103 11111 11130 11147 11160 11163 11333 11361 11446 11506
05604 06086 0785808101 0816808218 08737 0883208901 08967 09045 09079 09091 09155 0933209358 09467 10011 11037 1105211130 11147 1116011163 11333 11361 11446 11506
LIGHTS - NAVIGATION LIGHTS - INTRODUCE NAVIGATION LIGHTS & HARNESSES FOR SHARKLET.
03603 05450 05465 05490 05584 05604 05633 05663 05667 05689 06009 06086 06294 06508 06563 06599 06652 06657 06682 06709 06751 06758 06766 06781 06822 06869 06987 06990 07029 07089 07139 07146 07166 07242 07274 07299 07516 07518 07858 07871 08101 08155 08168 08218 08257 08617 08727 08732 08737 08740 08794 08832 08896 08901 08906 08919 08937 08957 08967 09000 0904409045 09076 09079 09082 09091 09095 09109 09138 09155 09157 09326 09332 09358 09376 09415 09452 09467 09496 09567 10011 10125 10128 10143 10222 10259 10272 10275 10331 10346 10367 10375 10382 10723 10751 10854 10878 10947 10973 11037 11048 11052 11090 11103 11111 11130 11144 1114711148 11160 11163 11212 11249 11333 11353 11361 11390 11446 11464 11506 11622 11658 11704 11843 11898 11944 11976 11999 12065 12075 12077 12115 12157 12364 12410 12431 12577 12775 12786 12828 12831 12866 12914 12935 12955 12980 12993 13005 13128 13298 13338 13345 13389 13594
03603 0545013594
WINGS - General - Define and Certify Structural Provisions for Sharklet for A320 family
05604 06086 07858 07871 08101 08168 08218 08737 08832 08896 08901 08967 09045 09079 09091 09155 09332 09358 09467 10011 11037 11052 11090 11103 11111 11130 11147 11160 11163 11333 11361 11446 11506
05604 06086 0785808101 0816808218 08737 0883208901 08967 09045 09079 09091 09155 0933209358 09467 10011 11037 1105211130 11147 1116011163 11333 11361 11446 11506
WINGS - GENERAL - Certify Sharklet Installation for A320/A319/A318
05604 06086 07858 07871 08101 08168 08218 08737 08832 08896 08901 08967 09045 09079 09091 09155 09332 09358 09467 10011 11037 11052 11090 11103 11111 11130 11147 11160 11163 11333 11361 11446 11506
05604 06086 0785808101 0816808218 08737 0883208901 08967 09045 09079 09091 09155 0933209358 09467 10011 11037 1105211130 11147 1116011163 11333 11361 11446 11506
WINGS - GENERAL - Certify Sharklet Installation for A321
05450 05465 05490 05584 05633 05663 05667 05689 06009 06294 06508 06563 06599 06652 06657 06682 06709 06751 06758 06766 06781 06822 06869 06987 06990 07029 07089 07139 07146 07166 07242 07274 07299 07516 07518 08155 08257 08617 08727 08732 08740 08794 08906 08919 08937 08957 09000 09044 09076 09082 09095 09109 09138 09157 09326 09376 09415 09452 09496 09567 10125 10128 10143 10222 10259 10272 10275 10331 10346 10367 10375 10382 10723 10751 10854 10878 10947 10973 11048 11144 11148 11212 11249 11353 11390 11464 11622 11658 11704 11843 11898 11944 11976 11999 12065 12075 12077 12115 12157 12364 12410 12431 12577 12775 12786 12828 12831 12866 12914 12935 12955 12980 12993 13005 13128 13298 13338 13345 13389 13594
0545005584 0563306009 0629407518 08155 0825708732 0874008794 0890608957 0900009044 09076 09082 0909509138 0915709326 0937609452 0949609567 1012510973 11048 11144 11148 1121211249 11353 11390 11464 1162213594
FUEL - MAIN TRANSFER SYSTEM - Introduce the A321 Centre Tank Fuel Transfer System onto A319 and A320 Single Aisle Variants
07858 07871 08101 08168 08218 08737 08832 08896 08901 08967 09045 09079 09091 09155 09332 09358 09467 10011 11037 11052 11090 11103 11111 11130 11147 11160 11163 11333 11361 11446 11506
0785808101 0816808218 08737 0883208901 08967 09045 09079 09091 09155 0933209358 09467 10011 11037 1105211130 11147 1116011163 11333 11361 11446 11506
FUEL - TANK LEVEL SENSING - ACTIVATE FUEL OVERFLOW CAUTION ON A318/A319/A320
05604 06086 07858 07871 08101 08168 08218 08737 08832 08896 08901 08967 09045 09079 09091 09155 09332 09358 09467 10011 11037 11052 11090 11103 11111 11130 11147 11160 11163 11333 11361 11446 11506
05604 06086 0785808101 0816808218 08737 0883208901 08967 09045 09079 09091 09155 0933209358 09467 10011 11037 1105211130 11147 1116011163 11333 11361 11446 11506
FUEL - QUANTITY INDICATING - INTRODUCE FQIC, MTI AND PRESELECTOR UPGRADE.
06652 06657 06682 06709 06751 06758 06766 06781 06822 06869 06987 06990 07029 07089 07139 07146 07166 07242 07274 07299 07516 07518 08155 08257 08617 08727 08732 08740 08794 08906 08919 08937 08957 09000 09044 09076 09082 09095 09109 09138 09157 09326 09376 09415 09452 09496 09567 10125 10128 10143 10222 10259 10272 10275 10331 10346 10367 10375 10382 10723 10751 10854 10878 10947 10973 11048 11144 11148 11212 11249 11353 11390 11464 11622 11658 11704 11843 11898 11944 11976 11999 12065 12075 12077 12115 12157 12364 12410 12431 12577 12775 12786 12828 12831 12866 12914 12935 12955 12980 12993 13005 13128 13298 13338 13345 13389 13594
0665207518 08155 0825708732 0874008794 0890608957 0900009044 09076 09082 0909509138 0915709326 0937609452 0949609567 1012510973 11048 11144 11148 1121211249 11353 11390 11464 1162213594
FUEL - QUANTITY INDICATING - INTRODUCE NEW FUEL QUANTITY INDICATING SYSTEM UPGRADE FOR NEO A/C
07858 07871 08101 08168 08218 08737 08832 08896 08901 08967 09045 09079 09091 09155 09332 09358 09467 10011 11037 11052 11090 11103 11111 11130 11147 11160 11163 11333 11361 11446 11506
0785808101 0816808218 08737 0883208901 08967 09045 09079 09091 09155 0933209358 09467 10011 11037 1105211130 11147 1116011163 11333 11361 11446 11506
LANDING GEAR - NORMAL BRAKING - INTRODUCE NEW BSCU SOFTWARE STANDARD (L4.10).
02823 02868 02999 03015 03126 0320703208 03257 03283 03303 03341 03350 03382 03405 03429 03525 03539 03558 03567 03603 03637 03654 03673 03688 03719 03738 04629 04643 04654 04665 04682 04695 04698 04706 04755 04761 04774 04779 04788 04790 05025 05077 05083 05118 05154 05205 05254 05388 05450 05465 05490 05584 05604 05633 05663 05667 05689 06009 06086 06294 06508 06563 06599 06652 06657 06682 06709 06751 06758 06766 06781 06822 06869 06987 06990 07029 07089 07139 07146 07166 07242 07274 07299 07516 07518 07858 07871 08101 08155 08168 08218 08257 08617 08727 08732 08737 08740 08794 08832 08896 08901 08906 08919 08937 08957 08967 09000 0904409045 09076 09079 09082 09091 09095 09109 09138 09155 09157 09326 09332 09358 09376 09415 09452 09467 09496 09567 10011 10125 10128 10143 10222 10259 10272 10275 10331 10346 10367 10375 10382 10723 10751 10854 10878 10947 10973 11037 11048 11052 11090 11103 11111 11130 11144 1114711148 11160 11163 11212 11249 11333 11353 11361 11390 11446 11464 11506 11622 11658 11704 11843 11898 11944 11976 11999 12065 12075 12077 12115 12157 12364 12410 12431 12577 12775 12786 12828 12831 12866 12914 12935 12955 12980 12993 13005 13128 13298 13338 13345 13389 13594
0282303126 0320703208 0325703688 0371913594
LANDING GEAR - NORMAL BRAKING - INTRODUCE NEW MLG BRAKE DESIGN FROM UTAS
08101 08168 08218 08737 08832 08901
08101 0816808218 08737 08832 08901
FUEL - QUANTITY INDICATING - INTRODUCE FQIC SOFTWARE DEVELOPMENT
06652 06657 06682 06709 06751 06758 06766 06781 06822 06869 06987 06990 07029 07089 07139 07146 07166 07242 07274 07299 07516 07518 08155 08257 08617 08727 08732 08740 08794 08906 08919 08937 08957 09000 09044 09076 09082 09095 09109 09138 09157 09326 09376 09415 09452 09496 09567 10125 10128 10143 10222 10259 10272 10275 10331 10346 10367 10375 10382 10723 10751 10854 10878 10947 10973 11048 11144 11148 11212 11249 11353 11390 11464 11622 11658 11704 11843 11898 11944 11976 11999 12065 12075 12077 12115 12157 12364 12410 12431 12577 12775 12786 12828 12831 12866 12914 12935 12955 12980 12993 13005 13128 13298 13338 13345 13389 13594
0665207518 08155 0825708732 0874008794 0890608957 0900009044 09076 09082 0909509138 0915709326 0937609452 0949609567 1012510973 11048 11144 11148 1121211249 11353 11390 11464 1162213594
LANDING GEAR - NORMAL BRAKING - MODIFY AUTOBRAKE LOW MODE SETTINGS
02823 02868 02999 03015 03126 03207 03283 03350 03382 03405 03429 03525 03539 03637 03673 03688 03738 04643 04654 04682 04698 04706 04761 04779 04788 05025 05077 05083 05118 05154 05205 05254 05388 05450 05465 05490 05584 05633 05663 05667 05689 06009 06294 06508 06563 06599 06652 06657 06682 06709 06751 06758 06766 06781 06822 06869 06987 06990 07029 07089 07139 07146 07166 07242 07274 07299 07516 07518 08155 08257 08617 08727 08732 08740 08794 08906 08919 08937 08957 09000 09044 09076 09082 09095 09109 09138 09157 09326 09376 09415 09452 09496 09567 10125 10128 10143 10222 10259 10272 10275 10331 10346 10367 10375 10382 10723 10751 10854 10878 10947 10973 11048 11144 11148 11212 11249 11353 11390 11464 11622 11658 11704 11843 11898 11944 11976 11999 12065 12075 12077 12115 12157 12364 12410 12431 12577 12775 12786 12828 12831 12866 12914 12935 12955 12980 12993 13005 13128 13298 13338 13345 13389 13594
0282303126 03207 03283 0335003539 03637 0367303688 03738 0464304654 04682 0469804706 04761 0477904788 0502505584 0563306009 0629407518 08155 0825708732 0874008794 0890608957 0900009044 09076 09082 0909509138 0915709326 0937609452 0949609567 1012510973 11048 11144 11148 1121211249 11353 11390 11464 1162213594
FUEL - FUEL RECIRCULATION - COOLING - ESTABLISH MISSING GRND CONNECTION TO INHIBIT RECIRCULATION DURING GRAVITY FEED
07858 07871 08101 08168 08218 08737 08832 08896 08901 08967 09045 09079 09091 09155 09332 09358 09467 10011 11037 11052 11090 11103 11111 11130 11147 11160 11163 11333 11361 11446 11506
0785808101 0816808218 08737 0883208901 08967 09045 09079 09091 09155 0933209358 09467 10011 11037 1105211130 11147 1116011163 11333 11361 11446 11506
FUEL - TANKS - INTRO FULL ELEC SYS PROVSN FOR ACT1, 2 & 4.1 & FLUID MECH SYS PROVSN for ACT1 ON A321 ACF
10973 11144 11249
10973 11144 11249
FUEL - TANKS - INTRODUCE FLUID MECH SYS PROVISIONS FOR ACT2 ON A321 ACF
10973 11144 11249
10973 11144 11249
FUEL - QUANTITY INDICATING - Update Software FQIC (-0203)
07858 07871 08101 08155 08168 08218 08257 08617 08727 08732 08737 08740 08794 08832 08896 08901 08906 08919 08937 08957 08967 09000 0904409045 09076 09079 09082 09091 09095 09109 09138 09155 09157 09326 09332 09358 09376 09415 09452 09467 09496 09567 10011 10125 10128 10143 10222 10259 10272 10275 10331 10346 10367 10375 10382 10723 10751 10854 10878 10947 10973 11037 11048 11052 11090 11103 11111 11130 11144 1114711148 11160 11163 11212 11249 11333 11353 11361 11390 11446 11464 11506 11622 11658 11704 11843 11898 11944 11976 11999 12065 12075 12077 12115 12157 12364 12410 12431 12577 12775 12786 12828 12831 12866 12914 12935 12955 12980 12993 13005 13128 13298 13338 13345 13389 13594
0785813594
LANDING GEAR - WHEELS AND BRAKES - Install SepCarb IV carbon with OPS Anoxy 360 (Long Life)
08896 08967 09045 09079 09091 09155 09332 09358 09467 10011 11037 11052 11090 11103 11111 11130 11147 11160 11163 11333 11361 11446 11506
08896 08967 09045 09079 09091 09155 0933209358 09467 10011 11037 1105211130 11147 1116011163 11333 11361 11446 11506
CERTIFICATION DOCUMENTS - GENERAL - CERTIFY UP TO 3 ACTS ON A321NX
10973 11144 11249
10973 11144 11249
FUEL - MAIN TRANSFER SYSTEM - INTRODUCE GUARDED MODE SELECTOR SWITCH
12786 12828 12831 12866 12914 12935 12955 12980 12993 13005 13128 13298 13338 13345 13389 13594
1278613594
INSTALLATION OF ADDITIONAL CARGO DOOR (BULK DOOR)
02823 02868 02999 03015 03126 03185 0320703208 03239 03257 03283 03303 03341 03350 03382 03405 03429 03525 03539 03558 03567 03603 03637 03654 03673 03688 0371803719 03738 04643 04654 04682 04698 04706 04761 04779 04788 05025 05077 05083 05118 05154 05205 05254 05388 05450 05465 05490 05584 05604 05633 05663 05667 05689 06009 06086 06294 06508 06563 06599 06652 06657 06682 06709 06751 06758 06766 06781 06822 06869 06987 06990 07029 07089 07139 07146 07166 07242 07274 07299 07516 07518 07858 07871 08101 08155 08168 08218 08257 08617 08727 08732 08737 08740 08794 08832 08896 08901 08906 08919 08937 08957 08967 09000 0904409045 09076 09079 09082 09091 09095 09109 09138 09155 09157 09326 09332 09358 09376 09415 09452 09467 09496 09567 10011 10125 10128 10143 10222 10259 10272 10275 10331 10346 10367 10375 10382 10723 10751 10854 10878 10947 10973 11037 11048 11052 11090 11103 11111 11130 11144 1114711148 11160 11163 11212 11249 11333 11353 11361 11390 11446 11464 11506 11622 11658 11704 11843 11898 11944 11976 11999 12065 12075 12077 12115 12157 12364 12410 12431 12577 12775 12786 12828 12831 12866 12914 12935 12955 12980 12993 13005 13128 13298 13338 13345 13389 13594
0282303738 0464304654 04682 0469804706 04761 0477904788 0502513594
LIGHTS - LOGOLIGHTS - INSTALLATION OF LOGOLIGHTS SYSTEM
FIRE PROTECTION - FWD LOWER HOLD - INSTALLATION OF SMOKE DETECTION SYSTEM
FIRE PROTECTION - AFT LOWER HOLD - INSTALLATION OF SMOKE DETECTION SYSTEM
FIRE PROTECTION - FWD AND AFT LOWER HOLD INSTALLATION OF A SINGLE SHOT FIRE EXTINGUISHING SYSTEM
INSTALLATION OF AN AIDS
LIGHTS - INSTALLATION OF STROBE LIGHTS SYNCHRONISED MODE
AIR CONDITIONING - VENTILATION SYSTEM FOR FWD CARGO COMPARTMENT
06009 06294 10973 11144 11249 11658
06009 06294 10973 11144 11249 11658
AIR CONDITIONING - HEATING SYSTEM FOR FWD CARGO COMPARTMENT
06009 06294 10973 11144 11249 11658
06009 06294 10973 11144 11249 11658
AIR CONDITIONING - VENTILATION SYSTEM FOR AFT CARGO COMPARTMENT
02823 02868 02999 03015 03126 03185 0320703208 03239 03257 03283 03303 03341 03350 03405 03429 03525 03539 03558 03567 03603 03654 0371803719 04629 04643 04654 04665 04682 04695 04698 04706 04755 04761 04774 04779 04788 04790 05025 05077 05083 05118 05154 05205 05254 05388 05450 05465 05490 05584 05633 05663 05667 05689 06508 06563 06599 06652 06657 06682 06709 06751 06758 06766 06781 06822 06869 06987 06990 07029 07089 07139 07146 07166 07242 07274 07299 07516 07518 08155 08257 08617 08727 08732 08740 08794 08919 08957 09000 09044 09076 09082 09095 09109 09138 09157 09326 09376 09415 09452 09496 09567 10125 10143 10222 10259 10346 10367 10375 10382 10723 10751 10854 10878 10947 11037 11048 11090 11103 1114711148 11212 11353 11464 11622 11704 11843 11898 11944 11976 11999 12065 12075 12077 12115 12157 12364 12410 12431 12577 12775 12786 12828 12831 12866 12914 12935 12955 12980 12993 13005 13128 13298 13338 13345 13389 13594
0282303350 0340503603 03654 0371803719 0462905584 0563305689 0650807518 08155 0825708732 0874008794 08919 08957 0900009044 09076 09082 0909509138 0915709326 0937609452 0949609567 10125 1014310259 1034610947 1103711048 1109011103 1114711148 11212 11353 11464 11622 1170413594
AIR CONDITIONING - HEATING SYSTEM FOR AFT CARGO COMPARTMENT -
02823 02868 02999 03015 03126 03185 0320703208 03239 03257 03283 03303 03341 03350 03405 03429 03525 03539 03558 03567 03603 03654 0371803719 04629 04643 04654 04665 04682 04695 04698 04706 04755 04761 04774 04779 04788 04790 05025 05077 05083 05118 05154 05205 05254 05388 05450 05465 05490 05584 05633 05663 05667 05689 06508 06563 06599 06652 06657 06682 06709 06751 06758 06766 06781 06822 06869 06987 06990 07029 07089 07139 07146 07166 07242 07274 07299 07516 07518 08155 08257 08617 08727 08732 08740 08794 08919 08957 09000 09044 09076 09082 09095 09109 09138 09157 09326 09376 09415 09452 09496 09567 10125 10143 10222 10259 10346 10367 10375 10382 10723 10751 10854 10878 10947 11037 11048 11090 11103 1114711148 11212 11353 11464 11622 11704 11843 11898 11944 11976 11999 12065 12075 12077 12115 12157 12364 12410 12431 12577 12775 12786 12828 12831 12866 12914 12935 12955 12980 12993 13005 13128 13298 13338 13345 13389 13594
0282303350 0340503603 03654 0371803719 0462905584 0563305689 0650807518 08155 0825708732 0874008794 08919 08957 0900009044 09076 09082 0909509138 0915709326 0937609452 0949609567 10125 1014310259 1034610947 1103711048 1109011103 1114711148 11212 11353 11464 11622 1170413594
WATER WASTE-INSTALL VACUUM TOILET SYSTEM
AIRBORNE AUXILIARY POWER - CONTROL AND MONITORING INTRODUCE SOFTWARE VERSION 06.00.000
02823 02868 02999 03015 03126 03185 0320703208 03239 03257 03283 03303 03341 03350 03382 03405 03429 03525 03539 03558 03567 03603 03637 03654 03673 03688 0371803719 03738 04629 04643 04654 04665 04682 04695 04698 04706 04755 04761 04774 04779 04788 04790 05025 05077 05083 05118 05154 05205 05254 05388 05450 05465 05490 05584 05604 05633 05663 05667 05689 06009 06086 06294 06508 06563 06599 06652 06657 06682 06709 06751 06758 06766 06781 06822 06869 06987 06990 07029 07089 07139 07146 07166 07242 07274 07299 07516 07518 07858 07871 08101 08906 08919 08937 08957 08967 09000 0904409045 09076 09079 09082 09091 09095 09109 09138 09155 09157 09326 09332 09358 09376 09415 09452 09467 09496 09567 10011 10125 10128 10143 10222 10259 10272 10275 10331 10346 10367 10375 10382 10723 10751 10854 10878 10947 10973 11037 11048 11052 11090 11103 11111 11130 11144 1114711148 11160 11163 11212 11249 11333 11353 11361 11390 11446 11464 11506 11622 11658 11704 11843 11898 11944 11976 11999 12065 12075 12077 12115 12157 12364 12410 12431 12577 12775 12786 12828 12831 12866 12914 12935 12955 12980 12993 13005 13128 13298 13338 13345 13389 13594
0282308101 0890613594
EQUIPMENT/FURNISHINGS - CURTAINS AND PARTITIONS INTRODUCE IMPROVED STRIKES FOR COCKPIT DOOR
WATER/WASTE-RELOCATION OF POT.WATER TANK FROM SECTION 18 TO SECTION 15 AND REDESIGN OF POT.WATERSYSTEM
03185 03208 03239 03257 03303 03341 03558 03567 03603 03654 0371803719 04629 04665 04695 04755 04774 04790 05604 06086 07858 07871 08101 08168 08218 08737 08832 08896 08901 08967 09045 09079 09091 09155 09332 09358 09467 10011 11037 11052 11090 11103 11111 11130 11147 11160 11163 11333 11361 11446 11506
03185 0320803257 0330303341 0355803603 03654 0371803719 04629 04665 04695 04755 04774 04790 05604 06086 0785808101 0816808218 08737 0883208901 08967 09045 09079 09091 09155 0933209358 09467 10011 11037 1105211130 11147 1116011163 11333 11361 11446 11506
EQUIPMENT/FURNISHING - MISC.EMERGENCY EQUIPMENT - INSTALL ELT (406AF) WITH PROG. DONGLE AND RCP IN COCKPIT - THALES
02823 02868 02999 03015 03126 03185 0320703208 03239 03257 03283 03303 03341 03350 03382 03405 03429 03525 03539 03558 03567 03603 03637 03654 03673 03688 0371803719 03738 05025
0282303738 05025
LIGHTS - EMERGENCY LIGHTING - DEFINE FLOOR MOUNTED LUFTHANSA TECHNIK 900 SERIES EEPMS
02823 02868 02999 03015 03126 03185 0320703208 03239 03257 03283 03303 03341 03350 03405 03429 03525 03539 03558 03567 03603 03654 0371803719 04629 04643 04654 04665 04682 04695 04698 04706 04755 04761 04774 04779 04788 04790 05025 05077 05083 05118 05154 05205 05254 05388 05450 05465 05490 05584 05604 05633 05663 05667 05689 06009 06086 06294
0282303350 0340503603 03654 0371803719 0462906294
AIR CONDITIONING - AIR COOLING SYSTEM INTRODUCE MODIFIED AIR CONDITIONING PACK P/N 1802A0000-03(AIV DELETION) FOR A318/A319
04629 04665 04695 04755 04774 04790
04629 04665 04695 04755 04774 04790
AIRBORNE AUXILIARY POWER - CHANGE STANDARD APU HONEYWELL GTCP36-300 TO APIC APS3200
02823 02868 02999 03015 03126 03185 0320703208 03239 03257 03283 03303 03341 03350 03382 03405 03429 03525 03539 03558 03567 03603 03637 03654 03673 03688 0371803719 03738 04629 04643 04654 04665 04682 04695 04698 04706 04755 04761 04774 04779 04788 04790 05025 05077 05083 05118 05154 05205 05254 05388 05450 05465 05490 05584 05604 05633 05663 05667 05689 06009 06086 06294 06508 06563 06599 06652 06657 06682 06709 06751 06758 06766 06781 06822 06869 06987 06990 07029 07089 07139 07146 07166 07242 07274 07299 07516 07518 07858 07871 08101 08906 08919 08937 08957 08967 09000 0904409045 09076 09079 09082 09091 09095 09109 09138 09155 09157 09326 09332 09358 09376 09415 09452 09467 09496 09567 10011 10125 10128 10143 10222 10259 10272 10275 10331 10346 10367 10375 10382 10723 10751 10854 10878 10947 10973 11037 11048 11052 11090 11103 11111 11130 11144 1114711148 11160 11163 11212 11249 11333 11353 11361 11390 11446 11464 11506 11622 11658 11704 11843 11898 11944 11976 11999 12065 12075 12077 12115 12157 12364 12410 12431 12577 12775 12786 12828 12831 12866 12914 12935 12955 12980 12993 13005 13128 13298 13338 13345 13389 13594
0282308101 0890613594
AIRBORNE AUXILIARY POWER - CONTROL AND MONITORING INTRODUCE HONEYWELL VECB WITH SOFTWARE -04
03382 03637 03673 03688 03738 05025 05604 06009 06086 06294 07858 07871 08101 08155 08168 08218 08257 08617 08727 08732 08737 08740 08794 08832 08896 08901 08906 08919 08937 08957 08967 09000 0904409045 09076 09079 09082 09091 09095 09109 09138 09155 09157 09326 09332 09358 09376 09415 09452 09467 09496 09567 10011 10125 10128 10143 10222 10259 10272 10275 10331 10346 10367 10375 10382 10723 10751 10854 10878 10947 10973 11037 11048 11052 11090 11103 11111 11130 11144 1114711148 11160 11163 11212 11249 11333 11353 11361 11390 11446 11464 11506 11622 11658 11704 11843 11898 11944 11976 11999 12065 12075 12077 12115 12157 12364 12410 12431 12577 12775 12786 12828 12831 12866 12914 12935 12955 12980 12993 13005 13128 13298 13338 13345 13389 13594
03382 03637 0367303688 03738 05025 05604 0600906294 0785813594
FIRE PROTECTION - CARGO COMPARTMENT FIRE EXTINGUISHING - INSTALL 2ND FIRE EX BOTTLE FOR ETOPS 120/180 ON A320
07858 07871 11037 11090 11103 11147
0785807871 11037 1109011103 11147
COMMUNICATION - ANTI HIJACK CAMERA MONITORING - INSTALL COCKPIT DOOR SURVEILLANCE SYSTEM DISPLAYEDON SD
03382 04629 04643 04654 04665 04682 04695 04698 04706 04755 04761 04774 04779 04788 04790 05077 05083 05118 05154 05205 05254 05388 05450 05465 05490 05584 05633 05663 05667 05689 06009 06294 06508 06563 06599 06652 06657 06682 06709 06751 06758 06766 06781 06822 06869 06987 06990 07029 07089 07139 07146 07166 07242 07274 07299 07516 07518 08155 08257 08617 08727 08732 08740 08794 08919 08957 09000 09044 09076 09082 09095 09109 09138 09157 09326 09376 09415 09452 09496 09567 10125 10143 10222 10259 10346 10367 10375 10382 10723 10751 10854 10878 10947 10973 11037 11048 11090 11103 11144 1114711148 11212 11249 11353 11390 11464 11622 11658 11704 11843 11898 11944 11976 11999 12065 12075 12077 12115 12157 12364 12410 12431 12577 12775 12786 12828 12831 12866 12914 12935 12955 12980 12993 13005 13128 13298 13338 13345 13389 13594
03382 0462904790 0507705584 0563306009 0629407518 08155 0825708732 0874008794 08919 08957 0900009044 09076 09082 0909509138 0915709326 0937609452 0949609567 10125 1014310259 1034611048 1109011103 1114411148 1121211249 11353 11390 11464 1162213594
GENERAL - DESIGN WEIGHTS-OPERATE A320 WITH DUAL OPERATIONAL WEIGHTS-MTOW 73.5T/71.5T; MLW 64.5T; MZFW 61.0T - WV 008/013
05604 06086
05604 06086
INDICATING/RECORDING SYSTEMS - DFDR INTER- CONNECTION - INSTALL FULL PROVISIONS FOR WGL QAR (ARINC 600 / 256W/S)
06009 06294
06009 06294
EQUIPMENT/FURNISHINGS-MISCELLANEOUS EMERGENCY EQUIPMENT-INSTALLATION OF ELT(406AFN) WITH RCP IN COCKPIT AND NAV PROVISIONS-HONEYWELL
05604 06086 08101 08168 08218 08737 08832 08896 08901 08967 09045 09079 09091
05604 06086 08101 0816808218 08737 0883208901 08967 09045 09079 09091
COMMUNICATIONS - ANTI HIJACK CAMERA MONITORING - REPLACE HINGE FOR CDSS CONTROLLER/MONITOR
03603 03637 03654 03673 03688 0371803719 03738 05025 05604 06086 07858 07871 08101 08168 08218 08737 08832 08896 08901 08906 08937 08967 09045 09079 09091 09155 09332 09358 09467 10011 10128 10272 10275 10331 11052 11111 11130 11160 11163 11333 11361 11446 11506
0360303738 05025 05604 06086 0785808101 0816808218 08737 0883208906 08937 08967 09045 09079 09091 09155 0933209358 09467 10011 10128 1027210331 11052 1111111130 1116011163 11333 11361 11446 11506
COMMUNICATIONS-CIDS-INTRODUCE HANDSET SERIES N40A FROM VENDOR HOLMBERG
04629 04643 04654 04665 04682 04695 04698 04706 04755 04761 04774 04779 04788 04790 05025 05077 05083 05118 05154 05205 05254 05388 05450 05465 05490 05584 05604 05633 05663 05667 05689 06009 06086 06294 06508 06563 06599 06652 06657 06682 06709 06751 06758 06766 06781 06822 06869 06987 06990 07029 07089 07139 07146 07166 07242 07274 07299 07516 07518 07858 07871 08101 08155 08168 08218 08257 08617 08727 08732 08737 08740 08794 08832 08896 08901 08906 08919 08937 08957 08967 09000 0904409045 09076 09079 09082 09091 09095 09109 09138 09155 09157 09326 09332 09358 09376 09415 09452 09467 09496 09567 10011 10125 10128 10143 10222 10259 10272 10275 10331 10346 10367 10375 10382 10723 10751 10854 10878 10947 10973 11037 11048 11052 11090 11103 11111 11130 11144 1114711148 11160 11163 11212 11249 11333 11353 11361 11390 11446 11464 11506 11622 11658 11704 11843 11898 11944 11976 11999 12065 12075 12077 12115 12157 12364 12410 12431 12577 12775 12786 12828 12831 12866 12914 12935 12955 12980 12993 13005 13128 13298 13338 13345 13389 13594
0462913594
EQUIPMENT/FURNISHING-MISC. EMERGENCY EQUIPMENT-REPLACE REMOTE CONTROL PANEL RC500 BY RC800 - THALES
05025
05025
OXYGEN - CONTROL AND INDICATING - ADAPT PASS INFO RELAY, RELAY SOCKET AND WIRINGS FOR CHEMICAL OXYGEN SYSTEM
05604 06009 06086 06294 06508 06563 06599 06652 06657 06682 06709 06751 06758 06766 06781 06822 06869 06987 06990 07029 07089 07139 07146 07166 07242 07274 07299 07516 07518 07858 07871 08101 08155 08168 08218 08257 08617 08727 08732 08737 08740 08794 08832 08896 08901 08906 08919 08937 08957 08967 09000 0904409045 09076 09079 09082 09091 09095 09109 09138 09155 09157 09326 09332 09358 09376 09415 09452 09467 09496 09567 10011 10125 10128 10143 10222 10259 10272 10275 10331 10346 10367 10375 10382 10723 10751 10854 10878 10947 10973 11037 11048 11052 11090 11103 11111 11130 11144 1114711148 11160 11163 11212 11249 11333 11353 11361 11390 11446 11464 11506 11622 11658 11704 11843 11898 11944 11976 11999 12065 12075 12077 12115 12157 12364 12410 12431 12577 12775 12786 12828 12831 12866 12914 12935 12955 12980 12993 13005 13128 13298 13338 13345 13389 13594
05604 0600913594
OXYGEN - PASSENGER OXYGEN - INTRODUCE OPTIONAL CHEMICAL OXYGEN HYBRID CONTAINER 22 MIN (DAE SYSTEMS)
05025
05025
DOORS-FWD/AFT CARGO DOOR-INTRODUCTION OF LOCKING INDICATION
Lights - Anti-Collision/Strobe Lighting - Define and Install Wing Strobe Lights and Power Supply Units for Sharklets
03603 05450 05465 05490 05584 05604 05633 05663 05667 05689 06009 06086 06294 06508 06563 06599 06652 06657 06682 06709 06751 06758 06766 06781 06822 06869 06987 06990 07029 07089 07139 07146 07166 07242 07274 07299 07516 07518 07858 07871 08101 08155 08168 08218 08257 08617 08727 08732 08737 08740 08794 08832 08896 08901 08906 08919 08937 08957 08967 09000 0904409045 09076 09079 09082 09091 09095 09109 09138 09155 09157 09326 09332 09358 09376 09415 09452 09467 09496 09567 10011 10125 10128 10143 10222 10259 10272 10275 10331 10346 10367 10375 10382 10723 10751 10854 10878 10947 10973 11037 11048 11052 11090 11103 11111 11130 11144 1114711148 11160 11163 11212 11249 11333 11353 11361 11390 11446 11464 11506 11622 11658 11704 11843 11898 11944 11976 11999 12065 12075 12077 12115 12157 12364 12410 12431 12577 12775 12786 12828 12831 12866 12914 12935 12955 12980 12993 13005 13128 13298 13338 13345 13389 13594
03603 0545013594
DOORS - PASSENGER COMPARTMENT FIXED INTERIOR DOORS - INTRODUCE IMPROVED KEYPAD FOR COCKPIT DOOR LOCKING SYSTEM
05205 05254 05388 05450 05465 05490 05584 05604 05633 05663 05667 05689 06009 06086 06294 06508 06563 06599 06652 06657 06682 06709 06751 06758 06766 06781 06822 06869 06987 06990 07029 07089 07139 07146 07166 07242 07274 07299 07516 07518 07858 07871 08101 08155 08168 08218 08257 08617 08727 08732 08737 08740 08794 08832 08896 08901 08906 08919 08937 08957 08967 09000 0904409045 09076 09079 09082 09091 09095 09109 09138 09155 09157 09326 09332 09358 09376 09415 09452 09467 09496 09567 10011 10125 10128 10143 10222 10259 10272 10275 10331 10346 10367 10375 10382 10723 10751 10854 10878 10947 10973 11037 11048 11052 11090 11103 11111 11130 11144 1114711148 11160 11163 11212 11249 11333 11353 11361 11390 11446 11464 11506 11622 11658 11704 11843 11898 11944 11976 11999 12065 12075 12077 12115 12157 12364 12410 12431 12577 12775 12786 12828 12831 12866 12914 12935 12955 12980 12993 13005 13128 13298 13338 13345 13389 13594
0520513594
AIR CONDITIONING - AVIONICS EQUIPMENT VENTILATION - Introduce Avionics Comfort Duct Temperature Sensor (FIN 34HQ)
05604 06009 06086 06294 06508 06563 06599 06652 06657 06682 06709 06751 06758 06766 06781 06822 06869 06987 06990 07029 07089 07139 07146 07166 07242 07274 07299 07516 07518 07858 07871 08101 08155 08168 08218 08257 08617 08727 08732 08737 08740 08794 08832 08896 08901 08906 08919 08937 08957 08967 09000 0904409045 09076 09079 09082 09091 09095 09109 09138 09155 09157 09326 09332 09358 09376 09415 09452 09467 09496 09567 10011 10125 10128 10143 10222 10259 10272 10275 10331 10346 10367 10375 10382 10723 10751 10854 10878 10947 10973 11037 11048 11052 11090 11103 11111 11130 11144 1114711148 11160 11163 11212 11249 11333 11353 11361 11390 11446 11464 11506 11622 11658 11704 11843 11898 11944 11976 11999 12065 12075 12077 12115 12157 12364 12410 12431 12577 12775 12786 12828 12831 12866 12914 12935 12955 12980 12993 13005 13128 13298 13338 13345 13389 13594
05604 0600913594
OXYGEN - PASSENGER OXYGEN - DEFINE 22 MIN CHEMICAL OXYGEN CONTAINER WITH ALUMINIUM HOUSING (B/E AEROSPACE SYST.)
09358 11052 11111 11130 11160 11163 11333 11361 11446
09358 11052 1111111130 1116011163 11333 11361 11446
Oxygen - Passenger Oxygen - Define unregulated decentralized gaseous Type II container (15min) in lavatories
10973 11144 11249 11390 11658
10973 11144 11249 11390 11658
Oxygen - Passenger Oxygen - Define unregulated decentralized gaseous Type II container (22min) in lavatories
07858 07871 09332 09358 09467 10011 11052 11111 11130 11160 11163 11333 11361 11446 11506
0785807871 0933209358 09467 10011 11052 1111111130 1116011163 11333 11361 11446 11506
ETOPS-FIRE PROTECTION-INSTALL A FLOW METERING SYSTEM FOR FIRE EXTINGUISHING IN CARGO COMP.
03637 03673 03688 03738 05025 06009 06294 10973 11144 11249 11390 11658 11704 11843 11898 11944 11976 11999 12065 12075 12077 12115 12157 12364 12410 12431 12577 12775 12786 12828 12831 12866 12914 12935 12955 12980 12993 13005 13128 13298 13338 13345 13389 13594
03637 0367303688 03738 05025 06009 06294 10973 11144 11249 11390 1165813594
OXYGEN - CREW OXYGEN - INTRODUCE COCKPIT OXYGEN SEGREGATION FOR NEO A/C
07858 07871 08101 08155 08168 08218 08257 08617 08727 08732 08737 08740 08794 08832 08896 08901 08906 08919 08937 08957 08967 09000 0904409045 09076 09079 09082 09091 09095 09109 09138 09155 09157 09326 09332 09358 09376 09415 09452 09467 09496 09567 10011 10125 10128 10143 10222 10259 10272 10275 10331 10346 10367 10375 10382 10723 10751 10854 10878 10947 10973 11037 11048 11052 11090 11103 11111 11130 11144 1114711148 11160 11163 11212 11249 11333 11353 11361 11390 11446 11464 11506 11622 11658 11704 11843 11898 11944 11976 11999 12065 12075 12077 12115 12157 12364 12410 12431 12577 12775 12786 12828 12831 12866 12914 12935 12955 12980 12993 13005 13128 13298 13338 13345 13389 13594
0785813594
EQUIPMENT/FURNISHINGS-MISCELLANEOUS EMERGENCY EQUIPMENT-INSTALL ELT (406 AF INTEGRA) WITH PROG. DONGLE AND RCP in COCKPIT - THALES
06009 06294 07858 07871 08906 08937 09332 09358 09467 10011 10128 10272 10275 10331 11052 11111 11130 11160 11163 11333 11361 11446 11506
06009 06294 0785807871 08906 08937 0933209358 09467 10011 10128 1027210331 11052 1111111130 1116011163 11333 11361 11446 11506
Lights - Cabin Emergency Lighting Define Floor Mounted EEPMS Lufthansa Technik 1000 Series
06508 06563 06599 06652 06657 06682 06709 06751 06758 06766 06781 06822 06869 06987 06990 07029 07089 07139 07146 07166 07242 07274 07299 07516 07518 07858 07871 08101 08155 08168 08218 08257 08617 08727 08732 08737 08740 08794 08832 08896 08901 08906 08919 08937 08957 08967 09000 0904409045 09076 09079 09082 09091 09095 09109 09138 09155 09157 09326 09332 09358 09376 09415 09452 09467 09496 09567 10011 10125 10128 10143 10222 10259 10272 10275 10331 10346 10367 10375 10382 10723 10751 10854 10878 10947 10973 11037 11048 11052 11090 11103 11111 11130 11144 1114711148 11160 11163 11212 11249 11333 11353 11361 11390 11446 11464 11506 11622 11658 11704 11843 11898 11944 11976 11999 12065 12075 12077 12115 12157 12364 12410 12431 12577 12775 12786 12828 12831 12866 12914 12935 12955 12980 12993 13005 13128 13298 13338 13345 13389 13594
0650813594
GENERAL - DESIGN WEIGHT - INTRODUCE WV050 (MTOW 73,5T, MLW 66,3T AND MZFW 62,8T) FOR A320 NEO
07858 07871 08101 08168 08218 08737 08832 08896 08901 08967 09045 09079 09091 09155 09332 09358 09467 10011 11037 11052 11090 11103 11111 11130 11147 11160 11163 11333 11361 11446 11506
0785808101 0816808218 08737 0883208901 08967 09045 09079 09091 09155 0933209358 09467 10011 11037 1105211130 11147 1116011163 11333 11361 11446 11506
GENERAL - DESIGN WEIGHT - INTRODUCE WV055 (MTOW 79T, MLW 67,4T AND MZFW 64,3T) FOR A320 NEO
08101 08168 08218 08737 08832 08896 08901 08967 09045 09079 09091 09155 11037
08101 0816808218 08737 0883208901 08967 09045 09079 09091 09155 11037
GENERAL - DESIGN WEIGHT - INTRODUCE WV054 (MTOW 79T, MLW 66,3T AND MZFW 62,8T) FOR A320 NEO
07858 07871 09332 09358 09467 10011 11052 11111 11130 11160 11163 11333 11361 11446 11506
0785807871 0933209358 09467 10011 11052 1111111130 1116011163 11333 11361 11446 11506
GENERAL - DESIGN WEIGHT - INTRODUCE WV053 (MTOW 77T, MLW 67,4T AND MZFW 64,3T) FOR A320 NEO
11090 11103 11147
1109011103 11147
AIR CONDITIONING - FLOW CONTROL AND INDICATING - Install A320 pack flow selector with three positions on A321
08155 08257 08617 08727 08732 08740 08794 08906 08919 08937 08957 09000 09044 09076 09082 09095 09109 09138 09157 09326 09376 09415 09452 09496 09567 10125 10128 10143 10222 10259 10272 10275 10331 10346 10367 10375 10382 10723 10751 10854 10878 10947 10973 11048 11144 11148 11212 11249 11353 11390 11464 11622 11658 11704 11843 11898 11944 11976 11999 12065 12075 12077 12115 12157 12364 12410 12431 12577 12775 12786 12828 12831 12866 12914 12935 12955 12980 12993 13005 13128 13298 13338 13345 13389 13594
08155 0825708732 0874008794 0890608957 0900009044 09076 09082 0909509138 0915709326 0937609452 0949609567 1012510973 11048 11144 11148 1121211249 11353 11390 11464 1162213594
AIR CONDITIONING SYSTEM POWER SUPPLY - MODIFY POWER TO FLOW CONTROL VALVE
GENERAL - DESIGN WEIGHT - INTRODUCE WV050 (MTOW 89T, MLW 77,3T AND MZFW 73,3T) FOR A321 NEO
08155 08257 08617 08727 08732 08740 08794 08906 08919 08937 08957 09000 09044 09076 09082 09095 09109 09138 09157 09326 09376 09415 09452 09496 09567 10125 10128 10143 10222 10259 10272 10275 10331 10346 10367 10375 10382 10723 10751 10854 10878 10947 10973 11048 11144 11148 11212 11249 11353 11390 11464 11622 11658 11704 11843 11898 11944 11976 11999 12065 12075 12077 12115 12157 12364 12410 12431 12577 12775 12786 12828 12831 12866 12914 12935 12955 12980 12993 13005 13128 13298 13338 13345 13389 13594
08155 0825708732 0874008794 0890608957 0900009044 09076 09082 0909509138 0915709326 0937609452 0949609567 1012510973 11048 11144 11148 1121211249 11353 11390 11464 1162213594
GENERAL - DESIGN WEIGHT - INTRODUCE WV051 (MTOW 89T, MLW 79,2T AND MZFW 75,6T) FOR A321 NEO
08155 08257 08617 08727 08732 08740 08794 08919 08957 09000 09044 09076 09082 09095 09109 09138 09157 09326 09376 09415 09452 09496 09567 10125 10128 10143 10222 10259 10272 10275 10331 10346 10367 10375 10382 10723 10751 10854 10878 10947 11048 11148 11212 11353 11464 11622 11704 11843 11898 11944 11976 11999 12065 12075 12077 12115 12157 12364 12410 12431 12577 12775 12786 12828 12831 12866 12914 12935 12955 12980 12993 13005 13128 13298 13338 13345 13389 13594
08155 0825708732 0874008794 08919 08957 0900009044 09076 09082 0909509138 0915709326 0937609452 0949609567 1012510947 11048 11148 11212 11353 11464 11622 1170413594
GENERAL - DESIGN WEIGHT - INTRODUCE WV053 (MTOW 93.5T, MLW 79.2T AND MZFW 75.6T) FOR A321 NEO
08937 10973 11144 11249 11390 11658
08937 10973 11144 11249 11390 11658
AIR CONDITIONING - PACK TEMPERATURE CONTROL - Introduce improved Air Conditioning System Controller
02823 02868 02999 03126 03185 0320703208 03239 03257 03283 03303 03341 03350 03382 03405 03429 03525 03539 03558 03637 03654 03673 03688 0371803719 04643 04665 04682 04695 04698 04706 04755 04774 04788 05077 05083 05154 05205 05254 05388 05465 05584 05633 05663 05667 05689 06508 06599 06652 06657 06682 06751 06758 06766 06781 06822 06987 06990 07029 07166 07274 07518 07858 07871 08101 08155 08168 08218 08257 08617 08727 08732 08737 08740 08794 08832 08896 08901 08906 08919 08937 08957 08967 09000 0904409045 09076 09079 09082 09091 09095 09109 09138 09155 09157 09326 09332 09358 09376 09415 09452 09467 09496 09567 10011 10125 10128 10143 10222 10259 10272 10275 10331 10346 10367 10375 10382 10723 10751 10854 10878 10947 10973 11037 11048 11052 11090 11103 11111 11130 11144 1114711148 11160 11163 11212 11249 11333 11353 11361 11390 11446 11464 11506 11622 11658 11704 11843 11898 11944 11976 11999 12065 12075 12077 12115 12157 12364 12410 12431 12577 12775 12786 12828 12831 12866 12914 12935 12955 12980 12993 13005 13128 13298 13338 13345 13389 13594
0282302999 0312603558 0363703719 04643 0466504755 04774 04788 0507705083 0515405388 05465 05584 0563305689 06508 0659906682 0675106822 0698707029 07166 07274 0751813594
FIRE PROTECTION - LD CC FIRE EXTING. - REPLACE TOGGLE SWITCH BY GUARDED SWITCH IN COCKPIT OVERHEAD PANEL
11037 11090 11103 11147
11037 1109011103 11147
GENERAL - DESIGN WEIGHTS - OPERATE A320 NEO WITH DUAL OPERATIONAL WEIGHT - MTOW 73.5T/79T MLW66.3T MZFW62.8T -WV050/054
07858 07871 09332 09358 09467 10011 11052 11111 11130 11160 11163 11333 11361 11446 11506
0785807871 0933209358 09467 10011 11052 1111111130 1116011163 11333 11361 11446 11506
Fuselage - Rear Fuselage - Define and install door 3 plugs L/R for NEO ACF
08155 08257 08617 08727 08732 08740 08794 08919 08957 09000 09044 09076 09082 09095 09109 09138 09157 09326 09376 09415 09452 09496 09567 10125 10143 10222 10259 10346 10367 10375 10382 10723 10751 10854 10878 10947 11048 11148 11212 11353 11464 11622 11704 11843 11898 11944 11976 11999 12065 12075 12077 12115 12157 12364 12410 12431 12577 12775 12786 12828 12831 12866 12914 12935 12955 12980 12993 13005 13128 13298 13338 13345 13389 13594
08155 0825708732 0874008794 08919 08957 0900009044 09076 09082 0909509138 0915709326 0937609452 0949609567 10125 1014310259 1034610947 11048 11148 11212 11353 11464 11622 1170413594
HYDRAULIC POWER - GENERAL - EXTEND ENVIRONMENTAL OPERATION ENVELOPE TO ISA +40DEG C
07858 07871 08101 08155 08168 08218 08257 08617 08727 08732 08737 08740 08794 08832 08896 08901 08906 08919 08937 08957 08967 09000 0904409045 09076 09079 09082 09091 09095 09109 09138 09155 09157 09326 09332 09358 09376 09415 09452 09467 09496 09567 10011 10125 10128 10143 10222 10259 10272 10275 10331 10346 10367 10375 10382 10723 10751 10854 10878 10947 10973 11037 11048 11052 11090 11103 11111 11130 11144 1114711148 11160 11163 11212 11249 11333 11353 11361 11390 11446 11464 11506 11622 11658 11704 11843 11898 11944 11976 11999 12065 12075 12077 12115 12157 12364 12410 12431 12577 12775 12786 12828 12831 12866 12914 12935 12955 12980 12993 13005 13128 13298 13338 13345 13389 13594
0785813594
FIRE PROTECTION - INSTALL A FIRE DETECTION AND EXTINGUISHING SYSTEM
02823 02868 02999 03015 03126 03207 03283 03350 03382 03405 03429 03525 03539 03637 03673 03688 03738 04643 04654 04682 04698 04706 04761 04779 04788 05025 05077 05083 05118 05154 05205 05254 05388 05450 05465 05490 05584 05633 05663 05667 05689 06009 06294 06508 06563 06599 06652 06657 06682 06709 06751 06758 06766 06781 06822 06869 06987 06990 07029 07089 07139 07146 07166 07242 07274 07299 07516 07518 08155 08257 08617 08727 08732 08740 08794 08906 08919 08937 08957 09000 09044 09076 09082 09095 09109 09138 09157 09326 09376 09415 09452 09496 09567 10125 10128 10143 10222 10259 10272 10275 10331 10346 10367 10375 10382 10723 10751 10854 10878 10947 10973 11048 11144 11148 11212 11249 11353 11390 11464 11622 11658 11704 11843 11898 11944 11976 11999 12065 12075 12077 12115 12157 12364 12410 12431 12577 12775 12786 12828 12831 12866 12914 12935 12955 12980 12993 13005 13128 13298 13338 13345 13389 13594
0282303126 03207 03283 0335003539 03637 0367303688 03738 0464304654 04682 0469804706 04761 0477904788 0502505584 0563306009 0629407518 08155 0825708732 0874008794 0890608957 0900009044 09076 09082 0909509138 0915709326 0937609452 0949609567 1012510973 11048 11144 11148 1121211249 11353 11390 11464 1162213594
COMMUNICATIONS - ADAPT COMMUNICATIONS SYSTEMS TO A321 DEFINITION
02823 02868 02999 03015 03126 03207 03283 03350 03382 03405 03429 03525 03539 03637 03673 03688 03738 04643 04654 04682 04698 04706 04761 04779 04788 05025 05077 05083 05118 05154 05205 05254 05388 05450 05465 05490 05584 05633 05663 05667 05689 06009 06294 06508 06563 06599 06652 06657 06682 06709 06751 06758 06766 06781 06822 06869 06987 06990 07029 07089 07139 07146 07166 07242 07274 07299 07516 07518 08155 08257 08617 08727 08732 08740 08794 08906 08919 08937 08957 09000 09044 09076 09082 09095 09109 09138 09157 09326 09376 09415 09452 09496 09567 10125 10128 10143 10222 10259 10272 10275 10331 10346 10367 10375 10382 10723 10751 10854 10878 10947 10973 11048 11144 11148 11212 11249 11353 11390 11464 11622 11658 11704 11843 11898 11944 11976 11999 12065 12075 12077 12115 12157 12364 12410 12431 12577 12775 12786 12828 12831 12866 12914 12935 12955 12980 12993 13005 13128 13298 13338 13345 13389 13594
0282303126 03207 03283 0335003539 03637 0367303688 03738 0464304654 04682 0469804706 04761 0477904788 0502505584 0563306009 0629407518 08155 0825708732 0874008794 0890608957 0900009044 09076 09082 0909509138 0915709326 0937609452 0949609567 1012510973 11048 11144 11148 1121211249 11353 11390 11464 1162213594
FUSELAGE - AFT SECTION - DEFINE A321 BASIC STRUCTURE OF SECTION 16
02823 02868 02999 03015 03126 03207 03283 03350 03382 03405 03429 03525 03539 03637 03673 03688 03738 04643 04654 04682 04698 04706 04761 04779 04788 05025 05077 05083 05118 05154 05205 05254 05388 05450 05465 05490 05584 05633 05663 05667 05689 06009 06294 06508 06563 06599 06652 06657 06682 06709 06751 06758 06766 06781 06822 06869 06987 06990 07029 07089 07139 07146 07166 07242 07274 07299 07516 07518 08155 08257 08617 08727 08732 08740 08794 08906 08919 08937 08957 09000 09044 09076 09082 09095 09109 09138 09157 09326 09376 09415 09452 09496 09567 10125 10128 10143 10222 10259 10272 10275 10331 10346 10367 10375 10382 10723 10751 10854 10878 10947 10973 11048 11144 11148 11212 11249 11353 11390 11464 11622 11658 11704 11843 11898 11944 11976 11999 12065 12075 12077 12115 12157 12364 12410 12431 12577 12775 12786 12828 12831 12866 12914 12935 12955 12980 12993 13005 13128 13298 13338 13345 13389 13594
0282303126 03207 03283 0335003539 03637 0367303688 03738 0464304654 04682 0469804706 04761 0477904788 0502505584 0563306009 0629407518 08155 0825708732 0874008794 0890608957 0900009044 09076 09082 0909509138 0915709326 0937609452 0949609567 1012510973 11048 11144 11148 1121211249 11353 11390 11464 1162213594
LAVATORY SMOKE DETECTION - IMPROVEMENT OF SMOKE DETECTION
AIR COND.-CABIN PRESSURE CONTROL-IMPROVE CONTROLLER TO ENABLE USE OF EXTERNAL MODE
AUXILIARY POWER UNIT - INTRODUCTION OF APIC APS-3000
02823 02868 02999 03015 03126 03185 0320703208 03239 03257 03283 03303 03341 03350 03382 03405 03429 03525 03539 03558 03567 03603 03637 03654 03673 03688 0371803719 03738 04629 04643 04654 04665 04682 04695 04698 04706 04755 04761 04774 04779 04788 04790 05025 05077 05083 05118 05154 05205 05254 05388 05450 05465 05490 05584 05604 05633 05663 05667 05689 06009 06086 06294 06508 06563 06599 06652 06657 06682 06709 06751 06758 06766 06781 06822 06869 06987 06990 07029 07089 07139 07146 07166 07242 07274 07299 07516 07518 07858 07871 08101 08906 08919 08937 08957 08967 09000 0904409045 09076 09079 09082 09091 09095 09109 09138 09155 09157 09326 09332 09358 09376 09415 09452 09467 09496 09567 10011 10125 10128 10143 10222 10259 10272 10275 10331 10346 10367 10375 10382 10723 10751 10854 10878 10947 10973 11037 11048 11052 11090 11103 11111 11130 11144 1114711148 11160 11163 11212 11249 11333 11353 11361 11390 11446 11464 11506 11622 11658 11704 11843 11898 11944 11976 11999 12065 12075 12077 12115 12157 12364 12410 12431 12577 12775 12786 12828 12831 12866 12914 12935 12955 12980 12993 13005 13128 13298 13338 13345 13389 13594
0282308101 0890613594
HYDRAULIC POWER - AUXILIARY HYDRAULIC POWER - INTRODUCE A321 RAM AIR TURBINE
02823 02868 02999 03015 03126 03207 03283 03350 03382 03405 03429 03525 03539 03637 03673 03688 03738 04629 04643 04654 04665 04682 04695 04698 04706 04755 04761 04774 04779 04788 04790 05025 05077 05083 05118 05154 05205 05254 05388 05450 05465 05490 05584 05633 05663 05667 05689 06009 06294 06508 06563 06599 06652 06657 06682 06709 06751 06758 06766 06781 06822 06869 06987 06990 07029 07089 07139 07146 07166 07242 07274 07299 07516 07518 08155 08257 08617 08727 08732 08740 08794 08906 08919 08937 08957 09000 09044 09076 09082 09095 09109 09138 09157 09326 09376 09415 09452 09496 09567 10125 10128 10143 10222 10259 10272 10275 10331 10346 10367 10375 10382 10723 10751 10854 10878 10947 10973 11048 11144 11148 11212 11249 11353 11390 11464 11622 11658 11704 11843 11898 11944 11976 11999 12065 12075 12077 12115 12157 12364 12410 12431 12577 12775 12786 12828 12831 12866 12914 12935 12955 12980 12993 13005 13128 13298 13338 13345 13389 13594
0282303126 03207 03283 0335003539 03637 0367303688 0373805584 0563306009 0629407518 08155 0825708732 0874008794 0890608957 0900009044 09076 09082 0909509138 0915709326 0937609452 0949609567 1012510973 11048 11144 11148 1121211249 11353 11390 11464 1162213594
DOORS - C.C.DOOR HYDRAULIC SYSTEM - INTRODUCE MODIFIED ELECTRICAL (MANUAL) SELECTOR VALVE -
HYDRAULIC POWER - MAIN BLUE HYDRAULIC POWER - IMPROVE MAINTENACE STATUS OF BLUE HYDRAULIC RESERVOIR -
03185 03208 03239 03257 03303 03341 03558 03567 03603 03654 0371803719 04629 04665 04695 04755 04774 04790 05604 06086 07858 07871 08101 08168 08218 08737 08832 08896 08901 08967 09045 09079 09091 09155 09332 09358 09467 10011 11037 11052 11090 11103 11111 11130 11147 11160 11163 11333 11361 11446 11506
03185 0320803257 0330303341 0355803603 03654 0371803719 04629 04665 04695 04755 04774 04790 05604 06086 0785808101 0816808218 08737 0883208901 08967 09045 09079 09091 09155 0933209358 09467 10011 11037 1105211130 11147 1116011163 11333 11361 11446 11506
Air Conditioning - Pressurization Control - Introduce modified Pressure Controller
10331 10346 10367 10375 10382 10723 10751 10854 10878 10947 10973 11037 11048 11052 11090 11103 11111 11130 11144 1114711148 11160 11163 11212 11249 11333 11353 11361 11390 11446 11464 11506 11622 11658 11704 11843 11898 11944 11976 11999 12065 12075 12077 12115 12157 12364 12410 12431 12577 12775 12786 12828 12831 12866 12914 12935 12955 12980 12993 13005 13128 13298 13338 13345 13389 13594
1033113594
CERTIFICATION DOCUMENTS-GENERAL CERTIFY ACT RELATED MODIFICATIONS FROM A321CEO ON A321NEO
08937
08937
FIRE PROTECTION-CARGO COMPT FIRE EXTING - IMPROVE FIRE SUPPRESSION TIME FOR HIGHLY FILLED CARGO COMPT FOR NEO ACF
10973 11144 11249 11390 11658 11704 11843 11898 11944 11976 11999 12065 12075 12077 12115 12157 12364 12410 12431 12577 12775 12786 12828 12831 12866 12914 12935 12955 12980 12993 13005 13128 13298 13338 13345 13389 13594
10973 11144 11249 11390 1165813594
LOWER DECK CARGO COMPT FIRE EXTING - IMPROVEMENT OF FES BY ADAPTATION OF THE FLOW METERING SYSTEM FOR ETOPS 120 ACF
10973 11144 11249 11390 11658
10973 11144 11249 11390 11658
FIRE PROT.- CARGO COMPT FIRE EXTING. - IMPROVE FIRE EXTINGUISHING SYSTEM TO MEET ETOPS 180 REQUIREMENTS FOR ACF
10973 11144 11249 11390 11658
10973 11144 11249 11390 11658
AIR CONDITIONING - PACK TEMPERATURE CONTROL - Introduce improved Air Conditioning System Controller P/N 1803B0000-05
08737 08832 08896 08901 08906 08919 08937 08957 08967 09000 0904409045 09076 09079 09082 09091 09095 09109 09138 09155 09157 09326 09332 09358 09376 09415 09452 09467 09496 09567 10011 10125 10128 10143 10222 10259 10272 10275 10331 10346 10367 10375 10382 10723 10751 10854 10878 10947 10973 11037 11048 11052 11090 11103 11111 11130 11144 1114711148 11160 11163 11212 11249 11333 11353 11361 11390 11446 11464 11506 11622 11658 11704 11843 11898 11944 11976 11999 12065 12075 12077 12115 12157 12364 12410 12431 12577 12775 12786 12828 12831 12866 12914 12935 12955 12980 12993 13005 13128 13298 13338 13345 13389 13594
08737 0883213594
WATER/WASTE - WASTE DISPOSAL - Introduce a capacity increased waste tank - NEO ACF
10973 11144 11249 11390 11658
10973 11144 11249 11390 11658
EQUIPMENT/FURNISHINGS - INSULATION (THERMAL AND ACOUSTICAL) - ADDITIONAL A-BRACKETS FOR INSULATION Sec. 17 FOR NEO ACF
08617 08727 08732 08740 08794 08906 08919 08957 09000 09044 09076 09082 09095 09109 09138 09157 09326 09376 09415 09452 09496 09567 10125 10128 10143 10222 10259 10272 10275 10331 10346 10367 10375 10382 10723 10751 10854 10878 10947 10973 11048 11144 11148 11212 11249 11353 11390 11464 11622 11658 11704 11843 11898 11944 11976 11999 12065 12075 12077 12115 12157 12364 12410 12431 12577 12775 12786 12828 12831 12866 12914 12935 12955 12980 12993 13005 13128 13298 13338 13345 13389 13594
0861708732 0874008794 0890608919 08957 0900009044 09076 09082 0909509138 0915709326 0937609452 0949609567 1012510973 11048 11144 11148 1121211249 11353 11390 11464 1162213594
DOORS PASSENGER COMPARTMENT FIXED INTERIOR DOORS - INTRODUCE OPEN LIGHT LOGIC AND IMPROVED CPU PWR. SUPPLY
10723 10751 10854 10878 10947 10973 11037 11048 11052 11090 11103 11111 11130 11144 1114711148 11160 11163 11212 11249 11333 11353 11361 11390 11446 11464 11506 11622 11658 11704 11843 11898 11944 11976 11999 12065 12075 12077 12115 12157 12364 12410 12431 12577 12775 12786 12828 12831 12866 12914 12935 12955 12980 12993 13005 13128 13298 13338 13345 13389 13594
1072313594
INDICATING/RECORDING SYSTEMS-COMBINED VOICE AND DATA RECORDING/AC LOCATING SYSTEM - INSTALL CVDR1 and CVDR2
10259 10272 10331 10346 10367 10375 10382 10723 10751 10854 10878 10947 10973 11037 11048 11052 11090 11103 11111 11130 11144 1114711148 11160 11163 11212 11249 11333 11353 11361 11390 11446 11464 11506 11622 11658 11704 11843 11898 11944 11976 11999 12065 12075 12077 12115 12157 12364 12410 12431 12577 12775 12786 12828 12831 12866 12914 12935 12955 12980 12993 13005 13128 13298 13338 13345 13389 13594
1025910272 1033113594
AUXILIARY POWER UNIT - CONTROL AND MONITORING - INTRODUCTION OF NEW ECB P/N 304817-1
FUSELAGE - REAR FUSELAGE - ADAPT STRUCTURE OF SECTION 17 TO 19 TO A319 DEFINITION
04629 04665 04695 04755 04774 04790
04629 04665 04695 04755 04774 04790
GENERAL - DESIGN WEIGHTS - OPERATE A320 NEO WITH MOW - MTOW 70/74/79T MLW 67.4T MZFW 64.3T - WV057/075/055
08101 08168 08218 08737 08832 08896 08901 08967 09045 09079 09091 09155
08101 0816808218 08737 0883208901 08967 09045 09079 09091 09155
E/F - MISC EMERGENCY EQUIPMENT - Install ELT (406AFN2) with RCP in Cockpit - Honeywell
09155
09155
INDICATING/RECORDING SYS - CVDR / RALS - ACTIVATION of Autonomous Distress Tracking(ADT) FOR ELT-DT STAND ALONE
11464 11622 11658 11704 11843 11898 11944 11976 11999 12065 12075 12077 12115 12157 12364 12410 12431 12577 12775 12786 12828 12831 12866 12914 12935 12955 12980 12993 13005 13128 13298 13338 13345 13389 13594
11464 1162213594
AIR CONDITIONING - PRESSURE CONTROL AND MONITORING - Introduce modified Pressure Controller
10331 10346 10367 10375 10382 10723 10751 10854 10878 10947 10973 11037 11048 11052 11090 11103 11111 11130 11144 1114711148 11160 11163 11212 11249 11333 11353 11361 11390 11446 11464 11506 11622 11658 11704 11843 11898 11944 11976 11999 12065 12075 12077 12115 12157 12364 12410 12431 12577 12775 12786 12828 12831 12866 12914 12935 12955 12980 12993 13005 13128 13298 13338 13345 13389 13594
1033113594
AUXILIARY POWER UNIT - CONTROL AND MONITORING - MODIFIED WIRE HARNESSES TO NEW ECB
DOORS - PASSENGER COMPARTMENT FIXED INTERIOR DOORS - INTRODUCE MODIFIED BACKUP CDLCU
10723 10751 10854 10878 10947 11048 11148 11212 11353 11464 11622 11704 11843 11898 11944 11976 11999 12065 12075 12077 12115 12157 12364 12410 12431 12577 12775 12786 12828 12831 12866 12914 12935 12955 12980 12993 13005 13128 13298 13338 13345 13389 13594
1072310947 11048 11148 11212 11353 11464 11622 1170413594
INDICATING/RECORDING SYSTEMS - RALS- Activate ATC datalink recording on CVDR1/2
10259 10272 10331 10346 10367 10375 10382 10723 10751 10854 10878 10947 10973 11037 11048 11090 11103 11144 1114711148 11212 11249 11353 11390 11464 11622 11658 11704 11843 11898 11944 11976 11999 12065 12075 12077 12115 12157 12364 12410 12431 12577 12775 12786 12828 12831 12866 12914 12935 12955 12980 12993 13005 13128 13298 13338 13345 13389 13594
1025910272 1033111048 1109011103 1114411148 1121211249 11353 11390 11464 1162213594
LIGHTS - EMERGENCY LIGHTING - INTRODUCE MINI EMERGENCY POWER SUPPLY UNIT (mEPSU) on A321
10947 11148 11212 11353 11464 11622 11704 11843 11898 11944 11976 11999 12065 12075 12077 12115 12157 12364 12410 12431 12577 12775 12786 12828 12831 12866 12914 12935 12955 12980 12993 13005 13128 13298 13338 13345 13389 13594
10947 11148 11212 11353 11464 11622 1170413594
HYDRAULIC POWER - RESERVOIR PRESSURIZATION SYSTEM - DELETE SENSOR AND ELECTRICAL CABLE BUNDLE FOR BLUE RSVR. PRESSURE INDICATION
02823 02868 02999 03015 03126 03207 03283 03350 03382 03405 03429 03525 03539 03637 03673 03688 03738 04629 04643 04654 04665 04682 04695 04698 04706 04755 04761 04774 04779 04788 04790 05025 05077 05083 05118 05154 05205 05254 05388 05450 05465 05490 05584 05633 05663 05667 05689 06009 06294 06508 06563 06599 06652 06657 06682 06709 06751 06758 06766 06781 06822 06869 06987 06990 07029 07089 07139 07146 07166 07242 07274 07299 07516 07518 08155 08257 08617 08727 08732 08740 08794 08906 08919 08937 08957 09000 09044 09076 09082 09095 09109 09138 09157 09326 09376 09415 09452 09496 09567 10125 10128 10143 10222 10259 10272 10275 10331 10346 10367 10375 10382 10723 10751 10854 10878 10947 10973 11048 11144 11148 11212 11249 11353 11390 11464 11622 11658 11704 11843 11898 11944 11976 11999 12065 12075 12077 12115 12157 12364 12410 12431 12577 12775 12786 12828 12831 12866 12914 12935 12955 12980 12993 13005 13128 13298 13338 13345 13389 13594
0282303126 03207 03283 0335003539 03637 0367303688 0373805584 0563306009 0629407518 08155 0825708732 0874008794 0890608957 0900009044 09076 09082 0909509138 0915709326 0937609452 0949609567 1012510973 11048 11144 11148 1121211249 11353 11390 11464 1162213594
AIR CONDITIONING-AVIONICS EQUIPMENT VENT- Adapt AEVS control logic for improvement of SAOV re-configuration
02823 02868 02999 03015 03126 03185 0320703208 03239 03257 03283 03303 03341 03350 03382 03405 03429 03525 03539 03558 03567 03603 03637 03654 03673 03688 0371803719 03738 04629 04643 04654 04665 04682 04695 04698 04706 04755 04761 04774 04779 04788 04790 05025 05077 05083 05118 05154 05205 05254 05388 05450 05465 05490 05584 05604 05633 05663 05667 05689 06009 06086 06294 06508 06563 06599 06652 06657 06682 06709 06751 06758 06766 06781 06822 06869 06987 06990 07029 07089 07139 07146 07166 07242 07274 07299 07516 07518 08155 08257 08617 08732 08740 08919 08957 09000 09044 09076 09082 09095 09109 09138 09157 09326 09376 09415 09452 09496 09567 10125 10128 10143 10222 10259 10272 10275 10331 10346 10367 10375 10382 10723 10751 10854 10878 10947 10973 11048 11103 11144 11148 11212 11353 11390 11464 11622 11658 11704 11843 11898 11944 11976 11999 12065 12075 12077 12115 12157 12364 12410 12431 12577 12775 12786 12828 12831 12866 12914 12935 12955 12980 12993 13005 13128 13298 13338 13345 13389 13594
0282307518 08155 0825708617 08732 08740 08919 08957 0900009044 09076 09082 0909509138 0915709326 0937609452 0949609567 1012510973 11048 11103 11144 11148 11212 11353 11390 11464 1162213594
INDICATING/RECORDING SYSTEMS - RALS - DEACTIVATE CVR BULK ERASE FACILITY FOR CVDR
11052 11111 11130 11160 11163 11333 11361 11446
11052 1111111130 1116011163 11333 11361 11446
GENERAL - INCREASE DESIGN WEIGHT TO 61T MZFW
03185 03208 03239 03257 03303 03341 03558 03567 03603 03654 0371803719 05604 06086
03185 0320803257 0330303341 0355803603 03654 0371803719 05604 06086
WATER/WASTE - ADAPT WATER/WASTE SYSTEM TO A319 DEFINITION
04629 04665 04695 04755 04774 04790
04629 04665 04695 04755 04774 04790
AIR CONDITIONING - COCKPIT AND CABIN TEMPERATURE CONTROL - INTRODUCE IMPROVED ZONE TEMPERATURE CONTROLLER -03
HYDRAULIC POWER-AUXILLIARY HYDRAULIC POWER- INTRODUCE R.A.T. WITH IMPROVED MAIN BEARING
03185 03208 03239 03257 03303 03341 03558 03567 03603 03654 0371803719 05604 06086 07858 07871 08101 08168 08218 08737 08832 08896 08901 08967 09045 09079 09091 09155 09332 09358 09467 10011 11037 11052 11090 11103 11111 11130 11147 11160 11163 11333 11361 11446 11506
03185 0320803257 0330303341 0355803603 03654 0371803719 05604 06086 0785808101 0816808218 08737 0883208901 08967 09045 09079 09091 09155 0933209358 09467 10011 11037 1105211130 11147 1116011163 11333 11361 11446 11506
AIR CONDITIONIN -COCKPIT AND CABIN TEMPERATURE CONTROL-INTRODUCE MODIFIED TEMPERATURE SENSOR -02 ON MIXER UNIT
FIRE PROTECTION-ETOPS-CARGO COMPARTMENTS INSTALL A FLOW METERING SYSTEM
03637 03673 03688 03738 05025 06009 06294 10973 11144 11249 11390 11658 11704 11843 11898 11944 11976 11999 12065 12075 12077 12115 12157 12364 12410 12431 12577 12775 12786 12828 12831 12866 12914 12935 12955 12980 12993 13005 13128 13298 13338 13345 13389 13594
03637 0367303688 03738 05025 06009 06294 10973 11144 11249 11390 1165813594
FUEL - TANKS - INSTALLATION OF FIRST ADDITIONAL CENTER TANK (ACT) IN BULK VERSION
05025 06009 06294 08937
05025 06009 06294 08937
COMMUNICATION - EVACUATION SIGNALLING DELETION (I2L-OHY)
06009 06294
06009 06294
INTRODUCTION OF NEW ALLIED SIGNAL APU GTCP 131-9 (A)
03382 03637 03673 03688 03738 05025 05604 06009 06086 06294 07858 07871 08101 08155 08168 08218 08257 08617 08727 08732 08737 08740 08794 08832 08896 08901 08906 08919 08937 08957 08967 09000 0904409045 09076 09079 09082 09091 09095 09109 09138 09155 09157 09326 09332 09358 09376 09415 09452 09467 09496 09567 10011 10125 10128 10143 10222 10259 10272 10275 10331 10346 10367 10375 10382 10723 10751 10854 10878 10947 10973 11037 11048 11052 11090 11103 11111 11130 11144 1114711148 11160 11163 11212 11249 11333 11353 11361 11390 11446 11464 11506 11622 11658 11704 11843 11898 11944 11976 11999 12065 12075 12077 12115 12157 12364 12410 12431 12577 12775 12786 12828 12831 12866 12914 12935 12955 12980 12993 13005 13128 13298 13338 13345 13389 13594
03382 03637 0367303688 03738 05025 05604 0600906294 0785813594
AIR CONDITIONING-FLOW CONTROL AND INDICATING- INTRODUCE IMPROVED AIR CONDITIONING PACKAGE FOR FLOW CONTROL
LIGHTS - EMERGENCY LIGHTING - INTRODUCTION OF A FLOOR PROXIMITY EMERGENCY ESCAPE PATH MARKING - PHOTOLUMINESCENT SYSTEM VENDOR LTAG
03637 03673 03688 03738
03637 0367303688 03738
LIGHTS - EMERGENCY LIGHTING - INSTALL A 'BRUCE' SEAT MOUNTED EEPMS FOR A321
03382
03382
OXYGEN-PASSENGER OXYGEN-INTRODUCE IMPROVED CHEMICAL OXYGEN CONTAINER SERIES 15 MIN (DRAEGER)
02823 02868 02999 03015 03126 03185 0320703208 03239 03257 03283 03303 03341 03350 03382 03405 03429 03525 03539 03558 03567 03603 03654 0371803719
0282303603 03654 0371803719
DOORS - CARGO COMPARTMENT DOOR FWD AND AFT - MODIFY CARGO DOORS
WATER/WASTE-TOILET SYSTEM-INTRODUCE IMPROVED TOILET ASSY
LIGHTS - INTRODUCTION OF A COMMON EPSU
03185 03208 03239 03257 03303 03341 03558 03567 03603 03654 0371803719 04629 04665 04695 04755 04774 04790 05604 06086 07858 07871 08101 08168 08218 08737 08832 08896 08901 08967 09045 09079 09091 09155 09332 09358 09467 10011 11037 11052 11090 11103 11111 11130 11147 11160 11163 11333 11361 11446 11506
03185 0320803257 0330303341 0355803603 03654 0371803719 04629 04665 04695 04755 04774 04790 05604 06086 0785808101 0816808218 08737 0883208901 08967 09045 09079 09091 09155 0933209358 09467 10011 11037 1105211130 11147 1116011163 11333 11361 11446 11506
LIGHTS - INTRODUCTION OF A COMMON EPSU FOR A321
02823 02868 02999 03015 03126 03207 03283 03350 03382 03405 03429 03525 03539 03637 03673 03688 03738 04643 04654 04682 04698 04706 04761 04779 04788 05025 05077 05083 05118 05154 05205 05254 05388 05450 05465 05490 05584 05633 05663 05667 05689 06009 06294 06508 06563 06599 06652 06657 06682 06709 06751 06758 06766 06781 06822 06869 06987 06990 07029 07089 07139 07146 07166 07242 07274 07299 07516 07518 08155 08257 08617 08727 08732 08740 08794 08906 08919 08937 08957 09000 09044 09076 09082 09095 09109 09138 09157 09326 09376 09415 09452 09496 09567 10125 10128 10143 10222 10259 10272 10275 10331 10346 10367 10375 10382 10723 10751 10854 10878 10947 10973 11048 11144 11148 11212 11249 11353 11390 11464 11622 11658 11704 11843 11898 11944 11976 11999 12065 12075 12077 12115 12157 12364 12410 12431 12577 12775 12786 12828 12831 12866 12914 12935 12955 12980 12993 13005 13128 13298 13338 13345 13389 13594
0282303126 03207 03283 0335003539 03637 0367303688 03738 0464304654 04682 0469804706 04761 0477904788 0502505584 0563306009 0629407518 08155 0825708732 0874008794 0890608957 0900009044 09076 09082 0909509138 0915709326 0937609452 0949609567 1012510973 11048 11144 11148 1121211249 11353 11390 11464 1162213594
AIR CONDITIONING-AIR COOLING SYSTEM-INTRODUCE AN IMPROVED RAM OUTLET (RAO)
HYDRAULIC POWER - AUXILIARY HYDRAULIC POWER - INSTALL A319 RAM AIR TURBINE ON A320
03185 03208 03239 03257 03303 03341 03558 03567 03603 03654 0371803719 05604 06086 07858 07871 08101 08168 08218 08737 08832 08896 08901 08967 09045 09079 09091 09155 09332 09358 09467 10011 11037 11052 11090 11103 11111 11130 11147 11160 11163 11333 11361 11446 11506
03185 0320803257 0330303341 0355803603 03654 0371803719 05604 06086 0785808101 0816808218 08737 0883208901 08967 09045 09079 09091 09155 0933209358 09467 10011 11037 1105211130 11147 1116011163 11333 11361 11446 11506
COMMUNICATIONS - CIDS - DUAL DIAL CODE ON HANDSET KEYBOARD (A319/A321)
03185 03208 03239 03257 03303 03341 03558 03567 03603 03654 0371803719
03185 0320803257 0330303341 0355803603 03654 0371803719
COMMUNICATIONS - INSTALL LANDSCAPE CAMERA SYSTEM
03637 03673 03688 03738
03637 0367303688 03738
AIR CONDITIONING - PACK TEMPERATURE CONTROL - INTRODUCE IMPROVED PACK TEMPERATURE CONTROLLER
LIGHTS - EMERGENCY LIGHTING - INSTALL FLOOR PROXIMITY EMERGENCY ESCAPE PATH MARKING SYSTEM - PHOTOLUMINESCENT SYSTEM VENDOR LTAG
03637 03673 03688 03738
03637 0367303688 03738
OXYGEN - PASSENGER OXYGEN SYSTEM - INTRODUCE O2-CONTAINER WITH IMPROVED FUNCTION (DRAEGER, 15 MIN.)
02823 02868 02999 03015 03126 03185 0320703208 03239 03257 03283 03303 03341 03350 03382 03405 03429 03525 03539 03558 03567 03603 03654 0371803719
0282303603 03654 0371803719
INDICATING/RECORDING SYSTEMS - INSTALLATION OF A COMBINED FDIU/DMU
OXYGEN - PASSENGER OXYGEN - INTRODUCE CHEMICAL OXYGEN CONTAINER (15MIN) WITH IMPROVED ACTUATOR (VENDOR PURITAN)
AIR CONDITIONING-PRESSURE CONTROL AND MONITORING- INTRODUCE MODIFIED PRESSURE CONTROLLER P/N 9022-15702-10
GENERAL - INCREASE DESIGN WEIGHTS TO: 70,0T MTOW, 62,5T MLW, 58,5T MZFW
04629 04665 04695 04755 04774 04790
04629 04665 04695 04755 04774 04790
AIR CONDITIONING-PACK TEMPERATURE CONTROL- INTRODUCE MODIFIED PACK TEMPERATURE CONTROLLER
APU-CONTROL AND MONITORING-INTRODUCE APIC ECB SOFTWARE VERSION 5
02823 02868 02999 03015 03126 03185 0320703208 03239 03257 03283 03303 03341 03350 03382 03405 03429 03525 03539 03558 03567 03603 03637 03654 03673 03688 0371803719 03738 04629 04643 04654 04665 04682 04695 04698 04706 04755 04761 04774 04779 04788 04790 05025 05077 05083 05118 05154 05205 05254 05388 05450 05465 05490 05584 05604 05633 05663 05667 05689 06009 06086 06294 06508 06563 06599 06652 06657 06682 06709 06751 06758 06766 06781 06822 06869 06987 06990 07029 07089 07139 07146 07166 07242 07274 07299 07516 07518 07858 07871 08101 08906 08919 08937 08957 08967 09000 0904409045 09076 09079 09082 09091 09095 09109 09138 09155 09157 09326 09332 09358 09376 09415 09452 09467 09496 09567 10011 10125 10128 10143 10222 10259 10272 10275 10331 10346 10367 10375 10382 10723 10751 10854 10878 10947 10973 11037 11048 11052 11090 11103 11111 11130 11144 1114711148 11160 11163 11212 11249 11333 11353 11361 11390 11446 11464 11506 11622 11658 11704 11843 11898 11944 11976 11999 12065 12075 12077 12115 12157 12364 12410 12431 12577 12775 12786 12828 12831 12866 12914 12935 12955 12980 12993 13005 13128 13298 13338 13345 13389 13594
0282308101 0890613594
GENERAL - DESIGN WEIGHTS - INCREASE A321-200 DESIGN WEIGHTS TO 77,8T MLW AND 73,8T MZFW
02823 02868 02999 03015 03126 03207 03283 03350 03405 03429 03525 03539 03637 03673 03688 03738 04643 04654 04682 04698 04706 04761 04779 04788 05077 05083 05118 05154 05205 05254 05388 05450 05465 05490 05584 05633 05663 05667 05689 06508 06563 06599 06652 06657 06682 06709 06751 06758 06766 06781 06822 06869 06987 06990 07029 07089 07139 07146 07166 07242 07274 07299 07516 07518
0282303126 03207 03283 03350 0340503539 03637 0367303688 03738 0464304654 04682 0469804706 04761 0477904788 0507705584 0563305689 0650807518
AIR CONDITIONING_AIR COOLING INSTALL A NEW ECS
GENERAL - DESIGN WEIGHTS - INCEASE A321-200 DESIGNWEIGHTS TO 93,0T MTOW, 77,8T MLW AND 73,8T MZFW (W.V.001)
05025
05025
EQUIPMENT/FURNISHINGS - PAX COMPARTMENT: DEFINE A PC POWER SYSTEM PROVIDING 110V/60HZ - VENDOR KID
06294
06294
AUXILIARY POWER UNIT (APU)-GENERAL- INCREASE OPERATION ENVELOPE TO 39800 FT. FOR GTCP36-300
03185 03208 03239 03257 03303 03341 03558 03567 03603 03654 0371803719 04629 04665 04695 04755 04774 04790 05604 06086 07858 07871 08101 08168 08218 08737 08832 08896 08901 08967 09045 09079 09091 09155 09332 09358 09467 10011 11037 11052 11090 11103 11111 11130 11147 11160 11163 11333 11361 11446 11506
03185 0320803257 0330303341 0355803603 03654 0371803719 04629 04665 04695 04755 04774 04790 05604 06086 0785808101 0816808218 08737 0883208901 08967 09045 09079 09091 09155 0933209358 09467 10011 11037 1105211130 11147 1116011163 11333 11361 11446 11506
LIGHTS-EMERGENCY LIGHTING- EPSU LOAD DISTRIBUTION IMPROVEMENT
03185 03208 03239 03257 03303 03341 03558 03567 03603 03654 0371803719 04629 04665 04695 04755 04774 04790 05604 06086 07858 07871 08101 08168 08218 08737 08832 08896 08901 08967 09045 09079 09091 09155 09332 09358 09467 10011 11037 11052 11090 11103 11111 11130 11147 11160 11163 11333 11361 11446 11506
03185 0320803257 0330303341 0355803603 03654 0371803719 04629 04665 04695 04755 04774 04790 05604 06086 0785808101 0816808218 08737 0883208901 08967 09045 09079 09091 09155 0933209358 09467 10011 11037 1105211130 11147 1116011163 11333 11361 11446 11506
LIGHTS-EMERGENCY LIGHTING- EPSU LOAD DISTRIBUTION IMPROVEMENT
02823 02868 02999 03015 03126 03207 03283 03350 03382 03405 03429 03525 03539 03637 03673 03688 03738 04643 04654 04682 04698 04706 04761 04779 04788 05025 05077 05083 05118 05154 05205 05254 05388 05450 05465 05490 05584 05633 05663 05667 05689 06009 06294 06508 06563 06599 06652 06657 06682 06709 06751 06758 06766 06781 06822 06869 06987 06990 07029 07089 07139 07146 07166 07242 07274 07299 07516 07518 08155 08257 08617 08727 08732 08740 08794 08906 08919 08937 08957 09000 09044 09076 09082 09095 09109 09138 09157 09326 09376 09415 09452 09496 09567 10125 10128 10143 10222 10259 10272 10275 10331 10346 10367 10375 10382 10723 10751 10854 10878 10947 10973 11048 11144 11148 11212 11249 11353 11390 11464 11622 11658 11704 11843 11898 11944 11976 11999 12065 12075 12077 12115 12157 12364 12410 12431 12577 12775 12786 12828 12831 12866 12914 12935 12955 12980 12993 13005 13128 13298 13338 13345 13389 13594
0282303126 03207 03283 0335003539 03637 0367303688 03738 0464304654 04682 0469804706 04761 0477904788 0502505584 0563306009 0629407518 08155 0825708732 0874008794 0890608957 0900009044 09076 09082 0909509138 0915709326 0937609452 0949609567 1012510973 11048 11144 11148 1121211249 11353 11390 11464 1162213594
EQUIPMENT/FURNISHINGS PAX COMPARTMENT INTRODUCE A MODIFIED INTRUSION AND PENETRATION RESISTANCE COCKPIT DOOR
COMMUNICATIONSAUDIO AND VIDEO MONITORING INSTALL A COCKPIT DOOR SURVEILLANCE SYSTEM
02823 02868 02999 03015 03126 03185 0320703208 03239 03257 03283 03303 03341 03350 03405 03429 03525 03539 03558 03567 03603 03637 03654 03673 03688 0371803719 03738 05025 05604 06086 07858 07871 08101 08168 08218 08737 08832 08896 08901 08906 08937 08967 09045 09079 09091 09155 09332 09358 09467 10011 10128 10272 10275 10331 11052 11111 11130 11160 11163 11333 11361 11446 11506
0282303350 0340503738 05025 05604 06086 0785808101 0816808218 08737 0883208906 08937 08967 09045 09079 09091 09155 0933209358 09467 10011 10128 1027210331 11052 1111111130 1116011163 11333 11361 11446 11506
COMMUNICATIONS CABIN INTERCOMMUNICATION COCKPIT CREW TO CABIN CREW ALERTING SYSTEM (COCKPIT PART)
02823 02868 02999 03015 03126 03185 0320703208 03239 03257 03283 03303 03341 03350 03405 03429 03525 03539 03558 03567 03603 03654 0371803719 04629 04643 04654 04665 04682 04695 04698 04706 04755 04761 04774 04779 04788 04790 05077 05083 05118 05154 05205 05254 05388 05450 05465 05490 05584 05633 05663 05667 05689 06009 06294 06508 06563 06599 06652 06657 06682 06709 06751 06758 06766 06781 06822 06869 06987 06990 07029 07089 07139 07146 07166 07242 07274 07299 07516 07518 08155 08257 08617 08727 08732 08740 08794 08919 08957 09000 09044 09076 09082 09095 09109 09138 09157 09326 09376 09415 09452 09496 09567 10125 10143 10222 10259 10346 10367 10375 10382 10723 10751 10854 10878 10947 11048 11148 11212 11353 11464 11622 11704 11843 11898 11944 11976 11999 12065 12075 12077 12115 12157 12364 12410 12431 12577 12775 12786 12828 12831 12866 12914 12935 12955 12980 12993 13005 13128 13298 13338 13345 13389 13594
0282303350 0340503603 03654 0371803719 0462904790 0507705584 0563306009 0629407518 08155 0825708732 0874008794 08919 08957 0900009044 09076 09082 0909509138 0915709326 0937609452 0949609567 10125 1014310259 1034610947 11048 11148 11212 11353 11464 11622 1170413594
COMMUNICATIONS CABIN INTERCOMMUNICATION CABIN CREW TO COCKPIT CREW ALERTING SYSTEM (COCKPIT PART)
02823 02868 02999 03015 03126 03185 0320703208 03239 03257 03283 03303 03341 03350 03405 03429 03525 03539 03558 03567 03603 03654 0371803719 04629 04643 04654 04665 04682 04695 04698 04706 04755 04761 04774 04779 04788 04790 05077 05083 05118 05154 05205 05254 05388 05450 05465 05490 05584 05633 05663 05667 05689 06009 06294 06508 06563 06599 06652 06657 06682 06709 06751 06758 06766 06781 06822 06869 06987 06990 07029 07089 07139 07146 07166 07242 07274 07299 07516 07518 08155 08257 08617 08727 08732 08740 08794 08919 08957 09000 09044 09076 09082 09095 09109 09138 09157 09326 09376 09415 09452 09496 09567 10125 10143 10222 10259 10346 10367 10375 10382 10723 10751 10854 10878 10947 11048 11148 11212 11353 11464 11622 11704 11843 11898 11944 11976 11999 12065 12075 12077 12115 12157 12364 12410 12431 12577 12775 12786 12828 12831 12866 12914 12935 12955 12980 12993 13005 13128 13298 13338 13345 13389 13594
0282303350 0340503603 03654 0371803719 0462904790 0507705584 0563306009 0629407518 08155 0825708732 0874008794 08919 08957 0900009044 09076 09082 0909509138 0915709326 0937609452 0949609567 10125 1014310259 1034610947 11048 11148 11212 11353 11464 11622 1170413594
DOORS PASSENGER COMPARTMENT FIXED PARTITIONS INTERIOR DOOR-ELECTRICAL COCKPIT DOOR RELEASE SYSTEM
EQUIPMENT/FURNISHINGS PASSENGER COMPARTMENT DEFINITION OF A PED POWER SUPPLY SYSTEM PROVIDING 110/60 HZ FROM VENDOR THALES
03637 03673 03688 03738 04643 04654 04682 04698 04706 04761 04779 04788 05025 05077 05083 05118 05154 05205 05254 05388 05450 05465 05490 05584 05633 05663 05667 05689 06508 06563 06599 06652 06657 06682 06709 06751 06758 06766 06781 06822 06869 06987 06990 07029 07089 07139 07146 07166 07242 07274 07299 07516 07518 08155 08257 08617 08727 08732 08740 08794 08919 08957 09000 09044 09076 09082 09095 09109 09138 09157 09326 09376 09415 09452 09496 09567 10125 10143 10222 10259 10346 10367 10375 10382 10723 10751 10854 10878 10947 10973 11037 11048 11090 11103 11144 1114711148 11212 11249 11353 11390 11658
03637 0367303688 03738 0464304654 04682 0469804706 04761 0477904788 0502505584 0563305689 0650807518 08155 0825708732 0874008794 08919 08957 0900009044 09076 09082 0909509138 0915709326 0937609452 0949609567 10125 1014310259 1034611048 1109011103 1114411148 1121211249 11353 11390 11658
DOORS- COCKPIT DOOR RELEASE SYSTEM ELECTRICAL OVERRIDE SYSTEM
02823 02868 02999 03015 03126 03185 0320703208 03239 03257 03283 03303 03341 03350 03405 03429 03525 03539 03558 03567 03603 03654 0371803719 04629 04643 04654 04665 04682 04695 04698 04706 04755 04761 04774 04779 04788 04790 05077 05083 05118 05154 05205 05254 05388 05450 05465 05490 05584 05633 05663 05667 05689 06508 06563 06599 06652 06657 06682 06709 06751 06758 06766 06781 06822 06869 06987 06990 07029 07089 07139 07146 07166 07242 07274 07299 07516 07518 08155 08257 08617 08727 08732 08740 08794 08919 08957 09000 09044 09076 09082 09095 09109 09138 09157 09326 09376 09415 09452 09496 09567 10125 10143 10222 10259 10346 10367 10375 10382 10723 10751 10854 10878 10947 11048 11148 11212 11353 11464 11622 11704 11843 11898 11944 11976 11999 12065 12075 12077 12115 12157 12364 12410 12431 12577 12775 12786 12828 12831 12866 12914 12935 12955 12980 12993 13005 13128 13298 13338 13345 13389 13594
0282303350 0340503603 03654 0371803719 0462904790 0507705584 0563305689 0650807518 08155 0825708732 0874008794 08919 08957 0900009044 09076 09082 0909509138 0915709326 0937609452 0949609567 10125 1014310259 1034610947 11048 11148 11212 11353 11464 11622 1170413594
COMMUNICATIONS CABIN INTERCOMMUNICATION MODIFY CABIN INTERCOMMUNICATION DATA SYSTEM ON A319
AIR CONDITIONING - AIR COOLING ADAPT A318 ECS TO A320
03185 03208 03239 03257 03303 03341 03558 03567 03603 03654 0371803719 05604 06086 07858 07871 08101 08168 08218 08737 08832 08896 08901 08967 09045 09079 09091 09155 09332 09358 09467 10011 11037 11052 11090 11103 11111 11130 11147 11160 11163 11333 11361 11446 11506
03185 0320803257 0330303341 0355803603 03654 0371803719 05604 06086 0785808101 0816808218 08737 0883208901 08967 09045 09079 09091 09155 0933209358 09467 10011 11037 1105211130 11147 1116011163 11333 11361 11446 11506
EQUIPMENT/FURNISHINGS -CURTAINS AND PAR INSTALL A DEADBOLT FOR THE REINFORCED COCKPIT DOOR
02823 02868 02999 03015 03126 03185 0320703208 03239 03257 03283 03303 03341 03350 03382 03405 03429 03525 03539 03558 03567 03603 03637 03654 03673 03688 0371803719 03738 04629 04643 04654 04665 04682 04695 04698 04706 04755 04761 04774 04779 04788 04790 05025 05077 05083 05118 05154 05205 05254 05388 05450 05465 05490 05584 05633 05663 05667 05689 06009 06294 06508 06563 06599 06652 06657 06682 06709 06751 06758 06766 06781 06822 06869 06987 06990 07029 07089 07139 07146 07166 07242 07274 07299 07516 07518 07858 07871 08101 08155 08168 08218 08257 08617 08727 08732 08737 08740 08794 08832 08896 08901 08906 08919 08937 08957 08967 09000 0904409045 09076 09079 09082 09091 09095 09109 09138 09155 09157 09326 09332 09358 09376 09415 09452 09467 09496 09567 10011 10125 10128 10143 10222 10259 10272 10275 10331 10346 10367 10375 10382 10723 10751 10854 10878 10947 10973 11037 11048 11052 11090 11103 11111 11130 11144 1114711148 11160 11163 11212 11249 11333 11353 11361 11390 11446 11464 11506 11622 11658 11704 11843 11898 11944 11976 11999 12065 12075 12077 12115 12157 12364 12410 12431 12577 12775 12786 12828 12831 12866 12914 12935 12955 12980 12993 13005 13128 13298 13338 13345 13389 13594
0282305584 0563306009 0629413594
COMMUNICATIONS-PASSENGER ADDRESS EMERGENCY POWER SIMPLIFICATION
02823 02868 02999 03015 03126 03185 0320703208 03239 03257 03283 03303 03341 03350 03405 03429 03525 03539 03558 03567 03603 03654 0371803719 04629 04643 04654 04665 04682 04695 04698 04706 04755 04761 04774 04779 04788 04790 05025 05077 05083 05118 05154 05205 05254 05388 05450 05465 05490 05584 05633 05663 05667 05689 06009 06294 06508 06563 06599 06652 06657 06682 06709 06751 06758 06766 06781 06822 06869 06987 06990 07029 07089 07139 07146 07166 07242 07274 07299 07516 07518 08155 08257 08617 08727 08732 08740 08794 08906 08919 08937 08957 09000 09044 09076 09082 09095 09109 09138 09157 09326 09376 09415 09452 09496 09567 10125 10128 10143 10222 10259 10272 10275 10331 10346 10367 10375 10382 10723 10751 10854 10878 10947 10973 11037 11048 11090 11103 11144 1114711148 11212 11249 11353 11390 11464 11622 11658 11704 11843 11898 11944 11976 11999 12065 12075 12077 12115 12157 12364 12410 12431 12577 12775 12786 12828 12831 12866 12914 12935 12955 12980 12993 13005
0282303350 0340503603 03654 0371803719 0462905584 0563306009 0629407518 08155 0825708732 0874008794 0890608957 0900009044 09076 09082 0909509138 0915709326 0937609452 0949609567 1012511048 1109011103 1114411148 1121211249 11353 11390 11464 1162213005
GENERAL - INCREASE A320 DESIGN WEIGHTS TO 66,0T MLW AND 62,5T MZFW
03185 03208 03239 03257 03303 03341 03558 03567 03603 03654 0371803719
03185 0320803257 0330303341 0355803603 03654 0371803719
EQUIPMENT/FURNISHINGS - MISCELLANEOUS EMER EQPT INSTALL AN ELT (406AF) WITH RCP IN COCKPIT BASED ON ENHANCED PROVISIONS - ELTA
04629 04643 04654 04665 04682 04695 04698 04706 04755 04761 04774 04779 04788 04790 05077 05083 05118 05154 05205 05254 05388 05450 05465 05490 05584 05633 05663 05667 05689 06508 06563 06599 06652 06657 06682 06709 06751 06758 06766 06781 06822 06869 06987 06990 07029 07089 07139 07146 07166 07242 07274 07299 07516 07518 08155 08257 08617 08727 08732 08740 08794 08919 08957 09000 09044 09076 09082 09095 09109 09138 09157 09326 09376 09415 09452 09496 09567 10125 10143 10222 10259 10346 10367 10375 10382 10723 10751 10854 10878 10947 10973 11037 11048 11090 11103 11144 1114711148 11212 11249 11353 11390
0462904790 0507705584 0563305689 0650807518 08155 0825708732 0874008794 08919 08957 0900009044 09076 09082 0909509138 0915709326 0937609452 0949609567 10125 1014310259 1034611048 1109011103 1114411148 1121211249 11353 11390
COMMUNICATIONS - ANTI HIJACK CAMERA MONITORING REPLACE HINGE ASSEMBLY FOR CDSS LCD/SYSTEM CONTROLLER
02823 02868 02999 03015 03126 03185 0320703208 03239 03257 03283 03303 03341 03350 03405 03429 03525 03539 03558 03567 03603 03637 03654 03673 03688 0371803719 03738 05025 05604 06086 07858 07871 08101 08168 08218 08737 08832 08896 08901 08906 08937 08967 09045 09079 09091 09155 09332 09358 09467 10011 10128 10272 10275 10331 11052 11111 11130 11160 11163 11333 11361 11446 11506
0282303350 0340503738 05025 05604 06086 0785808101 0816808218 08737 0883208906 08937 08967 09045 09079 09091 09155 0933209358 09467 10011 10128 1027210331 11052 1111111130 1116011163 11333 11361 11446 11506
AIR CONDITIONING-PRESSURE CONTROL AND MONITORING-INTRODUCE RESIDUAL PRESSURE CONTROL UNIT (RPCU)
EQUIPMENT / FURNISHINGS - CURTAINS AND PARTITIONS - MODIFY DEADBOLT FOR REFORCED COCKPIT DOOR
02823 02868 02999 03015 03126 03185 0320703208 03239 03257 03283 03303 03341 03350 03382 03405 03429 03525 03539 03558 03567 03603 03637 03654 03673 03688 0371803719 03738 04629 04643 04654 04665 04682 04695 04698 04706 04755 04761 04774 04779 04788 04790 05025 05077 05083 05118 05154 05205 05254 05388 05450 05465 05490 05584 05633 05663 05667 05689 06009 06294 06508 06563 06599 06652 06657 06682 06709 06751 06758 06766 06781 06822 06869 06987 06990 07029 07089 07139 07146 07166 07242 07274 07299 07516 07518 07858 07871 08101 08155 08168 08218 08257 08617 08727 08732 08737 08740 08794 08832 08896 08901 08906 08919 08937 08957 08967 09000 0904409045 09076 09079 09082 09091 09095 09109 09138 09155 09157 09326 09332 09358 09376 09415 09452 09467 09496 09567 10011 10125 10128 10143 10222 10259 10272 10275 10331 10346 10367 10375 10382 10723 10751 10854 10878 10947 10973 11037 11048 11052 11090 11103 11111 11130 11144 1114711148 11160 11163 11212 11249 11333 11353 11361 11390 11446 11464 11506 11622 11658 11704 11843 11898 11944 11976 11999 12065 12075 12077 12115 12157 12364 12410 12431 12577 12775 12786 12828 12831 12866 12914 12935 12955 12980 12993 13005 13128 13298 13338 13345 13389 13594
0282305584 0563306009 0629413594
COMMUNICATIONS - ANTI HIJACK CAMERA MONITORING REPLACE CDSS LCD /SYSTEM CONTROLLER
02823 02868 02999 03015 03126 03185 0320703208 03239 03257 03283 03303 03341 03350 03405 03429 03525 03539 03558 03567 03603 03637 03654 03673 03688 0371803719 03738 05025 05604 06086 07858 07871 08101 08168 08218 08737 08832 08896 08901 08906 08937 08967 09045 09079 09091 09155 09332 09358 09467 10011 10128 10272 10275 10331 11052 11111 11130 11160 11163 11333 11361 11446 11506
0282303350 0340503738 05025 05604 06086 0785808101 0816808218 08737 0883208906 08937 08967 09045 09079 09091 09155 0933209358 09467 10011 10128 1027210331 11052 1111111130 1116011163 11333 11361 11446 11506
THIRD VHF COMMUNICATION SYSTEM
COMMUNICATIONS - HF1 SYSTEM PROVISION FOR HF1 SYSTEM
02823 02868 02999 03015 03126 03185 0320703208 03239 03257 03283 03303 03341 03350 03382 03405 03429 03525 03539 03558 03567 03603 03637 03654 03673 03688 0371803719 03738 04629 04643 04654 04665 04682 04695 04698 04706 04755 04761 04774 04779 04788 04790 05025 05077 05083 05118 05154 05205 05254 05388 05450 05465 05490 05584 05633 05663 05667 05689 06009 06294 06508 06563 06599 06652 06657 06682 06709 06751 06758 06766 06781 06822 06869 06987 06990 07029 07089 07139 07146 07166 07242 07274 07299 07516 07518 07858 07871 08101 08155 08168 08218 08257 08617 08727 08732 08737 08740 08794 08832 08896 08901 08906 08919 08937 08957 08967 09000 0904409045 09076 09079 09082 09091 09095 09109 09138 09155 09157 09326 09332 09358 09376 09415 09452 09467 09496 09567 10011 10125 10128 10143 10222 10259 10272 10275 10331 10346 10367 10375 10382 10723 10751 10854 10878 10947 10973 11037 11048 11052 11090 11103 11111 11130 11144 1114711148 11160 11163 11212 11249 11333 11353 11361 11390 11446 11464 11506 11622 11658 11704 11843 11898 11944 11976 11999 12065 12075 12077 12115 12157 12364 12410 12431 12577 12775 12786 12828 12831 12866 12914 12935 12955 12980 12993 13005 13128 13298 13338 13345 13389 13594
0282305584 0563306009 0629413594
SINGLE HF SYSTEM
02823 02868 02999 03015 03126 03185 0320703208 03239 03257 03283 03303 03341 03350 03382 03405 03429 03525 03539 03558 03567 03603 03637 03654 03673 03688 0371803719 03738 04629 04643 04654 04665 04682 04695 04698 04706 04755 04761 04774 04779 04788 04790 05025 05077 05083 05118 05154 05205 05254 05388 05450 05465 05490 05584 05633 05663 05667 05689 06009 06294 06508 06563 06599 06652 06657 06682 06709 06751 06758 06766 06781 06822 06869 06987 06990 07029 07089 07139 07146 07166 07242 07274 07299 07516 07518 07858 07871 08101 08155 08168 08218 08257 08617 08727 08732 08737 08740 08794 08832 08896 08901 08906 08919 08937 08957 08967 09000 0904409045 09076 09079 09082 09091 09095 09109 09138 09155 09157 09326 09332 09358 09376 09415 09452 09467 09496 09567 10011 10125 10128 10143 10222 10259 10272 10275 10331 10346 10367 10375 10382 10723 10751 10854 10878 10947 10973 11037 11048 11052 11090 11103 11111 11130 11144 1114711148 11160 11163 11212 11249 11333 11353 11361 11390 11446 11464 11506 11622 11658 11704 11843 11898 11944 11976 11999 12065 12075 12077 12115 12157 12364 12410 12431 12577 12775 12786 12828 12831 12866 12914 12935 12955 12980 12993 13005 13128 13298 13338 13345 13389 13594
0282305584 0563306009 0629413594
4TH OCCUPANT SEAT
03382 03637 03673 03688 03738 05025 06009 06294 08906 08937 10128 10272 10275 10331 10973 11037 11090 11103 11144 11147 11249 11390 11658
03382 03637 0367303688 03738 05025 06009 06294 08906 08937 10128 1027210331 1097311037 1109011103 1114411147 11249 11390 11658
ELECTRICAL FOOT WARMERS FOR CAPTAIN AND FIRST OFFICER
02823 02868 02999 03015 03126 03185 0320703208 03239 03257 03283 03303 03341 03350 03405 03429 03525 03539 03558 03567 03603 03654 0371803719 04643 04654 04682 04706 04761 04779 04788 05077 05083 05118 05154 05205 05254 05388 05450 05465 05490 05584 05633 05663 05667 05689 06508 06563 06599 06652 06657 06682 06709 06751 06758 06766 06781 06822 06869 06987 06990 07029 07089 07139 07146 07166 07242 07274 07299 07516 07518
0282303350 0340503603 03654 0371803719 0464304654 04682 04706 04761 0477904788 0507705584 0563305689 0650807518
TYRE PRESSURE INDICATION SYSTEM
03185 03208 03239 03257 03303 03341 03558 03567 03603 03654 0371803719 04629 04665 04695 04755 04774 04790
03185 0320803257 0330303341 0355803603 03654 0371803719 04629 04665 04695 04755 04774 04790
ALTERNATIVE FLIGHT CREW OXYGEN BOTTLE (77.1CU/FT) IN COMPOSITE MATERIAL FOR FIXED SYSTEM
COMMUNICATIONS - INSTALLATION OF A 3RD RMP
02823 02868 02999 03015 03126 03185 0320703208 03239 03257 03283 03303 03341 03350 03382 03405 03429 03525 03539 03558 03567 03603 03637 03654 03673 03688 0371803719 03738 04629 04643 04654 04665 04682 04695 04698 04706 04755 04761 04774 04779 04788 04790 05025 05077 05083 05118 05154 05205 05254 05388 05450 05465 05490 05584 05633 05663 05667 05689 06009 06294 06508 06563 06599 06652 06657 06682 06709 06751 06758 06766 06781 06822 06869 06987 06990 07029 07089 07139 07146 07166 07242 07274 07299 07516 07518 08155 08257 08617 08727 08732 08740 08794 08906 08919 08937 08957 09000 09044 09076 09082 09095 09109 09138 09157 09326 09376 09415 09452 09496 09567 10125 10128 10143 10222 10259 10272 10275 10331 10346 10367 10375 10382 10723 10751 10854 10878 10947 11037 11048 11148 11212 11353
0282305584 0563306009 0629407518 08155 0825708732 0874008794 0890608957 0900009044 09076 09082 0909509138 0915709326 0937609452 0949609567 1012510947 1103711048 11148 11212 11353
DESIGN WEIGHT-MTOW 72T-STRUCTURAL REINFORCEMENT
OXYGEN-FLIGHT CREW OXYGEN STORAGE-INSTALLATION OF A 115 CU/FT (STEEL) OXYGEN CYLINDER
02823 02868 02999 03015 03126 03185 0320703208 03239 03257 03283 03303 03341 03350 03382 03405 03429 03525 03539 03558 03567 03603 03654 0371803719
0282303603 03654 0371803719
COMMUNICATIONS-SINGLE HF SYSTEM INSTALLATION
02823 02868 02999 03015 03126 03185 0320703208 03239 03257 03283 03303 03341 03350 03382 03405 03429 03525 03539 03558 03567 03603 03654 0371803719 04629 04643 04654 04665 04682 04695 04698 04706 04755 04761 04774 04779 04788 04790 05025 05077 05083 05118 05154 05205 05254 05388 05450 05465 05490 05584 05633 05663 05667 05689 06009 06294 06508 06563 06599 06652 06657 06682 06709 06751 06758 06766 06781 06822 06869 06987 06990 07029 07089 07139 07146 07166 07242 07274 07299 07516 07518 07858 07871 08101 08155 08168 08218 08257 08617 08727 08732 08737 08740 08794 08832 08896 08901 08906 08919 08937 08957 08967 09000 0904409045 09076 09079 09082 09091 09095 09109 09138 09155 09157 09326 09332 09358 09376 09415 09452 09467 09496 09567 10011 10125 10128 10143 10222 10259 10272 10275 10331 10346 10367 10375 10382 10723 10751 10854 10878 10947 10973 11037 11048 11052 11090 11103 11111 11130 11144 1114711148 11160 11163 11212 11249 11333 11353 11361 11390 11446 11464 11506 11622 11658 11704 11843 11898 11944 11976 11999 12065 12075 12077 12115 12157 12364 12410 12431 12577 12775 12786 12828 12831 12866 12914 12935 12955 12980 12993 13005 13128 13298 13338 13345 13389 13594
0282303603 03654 0371803719 0462905584 0563306009 0629413594
COMMUNICATIONS-2ND HF SYSTEM INSTALLATION
06009 06294
06009 06294
NAVIGATION-REPLACE EXISTING VOR DDRMI WITH A COMBINED VOR ADF DDRMI COLLINS
04629 04643 04654 04665 04682 04695 04698 04706 04755 04761 04774 04779 04788 04790 05077 05083 05118 05154 05205 05254 05388 05450 05465 05490 05584 05633 05663 05667 05689
0462904790 0507705584 0563305689
ELECTRICAL GENERATION-PUBLIC ADDRESS SWITCHING BY P/B ON HOT BUS BUSBAR
02823 02868 02999 03015 03126 03185 0320703208 03239 03257 03283 03303 03341 03350 03405 03429 03525 03539 03558 03567 03603 03654 0371803719 04629 04643 04654 04665 04682 04695 04698 04706 04755 04761 04774 04779 04788 04790 05025 05077 05083 05118 05154 05205 05254 05388 05450 05465 05490 05584 05633 05663 05667 05689 06009 06294 06508 06563 06599 06652 06657 06682 06709 06751 06758 06766 06781 06822 06869 06987 06990 07029 07089 07139 07146 07166 07242 07274 07299 07516 07518 08155 08257 08617 08727 08732 08740 08794 08906 08919 08937 08957 09000 09044 09076 09082 09095 09109 09138 09157 09326 09376 09415 09452 09496 09567 10125 10128 10143 10222 10259 10272 10275 10331 10346 10367 10375 10382 10723 10751 10854 10878 10947 10973 11037 11048 11090 11103 11144 1114711148 11212 11249 11353 11390 11464 11622 11658 11704 11843 11898 11944 11976 11999 12065 12075 12077 12115 12157 12364 12410 12431 12577 12775 12786 12828 12831 12866 12914 12935 12955 12980 12993 13005
0282303350 0340503603 03654 0371803719 0462905584 0563306009 0629407518 08155 0825708732 0874008794 0890608957 0900009044 09076 09082 0909509138 0915709326 0937609452 0949609567 1012511048 1109011103 1114411148 1121211249 11353 11390 11464 1162213005
COMMUNICATIONS-HOT MIKE RECORDING
ICE AND RAIN PROTECTION-WINDSHIELD WIPER SYSTEM- ADDITION OF AN INTERMITTENT FUNCTION
02823 02868 02999 03015 03126 03185 0320703208 03239 03257 03283 03303 03341 03350 03405 03429 03525 03539 03558 03567 03603 03654 0371803719 04629 04643 04654 04665 04682 04695 04698 04706 04755 04761 04774 04779 04788 04790 05077 05083 05118 05154 05205 05254 05388 05450 05465 05490 05584 05633 05663 05667 05689
0282303350 0340503603 03654 0371803719 0462904790 0507705584 0563305689
NAVIGATION-USE OF THE QFE BARO SETTING
06009 06294 08906 08937 10128 10272 10275 10331 10973 11037 11090 11103 11144 11147 11249 11390 11658
06009 06294 08906 08937 10128 1027210331 1097311037 1109011103 1114411147 11249 11390 11658
INSTRUMENTS-USE OF US UNITS IN PLACE OF METRIC UNITS
06009 06294
06009 06294
EQUIPEMENT/FURNISHINGS - COCKPIT SEATS INSTALL TAAI3 COCKPIT SEATS WITH REINFORCED STOP-PIN IN SEAT BASE
03126 03185 0320703208 03239 03257 03283 03303 03341 03350 03382 03405 03429 03525 03539 03558 03567 03603 03637 03654 03673 03688 0371803719 03738 04629 04643 04654 04665 04682 04695 04698 04706 04755 04761 04774 04779 04788 04790 05025 05077 05083 05118 05154 05205 05254 05388 05450 05465 05490 05584 05604 05633 05663 05667 05689 06009 06086 06294 06508 06563 06599 06652 06657 06682 06709 06751 06758 06766 06781 06822 06869 06987 06990 07029 07089 07139 07146 07166 07242 07274 07299 07516 07518 07858 07871 08101 08155 08168 08218 08257 08617 08727 08732 08737 08740 08794 08832 08896 08901 08906 08919 08937 08957 08967 09000 0904409045 09076 09079 09082 09091 09095 09109 09138 09155 09157 09326 09332 09358 09376 09415 09452 09467 09496 09567 10011 10125 10128 10143 10222 10259 10272 10275 10331 10346 10367 10375 10382 10723 10751 10854 10878 10947 10973 11037 11048 11052 11090 11103 11111 11130 11144 1114711148 11160 11163 11212 11249 11333 11353 11361 11390 11446 11464 11506 11622 11658 11704 11843 11898 11944 11976 11999 12065 12075 12077 12115 12157 12364 12410 12431 12577 12775 12786 12828 12831 12866 12914 12935 12955 12980 12993 13005 13128 13298 13338 13345 13389 13594
0312613594
ELECTRICAL POWER AC ESSENTIAL GENERATION SWITCHING INSTALL AUTO SWITCHING SYSTEM FOR AC&DC ESS BUS.
* CERTIFICATION - GENERAL - CERTIFY OPERATION ON RUNWAY WITH SLOPE BETWEEN 2% AND 3%
07858 07871 09332 09358 09467 10011 11052 11111 11130 11160 11163 11333 11361 11446 11506
0785807871 0933209358 09467 10011 11052 1111111130 1116011163 11333 11361 11446 11506
GENERAL - INTRODUCTION - CERTIFY LANDING OPERATIONS ON WET GROOVED OR PFC RUNWAYS
04629 04665 04695 04755 04774 04790
04629 04665 04695 04755 04774 04790
LIGHTS - INSTRUMENT & PANEL INTEGRAL LIGHTING ENSURE EMERGENCY LIGHTING FOR STAND-BY INSTRUMENTS (WITH ISIS PROV)
02823 02868 02999 03015 03126 03208 03239 03257 03283 03303 03341 03350 03405 03429 03525 03539 03558 03567 03603 03654 0371803719
0282303126 0320803350 0340503603 03654 0371803719
LIGHTS - INSTRUMENT & PANEL INTEGRAL LIGHTING - ENSURE EMERGENCY LIGHTING FOR STAND-BY INSTRUMENTS (WITHOUT ISIS PROV)
02823 02868 02999 03015 03126 03185 03207
0282303207
AUTO FLIGHT - FLIGHT MANAGEMENT AND GUIDANCE COMPUTER (FMGC)- RE-INSTALL HONEYWELL FMS PERFORMANCE DATA BASE (PDB) -901
03382 05025 06009 06294
03382 05025 06009 06294
AIR CONDITIONING - COCKPIT AIR HEATING INSTALL ADDITIONNAL HEATERS ON THE FOOT AIR OUTLET FOR CAPTAIN AND F/O
04629 04643 04654 04665 04682 04695 04698 04706 04755 04761 04774 04779 04788 04790 05077 05083 05118 05154 05205 05254 05388 05450 05465 05490 05584 05633 05663 05667 05689 08155 08257 08617 08727 08732 08740 08794 08919 08957 09000 09044 09076 09082 09095 09109 09138 09157 09326 09376 09415 09452 09496 09567 10125 10143 10222 10259 10346 10367 10375 10382 10723 10751 10854 10878 10947 10973 11037 11048 11090 11103 11144 1114711148 11212 11249 11353 11390 11464 11622 11658 11704 11843 11898 11944 11976 11999 12065 12075 12077 12115 12157 12364 12410 12431 12577 12775 12786 12828 12831 12866 12914 12935 12955 12980 12993 13005 13128 13298 13338 13345 13389 13594
0462904790 0507705584 0563305689 08155 0825708732 0874008794 08919 08957 0900009044 09076 09082 0909509138 0915709326 0937609452 0949609567 10125 1014310259 1034611048 1109011103 1114411148 1121211249 11353 11390 11464 1162213594
LANDING GEAR - WHEELS AND BRAKES - INTRODUCE REDESIGNED MESSIER-BUGATTI SEPCARB BRAKES ON MLG
03185 03208 03239 03257 03303 03341 03558 03567 03603 03654 0371803719 04629 04665 04695 04755 04774 04790 05604 06086 07858 07871 08896 08967 09045 09079 09091 09155 09332 09358 09467 10011 11037 11052 11090 11103 11111 11130 11147 11160 11163 11333 11361 11446 11506
03185 0320803257 0330303341 0355803603 03654 0371803719 04629 04665 04695 04755 04774 04790 05604 06086 0785807871 08896 08967 09045 09079 09091 09155 0933209358 09467 10011 11037 1105211130 11147 1116011163 11333 11361 11446 11506
NAVIGATION - RADIO MAGNETIC INFORMATION SWITCHING AND INDICATING : RE-INSTALL THALES DDRMI VOR/DME INDICATORS (ANTI-MOD 33503)
03208 03239 03257 03283 03303 03341 03350 03405 03429 03525 03539 03558 03567 03603 03637 03654 03673 03688 0371803719 03738 04629 04643 04654 04665 04682 04695 04698 04706 04755 04761 04774 04779 04788 04790 05077 05083 05118 05154 05205 05254 05388 05450 05465 05490 05584 05633 05663 05667 05689
0320803350 0340504790 0507705584 0563305689
AUTO-FLIGHT - GENERAL - REMOVE AFM LIMITATION ON NON PRECISION APPROACHES WITH ONE ENGINE OUT
03185 03208 03239 03257 03341 03558 03567 03603 03654 0371803719 05604 06086
03185 0320803257 03341 0355803603 03654 0371803719 05604 06086
INDICATING/RECORDING SYSTEMS FLIGHT WARNING COMPUTER (FWC) INSTALL FWC STANDARD H2-F5
COMMUNICATIONS - AUDIO MANAGEMENT- MODIFY AMU POWER SUPPLY TO COPE WITH DC ESSENTIAL BUS LOSS
03185 0320703208 03239 03257 03283 03303 03341 03350 03382 03405 03429 03525 03539 03558 03567 03603 03637 03654 03673 03688 0371803719 03738 04629 04643 04654 04665 04682 04695 04698 04706 04755 04761 04774 04779 04788 04790 05025 05077 05083 05118 05154 05205 05254 05388 05450 05465 05490 05584 05604 05633 05663 05667 05689 06009 06086 06294 06508 06563 06599 06652 06657 06682 06709 06751 06758 06766 06781 06822 06869 06987 06990 07029 07089 07139 07146 07166 07242 07274 07299 07516 07518 07858 07871 08101 08155 08168 08218 08257 08617 08727 08732 08737 08740 08794 08832 08896 08901 08906 08919 08937 08957 08967 09000 0904409045 09076 09079 09082 09091 09095 09109 09138 09155 09157 09326 09332 09358 09376 09415 09452 09467 09496 09567 10011 10125 10128 10143 10222 10259 10272 10275 10331 10346 10367 10375 10382 10723 10751 10854 10878 10947 10973 11037 11048 11052 11090 11103 11111 11130 11144 1114711148 11160 11163 11212 11249 11333 11353 11361 11390 11446 11464 11506 11622 11658 11704 11843 11898 11944 11976 11999 12065 12075 12077 12115 12157 12364 12410 12431 12577 12775 12786 12828 12831 12866 12914 12935 12955 12980 12993 13005 13128 13298 13338 13345 13389 13594
0318513594
FLIGHT CONTROL - ELAC SYSTEM - INTRODUCE ELAC "L93" SOFTWARE STANDARD
POWERPLANT - GENERAL - INTRODUCE SELECT ONE PRODUCTION PACKAGE ON IAE V2500-A5 ENGINES
04629 04643 04654 04665 04682 04695 04698 04706 04755 04761 04774 04779 04788 04790 05025 05077 05083 05118 05154 05205 05254 05388 05450 05465 05490 05584 05604 05633 05663 05667 05689 06009 06086 06294 06508 06563 06599 06652 06657 06682 06709 06751 06758 06766 06781 06822 06869 06987 06990 07029 07089 07139 07146 07166 07242 07274 07299 07516 07518
0462907518
FLIGHT CONTROL - ELAC - ACTIVATE HIGH ALTITUDE UPSETS VMO/MMO OVERSHOOT PROTECTION FUNCTION ON ELAC
INDICATING/RECORDING SYSTEM - ELECTRONIC INSTRUMENT SYSTEM (EIS)- INSTALL DISPLAY MANAGEMENT COMP. SOFTW. EIS2 S8-1
NAVIGATION - GENERAL - MODIFY FLIGHT MANUAL TO EXTEND RNP SAAAR RNAV CAPABILITY (STEP 2+)
04629 04643 04654 04665 04682 04695 04698 04706 04755 04761 04774 04779 04788 04790 05077 05083 05118 05154 05205 05254 05388 05450 05465 05490 05584 05633 05663 05667 05689 06009 06508 06563 06599 06652 06657 06682 06709 06751 06758 06766 06781 06822 06869 06987 06990 07029 07089 07139 07146 07166 07242 07274 07299 07516 07518
0462904790 0507705584 0563306009 0650807518
AUTO-FLIGHT - FMGC INSTALL HONEYWELL PERFORMANCE DATABASE RELEASE 1A (PS4087592-901)
02823 02868 02999 03015 03126 03185 0320703208 03239 03257 03283 03303 03341 03350 03405 03429 03525 03539 03558 03567 03603 03637 03654 03673 03688 0371803719 03738 04629 04643 04654 04665 04682 04695 04698 04706 04755 04761 04774 04779 04788 04790 05025 05077 05083 05118 05154 05205 05254 05388 05450 05465 05490 05584 05604 05633 05663 05667 05689 06009 06086 06294 06508 06563 06599 06652 06657 06682 06709 06751 06758 06766 06781 06822 06869 06987 06990 07029 07089 07139 07146 07166 07242 07274 07299 07516 07518 07858 07871 08101 08155 08168 08218 08257 08617 08727 08732 08737 08740 08794 08832 08896 08901 08906 08919 08937 08957 08967 09000 0904409045 09076 09079 09082 09091 09095 09109 09138 09155 09157 09326 09332 09358 09376 09415 09452 09467 09496 09567 10011 10125 10128 10143 10222 10259 10272 10275 10331 10346 10367 10375 10382 10723 10751 10854 10878 10947 10973 11037 11048 11052 11090 11103 11111 11130 11144 1114711148 11160 11163 11212 11249 11333 11353 11361 11390 11446 11464 11506 11622 11658 11704 11843 11898 11944 11976 11999 12065 12075 12077 12115 12157 12364 12410 12431 12577 12775 12786 12828 12831 12866 12914 12935 12955 12980 12993 13005 13128 13298 13338 13345 13389 13594
0282303350 0340513594
NAVIGATION-MDA/MDH SELECTION
06009 06294 08906 08937 10128 10272 10275 10331 10973 11037 11090 11103 11144 11147 11249 11390 11658
06009 06294 08906 08937 10128 1027210331 1097311037 1109011103 1114411147 11249 11390 11658
AUTO-FLIGHT - FMGC ACTIVATE "MOD NAV IN GO AROUND" ON FMGC
02823 02868 02999 03015 03126 03185 0320703208 03239 03257 03283 03303 03341 03350 03382 03429 04629 04643 04654 04665 04682 04695 04698 04706 04755 04761 04774 04779 04788 04790 05025 05077 05083 05118 05154 05205 05254 05388 05450 05465 05490 05584 05604 05633 05663 05667 05689 06009 06086 06294 06508 06563 06599 06652 06657 06682 06709 06751 06758 06766 06781 06822 06869 06987 06990 07029 07089 07139 07146 07166 07242 07274 07299 07516 07518 07858 07871 08101 08155 08168 08218 08257 08617 08727 08732 08737 08740 08794 08832 08896 08901 08906 08919 08937 08957 08967 09000 0904409045 09076 09079 09082 09091 09095 09109 09138 09155 09157 09326 09332 09358 09376 09415 09452 09467 09496 09567 10011 10125 10128 10143 10222 10259 10272 10275 10331 10346 10367 10375 10382 10723 10751 10854 10878 10947 10973 11037 11048 11052 11090 11103 11111 11130 11144 1114711148 11160 11163 11212 11249 11333 11353 11361 11390 11446 11464 11506 11622 11658 11704 11843 11898 11944 11976 11999 12065 12075 12077 12115 12157 12364 12410 12431 12577 12775 12786 12828 12831 12866 12914 12935 12955 12980 12993 13005 13128 13298 13338 13345 13389 13594
0282303382 03429 0462913594
AUTO FLIGHT - ON IAE & PW A/C INSTALL FMGC HWL H2I11 (RELEASE 1A) ON IAE & PW A/C
02823 02868 02999 03015 03126 03185 0320703208 03239 03257 03283 03303 03341 03350 03405 03429 03525 03539 03558 03567 03603 03637 03654 03673 03688 0371803719 03738 04629 04643 04654 04665 04682 04695 04698 04706 04755 04761 04774 04779 04788 04790 05025 05077 05083 05118 05154 05205 05254 05388 05450 05465 05490 05584 05604 05633 05663 05667 05689 06009 06086 06294 06508 06563 06599 06652 06657 06682 06709 06751 06758 06766 06781 06822 06869 06987 06990 07029 07089 07139 07146 07166 07242 07274 07299 07516 07518 07858 07871 08101 08155 08168 08218 08257 08617 08727 08732 08737 08740 08794 08832 08896 08901 08906 08919 08937 08957 08967 09000 0904409045 09076 09079 09082 09091 09095 09109 09138 09155 09157 09326 09332 09358 09376 09415 09452 09467 09496 09567 10011 10125 10128 10143 10222 10259 10272 10275 10331 10346 10367 10375 10382 10723 10751 10854 10878 10947 10973 11037 11048 11052 11090 11103 11111 11130 11144 1114711148 11160 11163 11212 11249 11333 11353 11361 11390 11446 11464 11506 11622 11658 11704 11843 11898 11944 11976 11999 12065 12075 12077 12115 12157 12364 12410 12431 12577 12775 12786 12828 12831 12866 12914 12935 12955 12980 12993 13005 13128 13298 13338 13345 13389 13594
0282303350 0340513594
AUTO-FLIGHT - FMGC INSTALL FMGC THALES S5I11 (RELEASE 1A) ON IAE & PW A/C
03382 05025 06009 06294 07858 07871 08906 08937 09332 09358 09467 10011 10128 10272 10275 10331 10973 11037 11052 11090 11103 11111 11130 11144 11147 11160 11163 11249 11333 11361 11390 11446 11506 11658
03382 05025 06009 06294 0785807871 08906 08937 0933209358 09467 10011 10128 1027210331 1097311037 1105211147 1116011163 1124911333 1136111446 11506 11658
AUTOFLIGHT - AUTOLAND LIMIT - EXTEND AUTOLAND TO GLIDE SLOPE AT -3.25 DEGREES
04629 04665 04695 04755 04774 04790
04629 04665 04695 04755 04774 04790
NAVIGATION GENERAL INSTALL PUSH-BUTTON IN THE COCKPIT FOR LAT DEV SCALE DISPLAY ACTIVATION
04629 04643 04654 04665 04682 04695 04698 04706 04755 04761 04774 04779 04788 04790 05077 05083 05118 05154 05205 05254 05388 05450 05465 05490 05584 05633 05663 05667 05689 06009 06508 06563 06599 06652 06657 06682 06709 06751 06758 06766 06781 06822 06869 06987 06990 07029 07089 07139 07146 07166 07242 07274 07299 07516 07518
0462904790 0507705584 0563306009 0650807518
NAVIGATION - T3CAS - INSTALL T3CAS COMPUTER WITH TRANSPONDER FUNCTION INACTIVE
06009 06294 06508 06563 06599 06652 06657 06682 06709 06751 06758 06766 06781 06822 06869 06987 06990 07029 07089 07139 07146 07166 07242 07274 07299 07516 07518 07858 07871 08101 08155 08168 08218 08257 08617 08727 08732 08737 08740 08794 08832 08896 08901 08906 08919 08937 08957 08967 09000 0904409045 09076 09079 09082 09091 09095 09109 09138 09155 09157 09326 09332 09358 09376 09415 09452 09467 09496 09567 10011 10125 10128 10143 10222 10259 10272 10275 10331 10346 10367 10375 10382 10723 10751 10854 10878 10947 10973 11037 11048 11052 11090 11103 11111 11130 11144 1114711148 11160 11163 11212 11249 11333 11353 11361 11390 11446 11464 11506 11622 11658 11704 11843 11898 11944 11976 11999 12065 12075 12077 12115 12157 12364 12410 12431 12577 12775 12786 12828 12831 12866 12914 12935 12955 12980 12993 13005 13128 13298 13338 13345 13389 13594
06009 0629413594
LANDING GEAR - PARKING/ULTIMATE EMERGENCY BRAKING ACTIVATE PARKING BRAKE MONITORING FUNCTION ON SA A/C
02823 02868 02999 03015 03126 03185 0320703208 03239 03257 03283 03303 03341 03350 03382 03525 03539 03558 03567 03603 03637 03654 03673 03688 03718 03738 04629 04643 04654 04665 04682 04695 04698 04706 04755 04761 04774 04779 04788 04790 05025 05077 05083 05118 05154 05205 05254 05388 05450 05465 05490 05584 05604 05633 05663 05667 05689 06009 06086 06294 06508 06563 06599 06652 06657 06682 06709 06751 06758 06766 06781 06822 06869 06987 06990 07029 07089 07139 07146 07166 07242 07274 07299 07516 07518 07858 07871 08101 08155 08168 08218 08257 08617 08727 08732 08737 08740 08794 08832 08896 08901 08906 08919 08937 08957 08967 09000 0904409045 09076 09079 09082 09091 09095 09109 09138 09155 09157 09326 09332 09358 09376 09415 09452 09467 09496 09567 10011 10125 10128 10143 10222 10259 10272 10275 10331 10346 10367 10375 10382 10723 10751 10854 10878 10947 10973 11037 11048 11052 11090 11103 11111 11130 11144 1114711148 11160 11163 11212 11249 11333 11353 11361 11390 11446 11464 11506 11622 11658 11704 11843 11898 11944 11976 11999 12065 12075 12077 12115 12157 12364 12410 12431 12577 12775 12786 12828 12831 12866 12914 12935 12955 12980 12993 13005 13128 13298 13338 13345 13389 13594
0282303382 0352503718 0373813594
INFORMATION SYSTEMS - GENERAL - CERTIFY FANS B+ CONFIGURATION (OVERALL MODIFICATION)
02823 02868 02999 03015 03126 03185 0320703208 03239 03257 03283 03303 03341 03350 03382 03405 03429 03525 03539 03558 03567 03603 03637 03654 03673 03688 0371803719 03738 04629 04643 04654 04665 04682 04695 04698 04706 04755 04761 04774 04779 04788 04790 05077 05083 05118 05154 05205 05254 05388 05450 05465 05490 05584 05604 05633 05663 05667 05689 06009 06086 06294 06508 06563 06599 06652 06657 06682 06709 06751 06758 06766 06781 06822 06869 06987 06990 07029 07089 07139 07146 07166 07242 07274 07299 07516 07518 07871 08155 08257 08617 08727 08732 08740 08794 08919 08957 09000 09044 09076 09082 09095 09109 09138 09157 09326 09376 09415 09452 09496 09567 10125 10128 10143 10222 10259 10272 10275 10331 10346 10367 10375 10382 10723 10751 10854 10878 10947 10973 11037 11048 11090 11103 11144 1114711148 11212 11249 11353 11390 11464 11622 11658 11704 11843 11898 11944 11976 11999 12065 12075 12077 12115 12157 12364 12410 12431 12577 12775 12786 12828 12831 12866 12914 12935 12955 12980 12993 13005 13128 13298 13338 13345 13389 13594
0282304790 0507707518 07871 08155 0825708732 0874008794 08919 08957 0900009044 09076 09082 0909509138 0915709326 0937609452 0949609567 1012511048 1109011103 1114411148 1121211249 11353 11390 11464 1162213594
INFORMATION SYSTEMS - FLIGHT OPERATION PERIPHERALS - INSTALL AND ACTIVATE EFB CLASS II HOSTING PLATFORM
06009 06294
06009 06294
AUTO FLIGHT - FLIGHT MANAGEMENT AND GUIDANCE COMPUTER - INTRODUCE FMGC S6PI11 (THALES/IAE-PW)
06009 06294 07858 07871 08906 08937 09332 09358 09467 10011 10128 10272 10275 10331 10973 11037 11052 11090 11103 11111 11130 11144 11147 11160 11163 11249 11333 11361 11390 11446 11506 11658
06009 06294 0785807871 08906 08937 0933209358 09467 10011 10128 1027210331 1097311037 1105211147 1116011163 1124911333 1136111446 11506 11658
AUTO FLIGHT - FLIGHT MANAGEMENT AND GUIDANCE COMPUTER - INTRODUCE FMGC H2PI11 (HONEYWELL/IAE-PW)
06294 06508 06563 06599 06652 06657 06682 06709 06751 06758 06766 06781 06822 06869 06987 06990 07029 07089 07139 07146 07166 07242 07274 07299 07516 07518 07858 07871 08101 08155 08168 08218 08257 08617 08727 08732 08737 08740 08794 08832 08896 08901 08906 08919 08937 08957 08967 09000 0904409045 09076 09079 09082 09091 09095 09109 09138 09155 09157 09326 09332 09358 09376 09415 09452 09467 09496 09567 10011 10125 10128 10143 10222 10259 10272 10275 10331 10346 10367 10375 10382 10723 10751 10854 10878 10947 10973 11037 11048 11052 11090 11103 11111 11130 11144 1114711148 11160 11163 11212 11249 11333 11353 11361 11390 11446 11464 11506 11622 11658 11704 11843 11898 11944 11976 11999 12065 12075 12077 12115 12157 12364 12410 12431 12577 12775 12786 12828 12831 12866 12914 12935 12955 12980 12993 13005 13128 13298 13338 13345 13389 13594
0629413594
AUTO FLIGHT - AUTOPILOT/FLIGHT DIRECTOR (AP/FD)- ACTIVATE AP/FD TCAS FUNCTION
06508 06563 06599 06652 06657 06682 06709 06751 06758 06766 06781 06822 06869 06987 06990 07029 07089 07139 07146 07166 07242 07274 07299 07516 07518 07858 07871 08101 08155 08168 08218 08257 08617 08727 08732 08737 08740 08794 08832 08896 08901 08906 08919 08937 08957 08967 09000 0904409045 09076 09079 09082 09091 09095 09109 09138 09155 09157 09326 09332 09358 09376 09415 09452 09467 09496 09567 10011 10125 10128 10143 10222 10259 10272 10275 10331 10346 10367 10375 10382 10723 10751 10854 10878 10947 10973 11037 11048 11052 11090 11103 11111 11130 11144 1114711148 11160 11163 11212 11249 11333 11353 11361 11390 11446 11464 11506 11622 11658 11704 11843 11898 11944 11976 11999 12065 12075 12077 12115 12157 12364 12410 12431 12577 12775 12786 12828 12831 12866 12914 12935 12955 12980 12993 13005 13128 13298 13338 13345 13389 13594
0650813594
NAVIGATION - TCAS - ACTIVATE ATSAW FUNCTION AND INSTALL TRAFFIC SELECTORS
10973 11037 11090 11103 11144 11147 11249 11390 11658
1097311037 1109011103 1114411147 11249 11390 11658
AUTO FLIGHT - FLIGHT MANAGEMENT SYSTEM (FMS) ACTIVE BARO RADIO SETTING FUNCTION
NAVIGATION - TRAFFIC AND TERRAIN INTEGRATED SURVEILLANCE (T/TISS) ACTIVATE XPDR FUNCTION ON T3CAS
06009 06294 06508 06563 06599 06652 06657 06682 06709 06751 06758 06766 06781 06822 06869 06987 06990 07029 07089 07139 07146 07166 07242 07274 07299 07516 07518 07858 07871 08101 08155 08168 08218 08257 08617 08727 08732 08737 08740 08794 08832 08896 08901 08906 08919 08937 08957 08967 09000 0904409045 09076 09079 09082 09091 09095 09109 09138 09155 09157 09326 09332 09358 09376 09415 09452 09467 09496 09567 10011 10125 10128 10143 10222 10259 10272 10275 10331 10346 10367 10375 10382 10723 10751 10854 10878 10947 10973 11037 11048 11052 11090 11103 11111 11130 11144 1114711148 11160 11163 11212 11249 11333 11353 11361 11390 11446 11464 11506 11622 11658 11704 11843 11898 11944 11976 11999 12065 12075 12077 12115 12157 12364 12410 12431 12577 12775 12786 12828 12831 12866 12914 12935 12955 12980 12993 13005 13128 13298 13338 13345 13389 13594
06009 0629413594
NAVIGATION - TCAS - INSTALL TCAS HONEYWELL TPA-100B CHANGE 7.1 CAPABLE OF ATSAW
02823 02868 02999 03015 03126 03185 0320703208 03239 03257 03283 03303 03341 03350 03405 03429 03525 03539 03558 03567 03603 03637 03654 03673 03688 0371803719 03738 05604 06009 06086 06294 06508 06563 06599 06652 06657 06682 06709 06751 06758 06766 06781 06822 06869 06987 06990 07029 07089 07139 07146 07166 07242 07274 07299 07516 07518 07858 07871 08101 08155 08168 08218 08257 08617 08727 08732 08737 08740 08794 08832 08896 08901 08906 08919 08937 08957 08967 09000 0904409045 09076 09079 09082 09091 09095 09109 09138 09155 09157 09326 09332 09358 09376 09415 09452 09467 09496 09567 10011 10125 10128 10143 10222 10259 10272 10275 10331 10346 10367 10375 10382 10723 10751 10854 10878 10947 10973 11037 11048 11052 11090 11103 11111 11130 11144 1114711148 11160 11163 11212 11249 11333 11353 11361 11390 11446 11464 11506 11622 11658 11704 11843 11898 11944 11976 11999 12065 12075 12077 12115 12157 12364 12410 12431 12577 12775 12786 12828 12831 12866 12914 12935 12955 12980 12993 13005 13128 13298 13338 13345 13389 13594
0282303350 0340503738 05604 0600913594
COMMUNICATIONS - RADIO MANAGEMENT INTRODUCE NEW RADIO MANAGEMENT PANEL (RMP) STANDARD "4" WITH CPDLC FUNCTION CAPABILITY
06508 06563 06599 06652 06657 06682 06709 06751 06758 06766 06781 06822 06869 06987 06990 07029 07089 07139 07146 07166 07242 07274 07299 07516 07518 07858 07871 08155 08257 08617 08727 08732 08740 08794 08919 08957 09000 09044 09076 09082 09095 09109 09138 09157 09326 09332 09358 09376 09415 09452 09467 09496 09567 10011 10125 10143 10222 10259 10346 10367 10375 10382 10723 10751 10854 10878 10947 10973 11037 11048 11052 11090 11103 11111 11130 11144 1114711148 11160 11163 11212 11249 11333 11353 11361 11390 11446
0650807871 08155 0825708732 0874008794 08919 08957 0900009044 09076 09082 0909509138 0915710125 1014310259 1034611446
AUTO-FLIGHT - GENERAL - REMOVE AFM LIMITATION ON NON PRECISION APPROACHES WITH ONE ENGINE OUT ON A321 A/C
06009 06294 07274 07299 07516 07518
06009 06294 0727407518
NAVIGATION - GENERAL - CERTIFY RNP AR CAPABALITY (STEP 3) ON A319 AIRCRAFT.
04629 04665 04695 04755 04774 04790
04629 04665 04695 04755 04774 04790
NAVIGATION - GENERAL - CERTIFY RNP AR CAPABILITY (STEP 3) ON A321 AIRCRAFT
04643 04654 04682 04698 04706 04761 04779 04788 05077 05083 05118 05154 05205 05254 05388 05450 05465 05490 05584 05633 05663 05667 05689 06009 06508 06563 06599 06652 06657 06682 06709 06751 06758 06766 06781 06822 06869 06987 06990 07029 07089 07139 07146 07166 07242 07274 07299 07516 07518
0464304654 04682 0469804706 04761 0477904788 0507705584 0563306009 0650807518
NAVIGATION - ATC - INSTALL "ACSS" ATC XS 950 P/N 7517800-10100 COMPLIANT WITH DO-260A
02823 02868 02999 03015 03126 03185 0320703208 03239 03257 03283 03303 03341 03350 03382 03405 03429 03525 03539 03558 03567 03603 03637 03654 03673 03688 0371803719 03738 05025 06009 06294 06508 06563 06599 06652 06657 06682 06709 06751 06758 06766 06781 06822 06869 06987 06990 07029 07089 07139 07146 07166 07242 07274 07299 07516 07518 07858 07871 08101 08155 08168 08218 08257 08617 08727 08732 08737 08740 08794 08832 08896 08901 08906 08919 08937 08957 08967 09000 0904409045 09076 09079 09082 09091 09095 09109 09138 09155 09157 09326 09332 09358 09376 09415 09452 09467 09496 09567 10011 10125 10128 10143 10222 10259 10272 10275 10331 10346 10367 10375 10382 10723 10751 10854 10878 10947 10973 11037 11048 11052 11090 11103 11111 11130 11144 1114711148 11160 11163 11212 11249 11333 11353 11361 11390 11446 11464 11506 11622 11658 11704 11843 11898 11944 11976 11999 12065 12075 12077 12115 12157 12364 12410 12431 12577 12775 12786 12828 12831 12866 12914 12935 12955 12980 12993 13005 13128 13298 13338 13345 13389 13594
0282303738 05025 06009 0629413594
COMMUNICATION - COCKPIT VOICE RECORDER SUPPLY THE CVR 28VDC TO COMPLY WITH FAA REGULATION (FAR 25.14.57 (D) (5))
04629 04643 04654 04665 04682 04695 04698 04706 04755 04761 04774 04779 04788 04790 05077 05083 05118 05154 05205 05254 05388 05450 05465 05490 05584 05633 05663 05667 05689 06009 06086 06294 06508 06563 06599 06652 06657 06682 06709 06751 06758 06766 06781 06822 06869 06987 06990 07029 07089 07139 07146 07166 07242 07274 07299 07516 07518 07858 07871 08101 08155 08168 08218 08257 08617 08727 08732 08737 08740 08794 08832 08896 08901 08906 08919 08937 08957 08967 09000 0904409045 09076 09079 09082 09091 09095 09109 09138 09155 09157 09326 09332 09358 09376 09415 09452 09467 09496 09567 10011 10125 10128 10143 10222 10259 10272 10275 10331 10346 10367 10375 10382 10723 10751 10854 10878 10947 10973 11037 11048 11052 11090 11103 11111 11130 11144 1114711148 11160 11163 11212 11249 11333 11353 11361 11390 11446 11464 11506 11622 11658 11704 11843 11898 11944 11976 11999 12065 12075 12077 12115 12157 12364 12410 12431 12577 12775 12786 12828 12831 12866 12914 12935 12955 12980 12993 13005 13128 13298 13338 13345 13389 13594
0462904790 0507705584 0563313594
INDICATING/RECORDING SYSTEMS - EIS - INSTALL ENHANCED DU INSTEAD OF EIS2 LCDU
05490 05584 05604 05633 05663 05667 05689 06009 06086 06294 06508 06563 06599 06652 06657 06682 06709 06751 06758 06766 06781 06822 06869 06987 06990 07029 07089 07139 07146 07166 07242 07274 07299 07516 07518 07858 07871 08101 08155 08168 08218 08257 08617 08727 08732 08737 08740 08794 08832 08896 08901 08906 08919 08937 08957 08967 09000 0904409045 09076 09079 09082 09091 09095 09109 09138 09155 09157 09326 09332 09358 09376 09415 09452 09467 09496 09567 10011 10125 10128 10143 10222 10259 10272 10275 10331 10346 10367 10375 10382 10723 10751 10854 10878 10947 10973 11037 11048 11052 11090 11103 11111 11130 11144 1114711148 11160 11163 11212 11249 11333 11353 11361 11390 11446 11464 11506 11622 11658 11704 11843 11898 11944 11976 11999 12065 12075 12077 12115 12157 12364 12410 12431 12577 12775 12786 12828 12831 12866 12914 12935 12955 12980 12993 13005 13128 13298 13338 13345 13389 13594
0549013594
INDICATING/RECORDING SYSTEMS - FWC - ACQUISITION/INTERFACE - ACTIVATE MONITORING OF ATC / XPDR
04629 04643 04654 04665 04682 04695 04698 04706 04755 04761 04774 04779 04788 04790 05025 05077 05083 05118 05154 05205 05254 05388 05450 05465 05490 05584 05604 05633 05663 05667 05689 06009 06086 06294 06508 06563 06599 06652 06657 06682 06709 06751 06758 06766 06781 06822 06869 06987 06990 07029 07089 07139 07146 07166 07242 07274 07299 07516 07518 07858 07871 08101 08155 08168 08218 08257 08617 08727 08732 08737 08740 08794 08832 08896 08901 08906 08919 08937 08957 08967 09000 0904409045 09076 09079 09082 09091 09095 09109 09138 09155 09157 09326 09332 09358 09376 09415 09452 09467 09496 09567 10011 10125 10128 10143 10222 10259 10272 10275 10331 10346 10367 10375 10382 10723 10751 10854 10878 10947 10973 11037 11048 11052 11090 11103 11111 11130 11144 1114711148 11160 11163 11212 11249 11333 11353 11361 11390 11446 11464 11506 11622 11658 11704 11843 11898 11944 11976 11999 12065 12075 12077 12115 12157 12364 12410 12431 12577 12775 12786 12828 12831 12866 12914 12935 12955 12980 12993 13005 13128 13298 13338 13345 13389 13594
0462913594
NAVIGATION - WEATHER RADAR SYSTEM - INSTALL SINGLE WEATHER RADAR RDR 4000 HONEYWELL
08617 08727 08732 08737 08740 08794 08832 08896 08901 08906 08919 08937 08957 08967 09000 0904409045 09076 09079 09082 09091 09095 09109 09138 09155 09157 09326 09332 09358 09376 09415 09452 09467 09496 09567 10011 10125 10128 10143 10222 10259 10272 10275 10331 10346 10367 10375 10382 10723 10751 10854 10878 10947 10973 11037 11048 11052 11090 11103 11111 11130 11144 1114711148 11160 11163 11212 11249 11333 11353 11361 11390 11446 11464 11506 11622 11658 11704 11843 11898 11944 11976 11999 12065 12075 12077 12115 12157 12364 12410 12431 12577 12775 12786 12828 12831 12866 12914 12935 12955 12980 12993 13005 13128 13298 13338 13345 13389 13594
0861713594
ENGINE FUEL AND CONTROL - FADEC SYSTEM INTRODUCE EEC SOFTWARE STANDARD SCN21/AA FOR IAE V2500-A5
02823 02868 02999 03015 03126 03185 0320703208 03239 03257 03283 03303 03341 03350 03382 03405 03429 03525 03539 03558 03567 03603 03637 03654 03673 03688 0371803719 03738 04629 04643 04654 04665 04682 04695 04698 04706 04755 04761 04774 04779 04788 04790 05025 05077 05083 05118 05154 05205 05254 05388 05450 05465 05490 05584 05604 05633 05663 05667 05689 06009 06086 06294 06508 06563 06599 06652 06657 06682 06709 06751 06758 06766 06781 06822 06869 06987 06990 07029 07089 07139 07146 07166 07242 07274 07299 07516 07518
0282307518
FLIGHT CONTROLS - SEC SYSTEM - INTRODUCE NEW SPOILER ELEVATOR COMPUTER (SEC) SOFTWARE STD 120 WITH HARD B'
04629 04643 04654 04665 04682 04695 04698 04706 04755 04761 04774 04779 04788 04790 05025 05077 05083 05118 05154 05205 05254 05388 05450 05465 05490 05584 05604 05633 05663 05667 05689 06009 06086 06294 06508 06563 06599 06652 06657 06682 06709 06751 06758 06766 06781 06822 06869 06987 06990 07029 07089 07139 07146 07166 07242 07274 07299 07516 07518 07858 07871 08101 08155 08168 08218 08257 08617 08727 08732 08737 08740 08794 08832 08896 08901 08906 08919 08937 08957 08967 09000 0904409045 09076 09079 09082 09091 09095 09109 09138 09155 09157 09326 09332 09358 09376 09415 09452 09467 09496 09567 10011 10125 10128 10143 10222 10259 10272 10275 10331 10346 10367 10375 10382 10723 10751 10854 10878 10947 10973 11037 11048 11052 11090 11103 11111 11130 11144 1114711148 11160 11163 11212 11249 11333 11353 11361 11390 11446 11464 11506 11622 11658 11704 11843 11898 11944 11976 11999 12065 12075 12077 12115 12157 12364 12410 12431 12577 12775 12786 12828 12831 12866 12914 12935 12955 12980 12993 13005 13128 13298 13338 13345 13389 13594
0462913594
INDICATING/RECORDING SYSTEM ELECTRONIC INSTRUMENT SYSTEM (EIS) INSTALL NEW EIS2 SOFTWARE S9
INDICATING/RECORDING SYSTEMS - FLIGHT WARNING COMPUTER (FWC) INSTALL FWC STANDARD H2-F6
RFC FIN091010D4610 - SA - INFORMATION SYSTEM - UPGRADE ATSU WITH FANS B+ APPLICATION
02823 02868 02999 03015 03126 03185 0320703208 03239 03257 03283 03303 03341 03350 03382 03405 03429 03525 03539 03558 03567 03603 03637 03654 03673 03688 0371803719 03738 04629 04643 04654 04665 04682 04695 04698 04706 04755 04761 04774 04779 04788 04790 05077 05083 05118 05154 05205 05254 05388 05450 05465 05490 05584 05604 05633 05663 05667 05689 06009 06086 06294 06508 06563 06599 07871 10128 10272 10275 10331
0282304790 0507706599 07871 10128 1027210331
AUTO - FLIGHT FMGC: ACTIVATE NO AP DISCONNECTION BELOW MDA/MDH UNTIL MISSED APPROACH POINT
RFC FIN091010D4610 - SA - INFORMATION SYSTEM - UPGRADE ATSU WITH FANS B+ APPLICATION
06508 06563 06599 06652 06657 06682 06709 06751 06758 06766 06781 06822 06869 06987 06990 07029 07089 07139 07146 07166 07242 07274 07299 07516 07518 08155 08257 08617 08727 08732 08740 08794 08919 08957 09000 09044 09076 09082 09095 09109 09138 09157 09326 09376 09415 09452 09496 09567 10125 10143 10222 10259 10346 10367 10375 10382 10723 10751 10854 10878 10947 10973 11037 11048 11090 11103 11144 1114711148 11212 11249 11353 11390
0650807518 08155 0825708732 0874008794 08919 08957 0900009044 09076 09082 0909509138 0915709326 0937609452 0949609567 10125 1014310259 1034611048 1109011103 1114411148 1121211249 11353 11390
INDICATING/RECORDING SYSTEMS -GENERAL - SYSTEM DATA ACQUISITION CONCENTRATOR (SDAC) - INSTALL SDAC STANDARD H2-E3
AUTO FLIGHT - FLIGHT MANAGEMENT AND GUIDANCE COMPUTER (FMGC) - ACTIVATE AP/FD TCAS FUNCTION ON FMGC BY PIN PROGRAMMING
06508 06563 06599 06652 06657 06682 06709 06751 06758 06766 06781 06822 06869 06987 06990 07029 07089 07139 07146 07166 07242 07274 07299 07516 07518 07858 07871 08101 11843 11898 11944 11976 11999 12065 12075 12077 12115 12157 12364 12410 12431 12577 12775 12786 12828 12831 12866 12914 12935 12955 12980 12993 13005 13128 13298 13338 13345 13389 13594
0650808101 1184313594
AUTO FLIGHT - FMGC HONEYWELL RE-INSTALL FMGC IAE/PW MOD 31897 (ANTI-MOD 38779)
05025 06009 06294 07858 07871 08906 08937 09332 09358 09467 10011 10128 10272 10275 10331 10973 11037 11052 11090 11103 11111 11130 11144 11147 11160 11163 11249 11333 11361 11390 11446 11506 11658
05025 06009 06294 0785807871 08906 08937 0933209358 09467 10011 10128 1027210331 1097311037 1105211147 1116011163 1124911333 1136111446 11506 11658
COMMUNICATIONS - COCKPIT VOICE RECORDER(CVR) - IMPROVE CVR/FDR RECORDING LOGIC INDEPENDENCE
04629 04643 04654 04665 04682 04695 04698 04706 04755 04761 04774 04779 04788 04790 05077 05083 05118 05154 05205 05254 05388 05450 05465 05490 05584 05633 05663 05667 05689 06009 06086 06294 06508 06563 06599 06652 06657 06682 06709 06751 06758 06766 06781 06822 06869 06987 06990 07029 07089 07139 07146 07166 07242 07274 07299 07516 07518 07858 07871 08101 08155 08168 08218 08257 08617 08727 08732 08737 08740 08794 08832 08896 08901 08906 08919 08937 08957 08967 09000 0904409045 09076 09079 09082 09091 09095 09109 09138 09155 09157 09326 09332 09358 09376 09415 09452 09467 09496 09567 10011 10125 10128 10143 10222 10259 10272 10275 10331 10346 10367 10375 10382 10723 10751 10854 10878 10947 10973 11037 11048 11052 11090 11103 11111 11130 11144 1114711148 11160 11163 11212 11249 11333 11353 11361 11390 11446 11464 11506 11622 11658 11704 11843 11898 11944 11976 11999 12065 12075 12077 12115 12157 12364 12410 12431 12577 12775 12786 12828 12831 12866 12914 12935 12955 12980 12993 13005 13128 13298 13338 13345 13389 13594
0462904790 0507705584 0563313594
AUTOFLIGHT - FMGC INSTALL FMS THALES RELEASE 1A S6 (WITH FG I11) ON IAE & PW A/C
03382 05025 06009 06294 07858 07871 08906 08937 09332 09358 09467 10011 10128 10272 10275 10331 10973 11037 11052 11090 11103 11111 11130 11144 11147 11160 11163 11249 11333 11361 11390 11446 11506 11658
03382 05025 06009 06294 0785807871 08906 08937 0933209358 09467 10011 10128 1027210331 1097311037 1105211147 1116011163 1124911333 1136111446 11506 11658
NAVIGATION - TRAFFIC AND TERRAIN - INTEGRATED SURVEILLANCE SYSTEM (T/TISS)ACTIVATE OBSTACLE FUNCTION
06009 06294 06508 06563 06599 06652 06657 06682 06709 06751 06758 06766 06781 06822 06869 06987 06990 07029 07089 07139 07146 07166 07242 07274 07299 07516 07518 07858 07871 08101 08155 08168 08218 08257 08617 08727 08732 08737 08740 08794 08832 08896 08901 08906 08919 08937 08957 08967 09000 0904409045 09076 09079 09082 09091 09095 09109 09138 09155 09157 09326 09332 09358 09376 09415 09452 09467 09496 09567 10011 10125 10128 10143 10222 10259 10272 10275 10331 10346 10367 10375 10382 10723 10751 10854 10878 10947 10973 11037 11048 11052 11090 11103 11111 11130 11144 1114711148 11160 11163 11212 11249 11333 11353 11361 11390 11446 11464 11506 11622 11658 11704 11843 11898 11944 11976 11999 12065 12075 12077 12115 12157 12364 12410 12431 12577 12775 12786 12828 12831 12866 12914 12935 12955 12980 12993 13005 13128 13298 13338 13345 13389 13594
06009 0629413594
NAVIGATION -TRAFFIC AND TERRAIN - INTEGRATED SURVEILLANCE SYTEM (T/TISS) ACTIVATE ELEVIEW FUNCTION
06009 06294 06508 06563 06599 06652 06657 06682 06709 06751 06758 06766 06781 06822 06869 06987 06990 07029 07089 07139 07146 07166 07242 07274 07299 07516 07518 07858 07871 08101 08155 08168 08218 08257 08617 08727 08732 08737 08740 08794 08832 08896 08901 08906 08919 08937 08957 08967 09000 0904409045 09076 09079 09082 09091 09095 09109 09138 09155 09157 09326 09332 09358 09376 09415 09452 09467 09496 09567 10011 10125 10128 10143 10222 10259 10272 10275 10331 10346 10367 10375 10382 10723 10751 10854 10878 10947 10973 11037 11048 11052 11090 11103 11111 11130 11144 1114711148 11160 11163 11212 11249 11333 11353 11361 11390 11446 11464 11506 11622 11658 11704 11843 11898 11944 11976 11999 12065 12075 12077 12115 12157 12364 12410 12431 12577 12775 12786 12828 12831 12866 12914 12935 12955 12980 12993 13005 13128 13298 13338 13345 13389 13594
06009 0629413594
INDICATING/RECORDING SYSTEMS - UP AND DOWN DATA LOADING SYSTEM - Remove MDDU and install PDL connector on overhead panel (forward fit)
05025 05077 05083 05118 05154 05205 05254 05388 05450 05465 05490 05584 06009 06086 06294 06508 06563 06599 06652 06657 06682 06709 06751 06758 06766 06781 06822 06869 06987 06990 07029 07089 07139 07146 07166 07242 07274 07299 07516 07518 07858 07871 08101 08155 08168 08218 08257 08617 08727 08732 08737 08740 08794 08832 08896 08901 08906 08919 08937 08957 08967 09000 0904409045 09076 09079 09082 09091 09095 09109 09138 09155 09157 09326 09332 09358 09376 09415 09452 09467 09496 09567 10011 10125 10128 10143 10222 10259 10272 10275 10331 10346 10367 10375 10382 10723 10751 10854 10878 10947 10973 11037 11048 11052 11090 11103 11111 11130 11144 1114711148 11160 11163 11212 11249 11333 11353 11361 11390 11446 11464 11506 11622 11658 11704 11843 11898 11944 11976 11999 12065 12075 12077 12115 12157 12364 12410 12431 12577 12775 12786 12828 12831 12866 12914 12935 12955 12980 12993 13005 13128 13298 13338 13345 13389 13594
0502505584 0600913594
FLIGHT CONTROLS - SPOILER & ELEVATOR COMPUTER (SEC) - INSTALL SEC B' 121 (SHARKLET PROJECT)
04629 04643 04654 04665 04682 04695 04698 04706 04755 04761 04774 04779 04788 04790 05025 05077 05083 05118 05154 05205 05254 05388 05450 05465 05490 05584 05604 05633 05663 05667 05689 06009
0462906009
AUTO FLIGHT - FLIGHT AUGMENTATION COMPUTER - INSTALL FAC B0622 (SHARKLET PROJECT)
03185 03208 03239 03257 03303 03341 03567 03603 03654 0371803719 04629 04665 04695 04755 04774 04790 05450 05465 05490 05584 05604 05633 05663 05667 05689 06086
03185 0320803257 0330303341 0356703603 03654 0371803719 04629 04665 04695 04755 04774 04790 0545005689 06086
FLIGHT CONTROLS - ELEVATOR AILERON COMPUTER SYSTEM - INSTALL ELAC B L96 (SHARKLET PROJECT)
02823 02868 02999 03015 03126 03185 0320703208 03239 03257 03283 03303 03341 03350 03382 03405 03429 03525 03539 03558 03567 03603 03637 03654 03673 03688 0371803719 03738 05450 05465 05490 05584 05604 05633 05663 05667 05689 06009 06086 06294 06508 06563 06599 06652 06657 06682 06709 06751 06758 06766 06781 06822 06869 06987 06990 07029 07089 07139 07146 07166 07242 07274 07299 07516 07518 07858 07871 08101 08155 08168 08218 08257 08617 08727 08732 08737 08740 08794 08832 08896 08901 08906 08919 08937 08957 08967 09000 0904409045 09076 09079 09082 09091 09095 09109 09138 09155 09157 09326 09332 09358 09376 09415 09452 09467 09496 09567 10011 10125 10128 10143 10222 10259 10272 10275 10331 10346 10367 10375 10382 10723 10751 10854 10878 10947 10973 11037 11048 11052 11090 11103 11111 11130 11144 1114711148 11160 11163 11212 11249 11333 11353 11361 11390 11446 11464 11506 11622 11658 11704 11843 11898 11944 11976 11999 12065 12075 12077 12115 12157 12364 12410 12431 12577 12775 12786 12828 12831 12866 12914 12935 12955 12980 12993 13005 13128 13298 13338 13345 13389 13594
0282303738 0545013594
NAVIGATION - WEATHER RADAR SYSTEM - INSTALL COLLINS SINGLE WEATHER RADAR CAPABLE OF PWS FUNCTION IN SINGLE CONFIG (WITH TRANSCEIVER -624)
05077 05083 05118 05154 05205 05254 05388 05450 05465 05490 05584 05604 05633 05663 05667 05689 06009 06086 06294 06508 06563 06599 06652 06657 06682 06709 06751 06758 06766 06781 06822 06869 06987 06990 07029 07089 07139 07146 07166 07242 07274 07299 07516 07518 07858 07871 08101 08155 08168 08218 08257 08617 08727 08732 08737 08740 08794 08832 08896 08901 08906 08919 08937 08957 08967 09000 0904409045 09076 09079 09082 09091 09095 09109 09138 09155 09157 09326 09332 09358 09376 09415 09452 09467 09496 09567 10011 10125 10128 10143 10222 10259 10272 10275 10331 10346 10367 10375 10382 10723 10751 10854 10878 10947 10973 11037 11048 11052 11090 11103 11111 11130 11144 1114711148 11160 11163 11212 11249 11333 11353 11361 11390 11446 11464 11506 11622 11658 11704 11843 11898 11944 11976 11999 12065 12075 12077 12115 12157 12364 12410 12431 12577 12775 12786 12828 12831 12866 12914 12935 12955 12980 12993 13005 13128 13298 13338 13345 13389 13594
0507713594
NAVIGATION - WEATHER RADAR SYSTEM - INSTALL COLLINS MANUAL WXR-700X (-120) AND DEACT. PWS FUNCTION (ANTI MOD 26270)
05077 05083 05118 05154 05205 05254 05388 05450 05465 05490 05584 05604 05633 05663 05667 05689 06009 06086 06294 08617 08727 08732 08737 08740 08794 08832 08896 08901 08906 08919 08937 08957 08967 09000 0904409045 09076 09079 09082 09091 09095 09109 09138 09155 09157 09326 09332 09358 09376 09415 09452 09467 09496 09567 10011 10125 10128 10143 10222 10259 10272 10275 10331 10346 10367 10375 10382 10723 10751 10854 10878 10947 10973 11037 11048 11052 11090 11103 11111 11130 11144 1114711148 11160 11163 11212 11249 11333 11353 11361 11390 11446 11464 11506 11622 11658 11704 11843 11898 11944 11976 11999 12065 12075 12077 12115 12157 12364 12410 12431 12577 12775 12786 12828 12831 12866 12914 12935 12955 12980 12993 13005 13128 13298 13338 13345 13389 13594
0507706294 0861713594
NAVIGATION - WEATHER RADAR SYSTEM - INSTALL COLLINS MULTISCAN WXR IN FULL SINGLE CONFIG (WITH P/N -213) AND MULTISCAN FUNCTION ACTIVATED
06508 06563 06599 06652 06657 06682 06709 06751 06758 06766 06781 06822 06869 06987 06990 07029 07089 07139 07146 07166 07242 07274 07299 07516 07518 07858 07871 08101 08155 08168 08218 08257 08617 08727 08732 08737 08740 08794 08832 08896 08901 08906 08919 08937 08957 08967 09000 0904409045 09076 09079 09082 09091 09095 09109 09138 09155 09157 09326 09332 09358 09376 09415 09452 09467 09496 09567 10011 10125 10128 10143 10222 10259 10272 10275 10331 10346 10367 10375 10382 10723 10751 10854 10878 10947 10973 11037 11048 11052 11090 11103 11111 11130 11144 1114711148 11160 11163 11212 11249 11333 11353 11361 11390 11446 11464 11506 11622 11658 11704 11843 11898 11944 11976 11999 12065 12075 12077 12115 12157 12364 12410 12431 12577 12775 12786 12828 12831 12866 12914 12935 12955 12980 12993 13005
0650813005
COMMUNICATIONS - COCKPIT VOICE RECORDER,(CVR) - CONNECT THE DATALINK RECORDING FUNCTION AND ACTIVATE THE DATALINK FUNCTION ON ATSU BY HARD PP
06009 06086 06294 06508 06563 06599 06652 06657 06682 06709 06751 06758 06766 06781 06822 06869 06987 06990 07029 07089 07139 07146 07166 07242 07274 07299 07516 07518 07871 08155 08257 08617 08727 08732 08740 08794 08919 08957 09000 09044 09076 09082 09095 09109 09138 09157 09326 09376 09415 09452 09496 09567 10011 10125 10128 10143 10222 10275
0600907518 07871 08155 0825708732 0874008794 08919 08957 0900009044 09076 09082 0909509138 0915709326 0937609452 0949610222 10275
COMMUNICATIONS - COCKPIT VOICE RECORDER - INSTALL CVR STANDARD L3-C P/N 2100-1025-02 (ANTI-MOD 150806 and 157368 and 159888)
05025 05604 06086 06508 06563 06599 06652 06657 06682 06709 06751 06758 06766 06781 06822 06869 06987 06990 07029 07089 07139 07146 07166 07242 07274 07299 07516 07518 07858 07871 08101 08155 08168 08218 08257 08617 08727 08732 08737 08740 08794 08832 08896 08901 08919 08957 08967 09000 0904409045 09076 09079 09082 09091 09095 09109 09138 09155 09157 09326 09332 09358 09376 09415 09452 09467 09496 09567 10011 10125 10143 10222
05025 05604 06086 0650808901 08919 0895710125 1014310222
NAVIGATION - AIR DATA/INERTIAL REFERENCE SYSTEM - INSTALL ADIRS SYSTEM HONEYWELL AS STANDARD SUPPLIER ON ST2 and ST3 A/C.
04629 04643 04654 04665 04682 04695 04698 04706 04755 04761 04774 04779 04788 04790 05025 05077 05083 05118 05154 05205 05254 05388 05450 05465 05490 05584 05633 05663 05667 05689 06009 06294 06508 06563 06599 06652 06657 06682 06709 06751 06758 06766 06781 06822 06869 06987 06990 07029 07089 07139 07146 07166 07242 07274 07299 07516 07518
0462905584 0563306009 0629407518
NAVIGATION - TRAFFIC COLLISION AVOIDANCE SYSTEM (TCAS) -Install TCAS Collins TTR-921 change 7.1
04629 04643 04654 04665 04682 04695 04698 04706 04755 04761 04774 04779 04788 04790 05077 05083 05118 05154 05205 05254 05388 05450 05465 05490 05584 05633 05663 05667 05689 06508 06563 06599 06652 06657 06682 06709 06751 06758 06766 06781 06822 06869 06987 06990 07029 07089 07139 07146 07166 07242 07274 07299 07516 07518 08155 08257 08617 08727 08732 08740 08794 08919 08957 09000 09044 09076 09082 09095 09109 09138 09157 09326 09376 09415 09452 09496 09567 10125 10143 10222 10259 10346 10367 10375 10382 10723 10751 10854 10878 10947 11048 11148 11212 11353 11464 11622 11704 11843 11898 11944 11976 11999 12065 12075 12077 12115 12157 12364 12410 12431 12577 12775 12786 12828 12831 12866 12914 12935 12955 12980 12993 13005 13128 13298 13338 13345 13389 13594
0462904790 0507705584 0563305689 0650807518 08155 0825708732 0874008794 08919 08957 0900009044 09076 09082 0909509138 0915709326 0937609452 0949609567 10125 1014310259 1034610947 11048 11148 11212 11353 11464 11622 1170413594
INFORMATION SYSTEMS - FLIGHT OPERATION PERIPHERALS POWER 1ST OFFICER EFB CLASS II WITH 802PP BUS BAR
06009 06294
06009 06294
INDICATING/RECORDING SYSTEMS - SDAC - ACQUISITION/INTERFACE - REMOVE USELESS PIN PROGRAMMING ON SDAC (FWC H2-F5 INSTALLED)
05388 05450 05465 05490 05584 05604 05633 05663 05667 05689 06009 06086 06294 06508 06563 06599 06652 06657 06682 06709 06751 06758 06766 06781 06822 06869 06987 06990 07029 07089 07139 07146 07166 07242 07274 07299 07516 07518 07858 07871 08101 08155 08168 08218 08257 08617 08727 08732 08737 08740 08794 08832 08896 08901 08906 08919 08937 08957 08967 09000 0904409045 09076 09079 09082 09091 09095 09109 09138 09155 09157 09326 09332 09358 09376 09415 09452 09467 09496 09567 10011 10125 10128 10143 10222 10259 10272 10275 10331 10346 10367 10375 10382 10723 10751 10854 10878 10947 10973 11037 11048 11052 11090 11103 11111 11130 11144 1114711148 11160 11163 11212 11249 11333 11353 11361 11390 11446 11464 11506 11622 11658 11704 11843 11898 11944 11976 11999 12065 12075 12077 12115 12157 12364 12410 12431 12577 12775 12786 12828 12831 12866 12914 12935 12955 12980 12993 13005 13128 13298 13338 13345 13389 13594
0538813594
NAVIGATION - WEATHER RADAR SYSTEM - INSTALL COLLINS MANUAL EQUIPMENTS FOR CONFIGURATIONS WITH DUAL PROVISIONS
05077 05083 05118 05154 05205 05254 05388 05450 05465 05490 05584 05633 05663 05667 05689 06009 06294
0507705584 0563306009 06294
INDICATING/RECORDING SYSTEMS - Electronic Instrument System (EIS) - Introduce EIS2 Standard S10
INFORMATION SYSTEM - ATIMS - Install Software-ATSU ATC FANS A+ Applications (CPDLC, AFN, ADS-C, ATC HMI) Capable Datalink Recording
06009 06294
06009 06294
INFORMATION SYSTEMS - ATIMS - Install ATSU ATC ARINC 623 Application Software Capable Datalink Recording
06009 06294
06009 06294
NAVIGATION - Traffic and Terrain Integrated Surveillance (T/TISS) - Install T3CAS corrective standard STD1-1
06009 06294 06508 06563 06599 06652 06657 06682 06709 06751 06758 06766 06781 06822 06869 06987 06990 07029 07089 07139 07146 07166 07242 07274 07299 07516 07518 07858 07871 08101 08155 08168 08218 08257 08617 08727 08732 08737 08740 08794 08832 08896 08901 08906 08919 08937 08957 08967 09000 0904409045 09076 09079 09082 09091 09095 09109 09138 09155 09157 09326 09332 09358 09376 09415 09452 09467 09496 09567 10011 10125 10128 10143 10222 10259 10272 10275 10331 10346 10367 10375 10382 10723 10751 10854 10878 10947 10973 11037 11048 11052 11090 11103 11111 11130 11144 1114711148 11160 11163 11212 11249 11333 11353 11361 11390 11446 11464 11506 11622 11658 11704 11843 11898 11944 11976 11999 12065 12075 12077 12115 12157 12364 12410 12431 12577 12775 12786 12828 12831 12866 12914 12935 12955 12980 12993 13005 13128 13298 13338 13345 13389 13594
06009 0629413594
AUTO-FLIGHT - FLIGHT AUGMENTATION COMPUTER (FAC) - INSTALL STANDARD FAC CAA02 (SHARKLETS CAPABILITY AND ROPS FUNCTION)
07858 07871 08101 08168 08218 08737 08832 08896 08901 08967 09045 09079 09091 09155 09332 09358 09467 10011 11037 11052 11090 11103 11111 11130 11147 11160 11163 11333 11361 11446 11506
0785808101 0816808218 08737 0883208901 08967 09045 09079 09091 09155 0933209358 09467 10011 11037 1105211130 11147 1116011163 11333 11361 11446 11506
NAVIGATION - AIR DATA/INERTIAL REFERENCE SYSTEM - Install ADIRU Honeywell OPS Software STD L4.2 (Vzbi evolution and hybrid FPA within Block III ADIRU)
05490 05584 05604 05633 05663 05667 05689 06009 06086 06294 06508 06563 06599 06652 06657 06682 06709 06751 06758 06766 06781 06822 06869 06987 06990 07029 07089 07139 07146 07166 07242 07274 07299 07516 07518 07858 07871 08101 08155 08168 08218 08257 08617 08727 08732 08737 08740 08794 08832 08896 08901 08906 08919 08937 08957 08967 09000 0904409045 09076 09079 09082 09091 09095 09109 09138 09155 09157 09326 09332 09358 09376 09415 09452 09467 09496 09567 10011 10125 10128 10143 10222 10259 10272 10275 10331 10346 10367 10375 10382 10723 10751 10854 10878 10947 10973 11037 11048 11052 11090 11103 11111 11130 11144 1114711148 11160 11163 11212 11249 11333 11353 11361 11390 11446 11464 11506 11622 11658 11704 11843 11898 11944 11976 11999 12065 12075 12077 12115 12157 12364 12410 12431 12577 12775 12786 12828 12831 12866 12914 12935 12955 12980 12993 13005 13128 13298 13338 13345 13389 13594
0549013594
AUTO FLIGHT SYSTEM ¿ FMGC ¿ ACTIVATE "NO AP DISCONNECTION UPON PROFILE OR F-PLAN INVALIDATION IN FINAL DES MODE" FUNCTION BY PIN-PROGRAMMING
02823 02868 02999 03015 03126 03185 0320703208 03239 03257 03283 03303 03341 03350 03382 03405 03429 03525 03539 03558 03567 03603 03637 03654 03673 03688 0371803719 03738 04629 04643 04654 04665 04682 04695 04698 04706 04755 04761 04774 04779 04788 04790 05025 05077 05083 05118 05154 05205 05254 05388 05450 05490 05584 05604 05633 05663 05667 05689 06009 06086 06294 06508 06563 06599 06652 06657 06682 06709 06751 06758 06766 06781 06822 06869 06987 06990 07029 07089 07139 07146 07166 07242 07274 07299 07516 07518 07858 07871 08101 08155 08168 08218 08257 08617 08727 08732 08737 08740 08794 08832 08896 08901 08906 08919 08937 08957 08967 09000 0904409045 09076 09079 09082 09091 09095 09109 09138 09155 09157 09326 09332 09358 09376 09415 09452 09467 09496 09567 10011 10125 10128 10143 10222 10259 10272 10275 10331 10346 10367 10375 10382 10723 10751 10854 10878 10947 10973 11037 11048 11052 11090 11103 11111 11130 11144 1114711148 11160 11163 11212 11249 11333 11353 11361 11390 11446 11464 11506 11622 11658 11704 11843 11898 11944 11976 11999 12065 12075 12077 12115 12157 12364 12410 12431 12577 12775 12786 12828 12831 12866 12914 12935 12955 12980 12993 13005 13128 13298 13338 13345 13389 13594
0282305450 0549013594
INDICATING/RECORDING SYSTEMS - SDAC - ACTIVATE CVR MONITORING BY PIN PROGRAMMING
06009 06086 06294 06508 06563 06599 06652 06657 06682 06709 06751 06758 06766 06781 06822 06869 06987 06990 07029 07089 07139 07146 07166 07242 07274 07299 07516 07518 07871 08155 08257 08617 08727 08732 08740 08794 08919 08957 09000 09044 09076 09082 09095 09109 09138 09157 09326 09376 09415 09452 09496 09567 10011 10125 10128 10143 10222 10275
0600907518 07871 08155 0825708732 0874008794 08919 08957 0900009044 09076 09082 0909509138 0915709326 0937609452 0949610222 10275
NAVIGATION - SENSORS, POWER SUPPLY AND SWITCHING - Define static probe monitoring on ground function on FWC/SDAC
05663 05667 05689 06009 06086 06294 06508 06563 06599 06652 06657 06682 06709 06751 06758 06766 06781 06822 06869 06987 06990 07029 07089 07139 07146 07166 07242 07274 07299 07516 07518 07858 07871 08101 08155 08168 08218 08257 08617 08727 08732 08737 08740 08794 08832 08896 08901 08906 08919 08937 08957 08967 09000 0904409045 09076 09079 09082 09091 09095 09109 09138 09155 09157 09326 09332 09358 09376 09415 09452 09467 09496 09567 10011 10125 10128 10143 10222 10259 10272 10275 10331 10346 10367 10375 10382 10723 10751 10854 10878 10947 10973 11037 11048 11052 11090 11103 11111 11130 11144 1114711148 11160 11163 11212 11249 11333 11353 11361 11390 11446 11464 11506 11622 11658 11704 11843 11898 11944 11976 11999 12065 12075 12077 12115 12157 12364 12410 12431 12577 12775 12786 12828 12831 12866 12914 12935 12955 12980 12993 13005 13128 13298 13338 13345 13389 13594
0566313594
NAVIGATION - WEATHER RADAR SYSTEM - INSTALL COLLINS WXR CAPABLE MULTISCAN WITH TRANSCEIVER WRT-2100 (P/N 822-1710-214)
04755 05025 06009 06294 06508 06563 06599 06652 06657 06682 06709 06751 06758 06766 06781 06822 06869 06987 06990 07029 07089 07139 07146 07166 07242 07274 07299 07516 07518 07858 07871 08101 08155 08168 08218 08257 08617 08727 08732 08737 08740 08794 08832 08896 08901 08906 08919 08937 08957 08967 09000 0904409045 09076 09079 09082 09091 09095 09109 09138 09155 09157 09326 09332 09358 09376 09415 09452 09467 09496 09567 10011 10125 10128 10143 10222 10259 10272 10275 10331 10346 10367 10375 10382 10723 10751 10854 10878 10947 10973 11037 11048 11052 11090 11103 11111 11130 11144 1114711148 11160 11163 11212 11249 11333 11353 11361 11390 11446 11464 11506 11622 11658 11704 11843 11898 11944 11976 11999 12065 12075 12077 12115 12157 12364 12410 12431 12577 12775 12786 12828 12831 12866 12914 12935 12955 12980 12993 13005
04755 05025 06009 0629413005
LANDING GEAR-POST EIS STANDARD 4 OF BSCU EQUIPMENT
INDICATING RECORDING SYSTEMS - FWC - Introduce FWC Standard H2-F7
INFORMATION SYSTEMS - ATIMS - Install Software ATSU ATC FANS B+ Applications Datalink Recording and A623 OCL capable
06508 06563 06599
0650806599
INFORMATION SYSTEMS - ATIMS - Install Software ATSU ATC ARINC 623 application FANS B+ Datalink Recording and OCL Capable
06508 06563 06599
0650806599
NAVIGATION - GROUND PROXIMITY WARNING SYSTEM (GPWS) - INSTALL NEW EGPWS STANDARD PNR 965-1676-006
06508 06563 06599 06652 06657 06682 06709 06751 06758 06766 06781 06822 06869 06987 06990 07029 07089 07139 07146 07166 07242 07274 07299 07516 07518 08101 08155 08168 08218 08257 08617 08727 08732 08737 08740 08794 08832 08896 08901 08919 08957 08967 09000 0904409045 09076 09079 09082 09091 09095 09109 09138 09155 09157 09326 09376 09415 09452 09496 09567 10125 10143 10222 10259 10346 10367 10375 10382 10723 10751 10854 10878 10947 11048 11148 11212 11353 11464 11622 11704 11843 11898 11944 11976 11999 12065 12075 12077 12115 12157 12364 12410 12431 12577 12775 12786 12828 12831 12866 12914 12935 12955 12980 12993 13005 13128 13298 13338 13345 13389 13594
0650807518 0810108901 08919 0895709326 0937609452 0949609567 10125 1014310259 1034610947 11048 11148 11212 11353 11464 11622 1170413594
NAVIGATION - GPWS - INSTALL WIRING BETWEEN SECOND RA AND EGPWC AND DEFINE DUAL RADIO ALTITUDE INTERFACE
06508 06563 06599 06652 06657 06682 06709 06751 06758 06766 06781 06822 06869 06987 06990 07029 07089 07139 07146 07166 07242 07274 07299 07516 07518 08101 08155 08168 08218 08257 08617 08727 08732 08737 08740 08794 08832 08896 08901 08919 08957 08967 09000 0904409045 09076 09079 09082 09091 09095 09109 09138 09155 09157 09326 09376 09415 09452 09496 09567 10125 10143 10222 10259 10346 10367 10375 10382 10723 10751 10854 10878 10947 11048 11148 11212 11353 11464 11622 11704 11843 11898 11944 11976 11999 12065 12075 12077 12115 12157 12364 12410 12431 12577 12775 12786 12828 12831 12866 12914 12935 12955 12980 12993 13005 13128 13298 13338 13345 13389 13594
0650807518 0810108901 08919 0895709326 0937609452 0949609567 10125 1014310259 1034610947 11048 11148 11212 11353 11464 11622 1170413594
LIGHTS-COCKPIT-INTEGRALLY LIGHTED PLACARD 25VU,ANTI ICE PART MODIFIED
NAVIGATION - MMR - RE-INSTALL MMR COLLINS -121 (ANTI-MOD DUE TO MMR GLU-925 STANDARDIZATION) IN ORDER TO COME BACK TO HONEYWELL MMR
05604 06086 11622 11658 11704 11843 11898 11944 11976 11999 12065 12075 12077 12115 12157 12364 12410 12431 12577 12775 12786 12828 12831 12866 12914 12935 12955 12980 12993 13005 13128 13298 13338 13345 13389 13594
05604 06086 1162213594
ENGINE FUEL AND CONTROL - FADEC SYSTEM - INTRODUCE SCN22 EEC SOFTWARE STANDARD FOR IAE V2500-A5 ENGINE
02823 02868 02999 03015 03126 03185 03208 03239 03257 03283 03303 03341 03350 03382 03405 03429 03539 03558 03567 03603 03637 03654 03673 03688 0371803719 03738 04629 04643 04654 04665 04682 04695 04698 04706 04755 04761 04774 04779 04788 04790 05025 05077 05083 05118 05154 05205 05254 05388 05450 05465 05490 05584 05604 05633 05667 05689 06086 06508 06563 06599 06652 06657 06682 06709 06751 06758 06766 06781 06822 06869 06987 06990 07029 07089 07139 07146 07166 07242 07274 07299 07516 07518
0282303185 0320803429 0353905633 0566705689 06086 0650807518
NAVIGATION - TRAFFIC AND TERRAIN INTEGRATED SURVEILLANCE SYSTEM(T/TISS) - INSTALL ACSS T3CAS STD 1.2
06009 06294 06508 06563 06599 06652 06657 06682 06709 06751 06758 06766 06781 06822 06869 06987 06990 07029 07089 07139 07146 07166 07242 07274 07299 07516 07518 07858 07871 08101 08155 08168 08218 08257 08617 08727 08732 08737 08740 08794 08832 08896 08901 08906 08919 08937 08957 08967 09000 0904409045 09076 09079 09082 09091 09095 09109 09138 09155 09157 09326 09332 09358 09376 09415 09452 09467 09496 09567 10011 10125 10128 10143 10222 10259 10272 10275 10331 10346 10367 10375 10382 10723 10751 10854 10878 10947 10973 11037 11048 11052 11090 11103 11111 11130 11144 1114711148 11160 11163 11212 11249 11333 11353 11361 11390 11446 11464 11506 11622 11658 11704 11843 11898 11944 11976 11999 12065 12075 12077 12115 12157 12364 12410 12431 12577 12775 12786 12828 12831 12866 12914 12935 12955 12980 12993 13005 13128 13298 13338 13345 13389 13594
06009 0629413594
AUTO FLIGHT - FMGC - INTRODUCE FMS HONEYWELL PEGASUS II ASSOCIATED WITH FG 3G PI12
06294 06508 06563 06599 06652 06657 06682 06709 06751 06758 06766 06781 06822 06869 06987 06990 07029 07089 07139 07146 07166 07242 07274 07299 07516 07518 07858 07871 08101 08155 08168 08218 08257 08617 08727 08732 08737 08740 08794 08832 08896 08901 08906 08919 08937 08957 08967 09000 0904409045 09076 09079 09082 09091 09095 09109 09138 09155 09157 09326 09332 09358 09376 09415 09452 09467 09496 09567 10011 10125 10128 10143 10222 10259 10272 10275 10331 10346 10367 10375 10382 10723 10751 10854 10878 10947 10973 11037 11048 11052 11090 11103 11111 11130 11144 1114711148 11160 11163 11212 11249 11333 11353 11361 11390 11446 11464 11506 11622 11658 11704 11843 11898 11944 11976 11999 12065 12075 12077 12115 12157 12364 12410 12431 12577 12775 12786 12828 12831 12866 12914 12935 12955 12980 12993 13005 13128 13298 13338 13345 13389 13594
0629413594
AUTO FLIGHT ¿ FLIGHT AUGMENTATION COMPUTER (FAC) - DEFINE STOP RUDDER INPUT WARNING FUNCTION ON AIRCRAFT
AUTO-FLIGHT - FLIGHT AUGMENTATION COMPUTER (FAC) - INSTALL FAC CAA03 STANDARD
06009 06294 06508 06563 06599 06652 06657 06682 06709 06751 06758 06766 06781 06822 06869 06987 06990 07029 07089 07139 07146 07166 07242 07274 07299 07516 07518 07858 07871 08101 08155 08168 08218 08257 08617 08727 08732 08737 08740 08794 08832 08896 08901 08906 08919 08937 08957 08967 09000 0904409045 09076 09079 09082 09091 09095 09109 09138 09155 09157 09326 09332 09358 09376 09415 09452 09467 09496 09567 10011 10125 10128 10143 10222 10259 10272 10275 10331 10346 10367 10375 10382 10723 10751 10854 10878 10947 10973 11037 11048 11052 11090 11103 11111 11130 11144 1114711148 11160 11163 11212 11249 11333 11353 11361 11390 11446 11464 11506 11622 11658 11704 11843 11898 11944 11976 11999 12065 12075 12077 12115 12157 12364 12410 12431 12577 12775 12786 12828 12831 12866 12914 12935 12955 12980 12993 13005 13128 13298 13338 13345 13389 13594
06009 0629413594
AUTO FLIGHT - FLIGHT MANAGEMENT AND GUIDANCE COMPUTER (FMGC) - INSTALL FMGC S7API13 THALES ON IAE AIRCRAFT
06009 06294 07858 07871 08906 08937 09332 09358 09467 10011 10128 10272 10275 10331 10973 11037 11052 11090 11103 11111 11130 11144 11147 11160 11163 11249 11333 11361 11390 11446 11506 11658
06009 06294 0785807871 08906 08937 0933209358 09467 10011 10128 1027210331 1097311037 1105211147 1116011163 1124911333 1136111446 11506 11658
FLIGHT CONTROLS - ELEVATOR AILERON COMPUTER SYSTEM (ELAC) - Install ELAC L98 STANDARD WITH DATA LOADING CAPABILITY
04629 04643 04654 04665 04682 04695 04698 04706 04755 04761 04774 04779 04788 04790 05025 05077 05083 05118 05154 05205 05254 05388 05450 05465 05490 05584 05604 05633 05663 05667 05689 06009 06086 06294 06508 06563 06599 06652 06657 06682 06709 06751 06758 06766 06781 06822 06869 06987 06990 07029 07089 07139 07146 07166 07242 07274 07299 07516 07518 07858 07871 08101 08155 08168 08218 08257 08617 08727 08732 08737 08740 08794 08832 08896 08901 08906 08919 08937 08957 08967 09000 0904409045 09076 09079 09082 09091 09095 09109 09138 09155 09157 09326 09332 09358 09376 09415 09452 09467 09496 09567 10011 10125 10128 10143 10222 10259 10272 10275 10331 10346 10367 10375 10382 10723 10751 10854 10878 10947 10973 11037 11048 11052 11090 11103 11111 11130 11144 1114711148 11160 11163 11212 11249 11333 11353 11361 11390 11446 11464 11506 11622 11658 11704 11843 11898 11944 11976 11999 12065 12075 12077 12115 12157 12364 12410 12431 12577 12775 12786 12828 12831 12866 12914 12935 12955 12980 12993 13005 13128 13298 13338 13345 13389 13594
0462913594
INDICATING/RECORDING SYSTEMS - FWC - Install FWC H2-F8 for NEO EIS
ELECTRICAL POWER-AC MAIN GENERATION - DEFINE AND INSTALL IDG ON NEO PW ENGINE
07858 07871 08101 08155 08168 08218 08257 08617 08727 08732 08737 08740 08794 08832 08896 08901 08906 08919 08937 08957 08967 09000 0904409045 09076 09079 09082 09091 09095 09109 09138 09155 09157 09326 09332 09358 09376 09415 09452 09467 09496 09567 10011 10125 10128 10143 10222 10259 10272 10275 10331 10346 10367 10375 10382 10723 10751 10854 10878 10947 10973 11037 11048 11052 11090 11103 11111 11130 11144 1114711148 11160 11163 11212 11249 11333 11353 11361 11390 11446 11464 11506 11622 11658 11704 11843 11898 11944 11976 11999 12065 12075 12077 12115 12157 12364 12410 12431 12577 12775 12786 12828 12831 12866 12914 12935 12955 12980 12993 13005 13128 13298 13338 13345 13389 13594
0785813594
ICE AND RAIN PROTECTION - AIR INTAKES - CONNECT NACELLE ANTI ICING PUSH BUTTON TO ENGINE INTERFACE UNIT for PW engines (NEO CONFIGURATION)
07858 07871 08101 08155 08168 08218 08257 08617 08727 08732 08737 08740 08794 08832 08896 08901 08906 08919 08937 08957 08967 09000 0904409045 09076 09079 09082 09091 09095 09109 09138 09155 09157 09326 09332 09358 09376 09415 09452 09467 09496 09567 10011 10125 10128 10143 10222 10259 10272 10275 10331 10346 10367 10375 10382 10723 10751 10854 10878 10947 10973 11037 11048 11052 11090 11103 11111 11130 11144 1114711148 11160 11163 11212 11249 11333 11353 11361 11390 11446 11464 11506 11622 11658 11704 11843 11898 11944 11976 11999 12065 12075 12077 12115 12157 12364 12410 12431 12577 12775 12786 12828 12831 12866 12914 12935 12955 12980 12993 13005 13128 13298 13338 13345 13389 13594
0785813594
AUTO FLIGHT - FLIGHT MANAGEMENT AND GUIDANCE COMPUTER - INSTALL FMGC S7PI12 THALES ON IAE AIRCRAFT
06009 06294 07858 07871 08906 08937 09332 09358 09467 10011 10128 10272 10275 10331 10973 11037 11052 11090 11103 11111 11130 11144 11147 11160 11163 11249 11333 11361 11390 11446 11506 11658
06009 06294 0785807871 08906 08937 0933209358 09467 10011 10128 1027210331 1097311037 1105211147 1116011163 1124911333 1136111446 11506 11658
FLIGHT CONTROLS - ELEVATOR AILERON COMPUTER SYSTEM (ELAC) - INSTALL L97 STANDARD ON ELAC B WITH DATALOADING CAPABILITY
04629 04643 04654 04665 04682 04695 04698 04706 04755 04761 04774 04779 04788 04790 05025 05077 05083 05118 05154 05205 05254 05388 05450 05465 05490 05584 05604 05633 05663 05667 05689 06009 06086 06294 06508 06563 06599 06652 06657 06682 06709 06751 06758 06766 06781 06822 06869 06987 06990 07029 07089 07139 07146 07166 07242 07274 07299 07516 07518 07858 07871 08101 08155 08168 08218 08257 08617 08727 08732 08737 08740 08794 08832 08896 08901 08906 08919 08937 08957 08967 09000 0904409045 09076 09079 09082 09091 09095 09109 09138 09155 09157 09326 09332 09358 09376 09415 09452 09467 09496 09567 10011 10125 10128 10143 10222 10259 10272 10275 10331 10346 10367 10375 10382 10723 10751 10854 10878 10947 10973 11037 11048 11052 11090 11103 11111 11130 11144 1114711148 11160 11163 11212 11249 11333 11353 11361 11390 11446 11464 11506 11622 11658 11704 11843 11898 11944 11976 11999 12065 12075 12077 12115 12157 12364 12410 12431 12577 12775 12786 12828 12831 12866 12914 12935 12955 12980 12993 13005 13128 13298 13338 13345 13389 13594
0462913594
INDICATING/RECORDING SYSTEMS - SDAC ACQUISITION/INTERFACE - Install SDAC standard H2-E4
INFORMATION SYSTEMS - ATIMS ¿ COMPONENTS AND INTERFACES - INSTALL ATSU CSB8 FANS B+
02823 02868 02999 03015 03126 03185 0320703208 03239 03257 03283 03303 03341 03350 03382 03405 03429 03525 03539 03558 03567 03603 03637 03654 03673 03688 0371803719 03738 04629 04643 04654 04665 04682 04695 04698 04706 04755 04761 04774 04779 04788 04790 05077 05083 05118 05154 05205 05254 05388 05450 05465 05490 05584 05604 05633 05663 05667 05689 06009 06086 06294 06508 06563 06599 06652 06657 06682 06709 06751 06758 06766 06781 06822 06869 06987 06990 07029 07089 07139 07146 07166 07242 07274 07299 07516 07518 07871 08155 08257 08617 08727 08732 08740 08794 08919 08957 09000 09044 09076 09082 09095 09109 09138 09157 09326 09376 09415 09452 09496 09567 10125 10128 10143 10222 10259 10272 10275 10331 10346 10367 10375 10382 10723 10751 10854 10878 10947 10973 11037 11048 11090 11103 11144 1114711148 11212 11249 11353 11390 11464 11622 11658 11704 11843 11898 11944 11976 11999 12065 12075 12077 12115 12157 12364 12410 12431 12577 12775 12786 12828 12831 12866 12914 12935 12955 12980 12993 13005 13128 13298 13338 13345 13389 13594
0282304790 0507707518 07871 08155 0825708732 0874008794 08919 08957 0900009044 09076 09082 0909509138 0915709326 0937609452 0949609567 1012511048 1109011103 1114411148 1121211249 11353 11390 11464 1162213594
INFORMATION SYSTEMS - ATIMS - COMPONENTS AND INTERFACES ¿ INSTALL SOFTWARE ATSU ATC ARINC 623 APPLICATION FOR FANS B+ CSB8 STANDARD
06009 06294 06508 06563 06599 06652 06657 06682 06709 06751 06758 06766 06781 06822 06869 06987 06990 07029 07089 07139 07146 07166 07242 07274 07299 07516 07518 08155 08257 08617 08727 08732 08740 08794 08919 08957 09000 09044 09076 09082 09095 09109 09138 09157 09326 09376 09415 09452 09496 09567 10125 10128 10143 10222 10259 10272 10275 10331 10346 10367 10375 10382 10723 10751 10854 10878 10947 10973 11037 11048 11090 11103 11144 1114711148 11212 11249 11353 11390 11464 11622 11658 11704 11843 11898 11944 11976 11999 12065 12075 12077 12115 12157 12364 12410 12431 12577 12775 12786 12828 12831 12866 12914 12935 12955 12980 12993 13005 13128 13298 13338 13345 13389 13594
06009 0629407518 08155 0825708732 0874008794 08919 08957 0900009044 09076 09082 0909509138 0915709326 0937609452 0949609567 1012511048 1109011103 1114411148 1121211249 11353 11390 11464 1162213594
AUTO-FLIGHT - FLIGHT AUGMENTATION COMPUTER (FAC) - INSTALL STANDARD FAC CAA02 (SHARKLETS AND ROPS PROJECT) on A321 AIRCRAFT
06009 06294 06508 06563 06599 06652 06657 06682 06709 06751 06758 06766 06781 06822 06869 06987 06990 07029 07089 07139 07146 07166 07242 07274 07299 07516 07518 08155 08257 08617 08727 08732 08740 08794 08906 08919 08937 08957 09000 09044 09076 09082 09095 09109 09138 09157 09326 09376 09415 09452 09496 09567 10125 10128 10143 10222 10259 10272 10275 10331 10346 10367 10375 10382 10723 10751 10854 10878 10947 10973 11048 11144 11148 11212 11249 11353 11390 11464 11622 11658 11704 11843 11898 11944 11976 11999 12065 12075 12077 12115 12157 12364 12410 12431 12577 12775 12786 12828 12831 12866 12914 12935 12955 12980 12993 13005 13128 13298 13338 13345 13389 13594
06009 0629407518 08155 0825708732 0874008794 0890608957 0900009044 09076 09082 0909509138 0915709326 0937609452 0949609567 1012510973 11048 11144 11148 1121211249 11353 11390 11464 1162213594
NAVIGATION - ATC - INSTALL ACSS ATC XS-950 P/N 7517800-12401 COMPLIANT WITH DO-260B MANDATE
02823 02868 02999 03015 03126 03185 0320703208 03239 03257 03283 03303 03341 03350 03382 03405 03429 03525 03539 03558 03567 03603 03637 03654 03673 03688 0371803719 03738 05025 06009 06294 06869 06987 06990 07029 07089 07139 07146 07166 07242 07274 07299 07516 07518 07858 07871 08101 08155 08168 08218 08257 08617 08727 08732 08737 08740 08794 08832 08896 08901 08906 08919 08937 08957 08967 09000 0904409045 09076 09079 09082 09091 09095 09109 09138 09155 09157 09326 09332 09358 09376 09415 09452 09467 09496 09567 10011 10125 10128 10143 10222 10259 10272 10275 10331 10346 10367 10375 10382 10723 10751 10854 10878 10947 10973 11037 11048 11052 11090 11103 11111 11130 11144 1114711148 11160 11163 11212 11249 11333 11353 11361 11390 11446 11464 11506 11622 11658 11704 11843 11898 11944 11976 11999 12065 12075 12077 12115 12157 12364 12410 12431 12577 12775 12786 12828 12831 12866 12914 12935 12955 12980 12993 13005 13128 13298 13338 13345 13389 13594
0282303738 05025 06009 06294 0686913594
NAVIGATION - ATC - INSTALL AND CONFIGURE ROCKWELL COLLINS ATC TPR-901 P/N 822-1338-225 COMPLIANT WITH DO-260B MANDATE
04629 04643 04654 04665 04682 04695 04698 04706 04755 04761 04774 04779 04788 04790 05077 05083 05118 05154 05205 05254 05388 05450 05465 05490 05584 05633 05663 05667 05689 06508 06563 06599 06652 06657 06682 06709 06751 06758 06766 06781 06822 06869 06987 06990 07029 07089 07139 07146 07166 07242 07274 07299 07516 07518 08155 08257 08617 08727 08732 08740 08794 08919 08957 09000 09044 09076 09082 09095 09109 09138 09157 09326 09376 09415 09452 09496 09567 10125 10143 10222 10259 10346 10367 10375 10382 10723 10751 10854 10878 10947 11048 11148 11212 11353 11464 11622 11704 11843 11898 11944 11976 11999 12065 12075 12077 12115 12157 12364 12410 12431 12577 12775 12786 12828 12831 12866 12914 12935 12955 12980 12993 13005 13128 13298 13338 13345 13389 13594
0462904790 0507705584 0563305689 0650807518 08155 0825708732 0874008794 08919 08957 0900009044 09076 09082 0909509138 0915709326 0937609452 0949609567 10125 1014310259 1034610947 11048 11148 11212 11353 11464 11622 1170413594
ELECTRICAL GENERATION-BCL'S CHANGE
NAVIGATION GROUND PROXIMITY WARNING SYSTEM (GPWS) ACTIVATE RUNWAY AWARENESS AND ADVISORY SYSTEM (RAAS) FUNCTION ON MKV-A EGPWS HONEYWELL
06508 06563 06599 06652 06657 06682 06709 06751 06758 06766 06781 06822 06869 06987 06990 07029 07089 07139 07146 07166 07242 07274 07299 07516 07518 08155 08257 08617 08727 08732 08740 08794 08919 08957 09000 09044 09076 09082 09095 09109 09138 09157 09326 09376 09415 09452 09496 09567 10125 10143 10222 10259 10346 10367 10375 10382 10723 10751 10854 10878 10947 11048 11148 11212 11353 11464 11622 11704 11843 11898 11944 11976 11999 12065 12075 12077 12115 12157 12364 12410 12431 12577 12775 12786 12828 12831 12866 12914 12935 12955 12980 12993 13005 13128 13298 13338 13345 13389 13594
0650807518 08155 0825708732 0874008794 08919 08957 0900009044 09076 09082 0909509138 0915709326 0937609452 0949609567 10125 1014310259 1034610947 11048 11148 11212 11353 11464 11622 1170413594
CERTIFICATION DOCUMENTS - GENERAL - DEFINE SOFT GO AROUND FUNCTION FOR NEO
07858 07871 08101 08155 08168 08218 08257 08617 08727 08732 08737 08740 08794 08832 08896 08901 08906 08919 08937 08957 08967 09000 0904409045 09076 09079 09082 09091 09095 09109 09138 09155 09157 09326 09332 09358 09376 09415 09452 09467 09496 09567 10011 10125 10128 10143 10222 10259 10272 10275 10331 10346 10367 10375 10382 10723 10751 10854 10878 10947 10973 11037 11048 11052 11090 11103 11111 11130 11144 1114711148 11160 11163 11212 11249 11333 11353 11361 11390 11446 11464 11506 11622 11658 11704 11843 11898 11944 11976 11999 12065 12075 12077 12115 12157 12364 12410 12431 12577 12775 12786 12828 12831 12866 12914 12935 12955 12980 12993 13005 13128 13298 13338 13345 13389 13594
0785813594
INDICATING/RECORDING SYSTEMS - ELECTRONIC INSTRUMENT SYSTEM (EIS) - INTRODUCE EIS2 STANDARD S11
LIGHTS - GENERAL ILLUMINATION - INTRODUCE ADJUSTABLE LED LIGHTS MAP IN THE COCKPIT
08155 08257 08617 08727 08732 08740 08794 08919 08957 09000 09044 09076 09082 09095 09109 09138 09157 09326 09376 09415 09452 09496 09567 10125 10143 10222 10259 10346 10367 10375 10382 10723 10751 10854 10878 10947 11048 11148 11212 11353 11464 11622 11704 11843 11898 11944 11976 11999 12065 12075 12077 12115 12157 12364 12410 12431 12577 12775 12786 12828 12831 12866 12914 12935 12955 12980 12993 13005 13128 13298 13338 13345 13389 13594
08155 0825708732 0874008794 08919 08957 0900009044 09076 09082 0909509138 0915709326 0937609452 0949609567 10125 1014310259 1034610947 11048 11148 11212 11353 11464 11622 1170413594
AUTO FLIGHT - FMGC - INSTALL FMGC 3G S7API14 THALES ON PW/IAE AIRCRAFT
06009 06294 07858 07871 08906 08937 09332 09358 09467 10011 10128 10272 10275 10331 10973 11037 11052 11090 11103 11111 11130 11144 11147 11160 11163 11249 11333 11361 11390 11446 11506 11658
06009 06294 0785807871 08906 08937 0933209358 09467 10011 10128 1027210331 1097311037 1105211147 1116011163 1124911333 1136111446 11506 11658
AUTO FLIGHT - FLIGHT MANAGEMENT AND GUIDANCE COMPUTER (FMGC) - INSTALL FMGC 3G H2BPI14 FMS KIT PEGASUS II HONEYWELL ON IAE/PW AIRCRAFT
06508 06563 06599 06652 06657 06682 06709 06751 06758 06766 06781 06822 06869 06987 06990 07029 07089 07139 07146 07166 07242 07274 07299 07516 07518 07858 07871 08101 08155 08168 08218 08257 08617 08727 08732 08737 08740 08794 08832 08896 08901 08906 08919 08937 08957 08967 09000 0904409045 09076 09079 09082 09091 09095 09109 09138 09155 09157 09326 09332 09358 09376 09415 09452 09467 09496 09567 10011 10125 10128 10143 10222 10259 10272 10275 10331 10346 10367 10375 10382 10723 10751 10854 10878 10947 10973 11037 11048 11052 11090 11103 11111 11130 11144 1114711148 11160 11163 11212 11249 11333 11353 11361 11390 11446 11464 11506 11622 11658 11704 11843 11898 11944 11976 11999 12065 12075 12077 12115 12157 12364 12410 12431 12577 12775 12786 12828 12831 12866 12914 12935 12955 12980 12993 13005 13128 13298 13338 13345 13389 13594
0650813594
AUTO FLIGHT - FLIGHT MANAGEMENT AND GUIDANCE - INSTALL FMGC S7API12 THALES ON IAE A/C
06009 06294 07858 07871 08906 08937 09332 09358 09467 10011 10128 10272 10275 10331 10973 11037 11052 11090 11103 11111 11130 11144 11147 11160 11163 11249 11333 11361 11390 11446 11506 11658
06009 06294 0785807871 08906 08937 0933209358 09467 10011 10128 1027210331 1097311037 1105211147 1116011163 1124911333 1136111446 11506 11658
NAVIGATION - ATC/MODE S (SELECT) - ACTIVATE ADS-B OUT DO-260B CAPABILITY FOR ATC TRANSPONDEUR
02823 02868 02999 03015 03126 03185 0320703208 03239 03257 03283 03303 03341 03350 03382 03405 03429 03525 03539 03558 03567 03603 03637 03654 03673 03688 0371803719 03738 04629 04643 04654 04665 04682 04695 04698 04706 04755 04761 04774 04779 04788 04790 05025 05077 05083 05118 05154 05205 05254 05388 05450 05465 05490 05584 05633 05663 05667 05689 06009 06294 06508 06563 06599 06652 06657 06682 06709 06751 06758 06766 06781 06822 06869 06987 06990 07029 07089 07139 07146 07166 07242 07274 07299 07516 07518 07858 07871 08101 08155 08168 08218 08257 08617 08727 08732 08737 08740 08794 08832 08896 08901 08906 08919 08937 08957 08967 09000 0904409045 09076 09079 09082 09091 09095 09109 09138 09155 09157 09326 09332 09358 09376 09415 09452 09467 09496 09567 10011 10125 10128 10143 10222 10259 10272 10275 10331 10346 10367 10375 10382 10723 10751 10854 10878 10947 10973 11037 11048 11052 11090 11103 11111 11130 11144 1114711148 11160 11163 11212 11249 11333 11353 11361 11390 11446 11464 11506 11622 11658 11704 11843 11898 11944 11976 11999 12065 12075 12077 12115 12157 12364 12410 12431 12577 12775 12786 12828 12831 12866 12914 12935 12955 12980 12993 13005 13128 13298 13338 13345 13389 13594
0282305584 0563306009 0629413594
NAVIGATION - TRAFFIC AND TERRAIN INTEGRATED SURVEILLANCE SYSTEM (T/TISS) - Install ACSS T3CAS std 2 P/N 9005000-11203 capable DO-260B and ROPS
06009 06294 06869 06987 06990 07029 07089 07139 07146 07166 07242 07274 07299 07516 07518 07858 07871 08101 08155 08168 08218 08257 08617 08727 08732 08737 08740 08794 08832 08896 08901 08906 08919 08937 08957 08967 09000 0904409045 09076 09079 09082 09091 09095 09109 09138 09155 09157 09326 09332 09358 09376 09415 09452 09467 09496 09567 10011 10125 10128 10143 10222 10259 10272 10275 10331 10346 10367 10375 10382 10723 10751 10854 10878 10947 10973 11037 11048 11052 11090 11103 11111 11130 11144 1114711148 11160 11163 11212 11249 11333 11353 11361 11390 11446 11464 11506 11622 11658 11704 11843 11898 11944 11976 11999 12065 12075 12077 12115 12157 12364 12410 12431 12577 12775 12786 12828 12831 12866 12914 12935 12955 12980 12993 13005 13128 13298 13338 13345 13389 13594
06009 06294 0686913594
NAVIGATION - WEATHER RADAR SYSTEM - INSTALL COLLINS WXR SYSTEM WITH HAZARD FUNCTION (P/N 822-1710-411) IN FULL SINGLE CONFIGURATION
06751 06758 06766 06781 06822 06869 06987 06990 07029 07089 07139 07146 07166 07242 07274 07299 07516 07518 07858 07871 08101 08155 08168 08218 08257 08617 08727 08732 08737 08740 08794 08832 08896 08901 08906 08919 08937 08957 08967 09000 0904409045 09076 09079 09082 09091 09095 09109 09138 09155 09157 09326 09332 09358 09376 09415 09452 09467 09496 09567 10011 10125 10128 10143 10222 10259 10272 10275 10331 10346 10367 10375 10382 10723 10751 10854 10878 10947 10973 11037 11048 11052 11090 11103 11111 11130 11144 1114711148 11160 11163 11212 11249 11333 11353 11361 11390 11446 11464 11506 11622 11658 11704 11843 11898 11944 11976 11999 12065 12075 12077 12115 12157 12364 12410 12431 12577 12775 12786 12828 12831 12866 12914 12935 12955 12980 12993 13005
0675113005
CERTIFICATION: Certify A/C for turnaround at -54°C
10973
10973
NAVIGATION - TRAFFIC COLLISION AVOIDANCE SYSTEM (TCAS) - REINSTALL TCAS PROVISIONS CONFIGURATION
06508 06563 06599 06652 06657 06682 06709 06751 06758 06766 06781 06822 06869 06987 06990 07029 07089 07139 07146 07166 07242 07274 07299 07516 07518 08101 08155 08168 08218 08257 08617 08727 08732 08737 08740 08794 08832 08896 08901 08919 08957 08967 09000 0904409045 09076 09079 09082 09091 09095 09109 09138 09155 09157 09326 09376 09415 09452 09496 09567 10125 10143 10222 10259 10346 10367 10375 10382 10723 10751 10854 10878 10947 11048 11148 11212 11353 11464 11622 11704 11843 11898 11944 11976 11999 12065 12075 12077 12115 12157 12364 12410 12431 12577 12775 12786 12828 12831 12866 12914 12935 12955 12980 12993 13005 13128 13298 13338 13345 13389 13594
0650807518 0810108901 08919 0895709326 0937609452 0949609567 10125 1014310259 1034610947 11048 11148 11212 11353 11464 11622 1170413594
NAVIGATION - TRAFFIC COLLISION AVOIDANCE SYSTEM (TCAS) - REINSTALL TCAS HONEYWELL TPA-100B P/N 940-0351-001
08101 08168 08218 08737 08832 08896 08901 08967 09045 09079 09091 09155
08101 0816808218 08737 0883208901 08967 09045 09079 09091 09155
NAVIGATION - ATC/MODE S (SELECT) - REINSTALL XPDR1 AND XPDR2 TRA-67A P/N 066-01127-1101
06508 06563 06599 06652 06657 06682 06709 06751 06758 06766 06781 06822 06869 06987 06990 07029 07089 07139 07146 07166 07242 07274 07299 07516 07518 08101 08155 08168 08218 08257 08617 08727 08732 08737 08740 08794 08832 08896 08901 08919 08957 08967 09000 0904409045 09076 09079 09082 09091 09095 09109 09138 09155 09157 09326 09376 09415 09452 09496 09567 10125 10143 10222 10259 10346 10367 10375 10382 10723 10751 10854 10878 10947 11048 11148 11212 11353 11464 11622 11704 11843 11898 11944 11976 11999 12065 12075 12077 12115 12157 12364 12410 12431 12577 12775 12786 12828 12831 12866 12914 12935 12955 12980 12993 13005 13128 13298 13338 13345 13389 13594
0650807518 0810108901 08919 0895709326 0937609452 0949609567 10125 1014310259 1034610947 11048 11148 11212 11353 11464 11622 1170413594
NAVIGATION - ATC/MODE S (SELECT) - REINSTALL ATC XPDR HONEYWELL (TYPE TRA67A P/N 066-01127-1402)
08101 08168 08218 08737 08832 08896 08901 08967 09045 09079 09091 09155
08101 0816808218 08737 0883208901 08967 09045 09079 09091 09155
NAVIGATION - GROUND PROXIMITY WARNING SYSTEM (GPWS) - REINSTALL EGPWS P/N 965-1676-002
06508 06563 06599 06652 06657 06682 06709 06751 06758 06766 06781 06822 06869 06987 06990 07029 07089 07139 07146 07166 07242 07274 07299 07516 07518 08101 08155 08168 08218 08257 08617 08727 08732 08737 08740 08794 08832 08896 08901 08919 08957 08967 09000 0904409045 09076 09079 09082 09091 09095 09109 09138 09155 09157 09326 09376 09415 09452 09496 09567 10125 10143 10222 10259 10346 10367 10375 10382 10723 10751 10854 10878 10947 11048 11148 11212 11353 11464 11622 11704 11843 11898 11944 11976 11999 12065 12075 12077 12115 12157 12364 12410 12431 12577 12775 12786 12828 12831 12866 12914 12935 12955 12980 12993 13005 13128 13298 13338 13345 13389 13594
0650807518 0810108901 08919 0895709326 0937609452 0949609567 10125 1014310259 1034610947 11048 11148 11212 11353 11464 11622 1170413594
NAVIGATION - GROUND PROXIMITY WARNING SYSTEM (GPWS) - REACTIVATE GEO ALTI/PEAKS/OBSTACLE/LATERAL GPS POSITION
06508 06563 06599 06652 06657 06682 06709 06751 06758 06766 06781 06822 06869 06987 06990 07029 07089 07139 07146 07166 07242 07274 07299 07516 07518 08101 08155 08168 08218 08257 08617 08727 08732 08737 08740 08794 08832 08896 08901 08919 08957 08967 09000 0904409045 09076 09079 09082 09091 09095 09109 09138 09155 09157 09326 09376 09415 09452 09496 09567 10125 10143 10222 10259 10346 10367 10375 10382 10723 10751 10854 10878 10947 11048 11148 11212 11353 11464 11622 11704 11843 11898 11944 11976 11999 12065 12075 12077 12115 12157 12364 12410 12431 12577 12775 12786 12828 12831 12866 12914 12935 12955 12980 12993 13005 13128 13298 13338 13345 13389 13594
0650807518 0810108901 08919 0895709326 0937609452 0949609567 10125 1014310259 1034610947 11048 11148 11212 11353 11464 11622 1170413594
AUTO FLIGHT - FMGC - REINSTALL HNWL FM H2 and IAE HNWL FG PI11
06294
06294
NAVIGATION - WEATHER RADAR SYSTEM - Install new RDR-4000 step 2 Radar Processor and activate WX ahead function (for FULL SINGLE CONFIGURATION)
08617 08727 08732 08737 08740 08794 08832 08896 08901 08906 08919 08937 08957 08967 09000 0904409045 09076 09079 09082 09091 09095 09109 09138 09155 09157 09326 09332 09358 09376 09415 09452 09467 09496 09567 10011 10125 10128 10143 10222 10259 10272 10275 10331 10346 10367 10375 10382 10723 10751 10854 10878 10947 10973 11037 11048 11052 11090 11103 11111 11130 11144 1114711148 11160 11163 11212 11249 11333 11353 11361 11390 11446 11464 11506 11622 11658 11704 11843 11898 11944 11976 11999 12065 12075 12077 12115 12157 12364 12410 12431 12577 12775 12786 12828 12831 12866 12914 12935 12955 12980 12993 13005 13128 13298 13338 13345 13389 13594
0861713594
NAVIGATION - ATC MODE "S" - ACTIVATION OF SELECTIVE INTERROGATION FUNCTION
FLIGHT CONTROLS - ELEVATOR AILERON COMPUTER SYSTEM (ELAC) - INSTALL ELAC B L97+ WITH DATA LOADING CAPABILITY
04629 04643 04654 04665 04682 04695 04698 04706 04755 04761 04774 04779 04788 04790 05025 05077 05083 05118 05154 05205 05254 05388 05450 05465 05490 05584 05604 05633 05663 05667 05689 06009 06086 06294 06508 06563 06599 06652 06657 06682 06709 06751 06758 06766 06781 06822 06869 06987 06990 07029 07089 07139 07146 07166 07242 07274 07299 07516 07518 07858 07871 08101 08155 08168 08218 08257 08617 08727 08732 08737 08740 08794 08832 08896 08901 08906 08919 08937 08957 08967 09000 0904409045 09076 09079 09082 09091 09095 09109 09138 09155 09157 09326 09332 09358 09376 09415 09452 09467 09496 09567 10011 10125 10128 10143 10222 10259 10272 10275 10331 10346 10367 10375 10382 10723 10751 10854 10878 10947 10973 11037 11048 11052 11090 11103 11111 11130 11144 1114711148 11160 11163 11212 11249 11333 11353 11361 11390 11446 11464 11506 11622 11658 11704 11843 11898 11944 11976 11999 12065 12075 12077 12115 12157 12364 12410 12431 12577 12775 12786 12828 12831 12866 12914 12935 12955 12980 12993 13005 13128 13298 13338 13345 13389 13594
0462913594
NAVIGATION - ATC/MODE S (SELECT) - Configure DO-260B TRANSPONDER ATC 1
02823 02868 02999 03015 03126 03185 0320703208 03239 03257 03283 03303 03341 03350 03382 03405 03429 03525 03539 03558 03567 03603 03637 03654 03673 03688 0371803719 03738 04629 04643 04654 04665 04682 04695 04698 04706 04755 04761 04774 04779 04788 04790 05025 05077 05083 05118 05154 05205 05254 05388 05450 05465 05490 05584 05633 05663 05667 05689 06009 06294 06508 06563 06599 06652 06657 06682 06709 06751 06758 06766 06781 06822 06869 06987 06990 07029 07089 07139 07146 07166 07242 07274 07299 07516 07518 07858 07871 08101 08155 08168 08218 08257 08617 08727 08732 08737 08740 08794 08832 08896 08901 08906 08919 08937 08957 08967 09000 0904409045 09076 09079 09082 09091 09095 09109 09138 09155 09157 09326 09332 09358 09376 09415 09452 09467 09496 09567 10011 10125 10128 10143 10222 10259 10272 10275 10331 10346 10367 10375 10382 10723 10751 10854 10878 10947 10973 11037 11048 11052 11090 11103 11111 11130 11144 1114711148 11160 11163 11212 11249 11333 11353 11361 11390 11446 11464 11506 11622 11658 11704 11843 11898 11944 11976 11999 12065 12075 12077 12115 12157 12364 12410 12431 12577 12775 12786 12828 12831 12866 12914 12935 12955 12980 12993 13005 13128 13298 13338 13345 13389 13594
0282305584 0563306009 0629413594
INDICATING/RECORDING SYSTEMS - ELECTRONIC INSTRUMENT SYSTEM (EIS) - INTRODUCE EIS2 S12 STANDARD
INDICATING/RECORDING SYSTEMS - FLIGHT WARNING COMPUTER (FWC) - INSTALL FWC H2-F8P FOR A320NEO PW TC
POWER PLANT - FAN COWL DOORS - INTRODUCE IMPROVED FAN COWL DOOR LATCH WITH KEY & FLAG ON IAE V2500 ENGINE
02823 02868 02999 03015 03126 03185 0320703208 03239 03257 03283 03303 03341 03350 03382 03405 03429 03525 03539 03558 03567 03603 03637 03654 03673 03688 0371803719 03738 04629 04643 04654 04665 04682 04695 04698 04706 04755 04761 04774 04779 04788 04790 05025 05077 05083 05118 05154 05205 05254 05388 05450 05465 05490 05584 05604 05633 05663 05667 05689 06009 06086 06508 06563 06599 06652 06657 06682 06709 06751 06758 06766 06781 06822 06869 06987 06990 07029 07089 07139 07146 07166 07242 07274 07299 07516 07518
0282306086 0650807518
INDICATING/RECORDING SYSTEM - EIS - INTRODUCE EIS2 S13 STANDARD
INDICATING/RECORDING SYSTEMS - FLIGHT WARNING COMPUTER (FWC) - INSTALL FWC H2-F9 STANDARD
NAVIGATION - TRAFFIC AND TERRAIN INTEGRATED SURVEILLANCE SYSTEM (T/TISS) - REINSTALL T3CAS STD 1.2 AND ACSS ATC XS-950
06869 06987 06990 07029 07089 07139 07146 07166 07242 07274 07299 07516 07518 08101 08155 08168 08218 08257 08617 08727 08732 08737 08740 08794 08832 08896 08901 08919 08957 08967 09000 0904409045 09076 09079 09082 09091 09095 09109 09138 09155 09157 09326 09376 09415 09452 09496 09567 10125 10143 10222 10259 10346 10367 10375 10382 10723 10751 10854 10878 10947 11048 11148 11212 11353 11464 11622 11704 11843 11898 11944 11976 11999 12065 12075 12077 12115 12157 12364 12410 12431 12577 12775 12786 12828 12831 12866 12914 12935 12955 12980 12993 13005 13128 13298 13338 13345 13389 13594
0686907518 0810108901 08919 0895709326 0937609452 0949609567 10125 1014310259 1034610947 11048 11148 11212 11353 11464 11622 1170413594
ELECTRICAL POWER-"BAT OFF"INDICATOR LIGHT POWER SOURCE MODIFIED
NAVIGATION - ATC/MODE S (SELECT) - RE-CONFIGURE ATC1 WIRING IN DO260A CONF (ANTI-MOD 156506/P14582 & MOD 157970/P15322)
06869 06987 06990 08101 08168 08218
0686906990 08101 0816808218
NAVIGATION - ATC/MODE S (SELECT) - RE-ACTIVATE THE TRANSPONDER MONITORING ON SDAC / FWC
02823 02868 02999 03015 03126 03185 0320703208 03239 03257 03283 03303 03341 03350 03382 03405 03429 03525 03539 03558 03567 03603 03637 03654 03673 03688 0371803719 03738 04629 04643 04654 04665 04682 04695 04698 04706 04755 04761 04774 04779 04788 04790 05025 05077 05083 05118 05154 05205 05254 05388 05450 05465 05490 05584 05633 05663 05667 05689 06009 06294 06508 06563 06599 06652 06657 06682 06709 06751 06758 06766 06781 06822 06869 06987 06990 07029 07089 07139 07146 07166 07242 07274 07299 07516 07518 07858 07871 08101 08155 08168 08218 08257 08617 08727 08732 08737 08740 08794 08832 08896 08901 08906 08919 08937 08957 08967 09000 0904409045 09076 09079 09082 09091 09095 09109 09138 09155 09157 09326 09332 09358 09376 09415 09452 09467 09496 09567 10011 10125 10128 10143 10222 10259 10272 10275 10331 10346 10367 10375 10382 10723 10751 10854 10878 10947 10973 11037 11048 11052 11090 11103 11111 11130 11144 1114711148 11160 11163 11212 11249 11333 11353 11361 11390 11446 11464 11506 11622 11658 11704 11843 11898 11944 11976 11999 12065 12075 12077 12115 12157 12364 12410 12431 12577 12775 12786 12828 12831 12866 12914 12935 12955 12980 12993 13005 13128 13298 13338 13345 13389 13594
0282305584 0563306009 0629413594
AUTO FLIGHT - GENERAL - Activate ROPS function on SA-NEO
08737 08832 08896 08901 08906 08937 08967 09045 09079 09091 09155 09332 09358 09467 09567 10011 10125 10128 10143 10222 10259 10272 10275 10331 10346 10367 10375 10382 10723 10751 10854 10878 10947 10973 11037 11048 11052 11090 11103 11111 11130 11144 1114711148 11160 11163 11212 11249 11333 11353 11361 11390 11446 11464 11506 11622 11658 11704 11843 11898 11944 11976 11999 12065 12075 12077 12115 12157 12364 12410 12431 12577 12775 12786 12828 12831 12866 12914 12935 12955 12980 12993 13005 13128 13298 13338 13345 13389 13594
08737 0883208906 08937 08967 09045 09079 09091 09155 0933209358 09467 0956713594
AUTOFLIGHT - FMGC - REINSTALL FMGC P1I8 (IAE/PW)(ANTIMOD OF MOD 161228/P14095)
07858 07871 08906 08937 09332 09358 09467 10011 10128 10272 10275 10331 10973 11037 11052 11090 11103 11111 11130 11144 11147 11160 11163 11249 11333 11361 11390 11446 11506 11658
0785807871 08906 08937 0933209358 09467 10011 10128 1027210331 1097311037 1105211147 1116011163 1124911333 1136111446 11506 11658
FIRE PROTECTION - ENGINE FIRE EXTINGUISHING - CERTIFY SINGLE ENGINE TAXI WITHOUT APU RUNNING (NEO PW & CFM)
07858 07871 08101 08155 08168 08218 08257 08617 08727 08732 08737 08740 08794 08832 08896 08901 08906 08919 08937 08957 08967 09000 0904409045 09076 09079 09082 09091 09095 09109 09138 09155 09157 09326 09332 09358 09376 09415 09452 09467 09496 09567 10011 10125 10128 10143 10222 10259 10272 10275 10331 10346 10367 10375 10382 10723 10751 10854 10878 10947 10973 11037 11048 11052 11090 11103 11111 11130 11144 1114711148 11160 11163 11212 11249 11333 11353 11361 11390 11446 11464 11506 11622 11658 11704 11843 11898 11944 11976 11999 12065 12075 12077 12115 12157 12364 12410 12431 12577 12775 12786 12828 12831 12866 12914 12935 12955 12980 12993 13005 13128 13298 13338 13345 13389 13594
0785813594
AUTO FLIGHT - FMGC - INTRODUCE FG PI15 ASSOCIATED WITH HONEYWELL FMS H2C
06508 06563 06599 06652 06657 06682 06709 06751 06758 06766 06781 06822 06869 06987 06990 07029 07089 07139 07146 07166 07242 07274 07299 07516 07518 07858 07871 08101 08155 08168 08218 08257 08617 08727 08732 08737 08740 08794 08832 08896 08901 08906 08919 08937 08957 08967 09000 0904409045 09076 09079 09082 09091 09095 09109 09138 09155 09157 09326 09332 09358 09376 09415 09452 09467 09496 09567 10011 10125 10128 10143 10222 10259 10272 10275 10331 10346 10367 10375 10382 10723 10751 10854 10878 10947 10973 11037 11048 11052 11090 11103 11111 11130 11144 1114711148 11160 11163 11212 11249 11333 11353 11361 11390 11446 11464 11506 11622 11658 11704 11843 11898 11944 11976 11999 12065 12075 12077 12115 12157 12364 12410 12431 12577 12775 12786 12828 12831 12866 12914 12935 12955 12980 12993 13005 13128 13298 13338 13345 13389 13594
0650813594
AUTO FLIGHT - FMGC - INTRODUCE FG PI15 ASSOCIATED WITH THALES FM S7A
06009 06294 07858 07871 08906 08937 09332 09358 09467 10011 10128 10272 10275 10331 10973 11037 11052 11090 11103 11111 11130 11144 11147 11160 11163 11249 11333 11361 11390 11446 11506 11658
06009 06294 0785807871 08906 08937 0933209358 09467 10011 10128 1027210331 1097311037 1105211147 1116011163 1124911333 1136111446 11506 11658
NAVIGATION - GENERAL - CERTIFY RNP AR CAPABILITY (STEP 3) ON SINGLE AISLE NEO
08155 08257 08617 08727 08732 08740 08794 08919 08957 09000 09044 09076 09082 09095 09109 09138 09157 09326 09376 09415 09452 09496 09567 10125 10143 10222 10259 10346 10367 10375 10382 10723 10751 10854 10878 10947 10973 11037 11048 11090 11103 11144 1114711148 11212 11249 11353 11390 11464 11622 11658 11704 11843 11898 11944 11976 11999 12065 12075 12077 12115 12157 12364 12410 12431 12577 12775 12786 12828 12831 12866 12914 12935 12955 12980 12993 13005 13128 13298 13338 13345 13389 13594
08155 0825708732 0874008794 08919 08957 0900009044 09076 09082 0909509138 0915709326 0937609452 0949609567 10125 1014310259 1034611048 1109011103 1114411148 1121211249 11353 11390 11464 1162213594
INDICATING/RECORDING SYSTEM - FWC - DEFINE RADIO ALTITUDE AUTOMATIC CALL-OUTS
10973 11144 11249 11390 11658
10973 11144 11249 11390 11658
NAVIGATION - ILS - Install MMR Rockwell Collins GLU-2100
11052 11111 11130 11160 11163 11333 11361 11446 11464 11506 11622 11658 11704 11843 11898 11944 11976 11999 12065 12075 12077 12115 12157 12364 12410 12431 12577 12775 12786 12828 12831 12866 12914 12935 12955 12980 12993 13005 13128 13298 13338 13345 13389 13594
11052 1111111130 1116011163 11333 11361 1144613594
NAVIGATION - ILS - Install Honeywell IMMR L1A
11622 11658 11704 11843 11898 11944 11976 11999 12065 12075 12077 12115 12157 12364 12410 12431 12577 12775 12786 12828 12831 12866 12914 12935 12955 12980 12993 13005 13128 13298 13338 13345 13389 13594
1162213594
ENGINE FUEL AND CONTROL - FULL AUTHORITY DIGITAL ENGINE CONTROL (FADEC) SYSTEM - INTRODUCE NEW FADEC SOFTWARE ON SA NEO PW
07858 07871 08101 08155 08168 08218 08257 08617 08727 08732 08737 08740 08794 08832 08896 08901 08906 08919 08937 08957 08967 09000 0904409045 09076 09079 09082 09091 09095 09109 09138 09155 09157 09326 09332 09358 09376 09415 09452 09467 09496 09567 10011 10125 10128 10143 10222 10259 10272 10275 10331 10346 10367 10375 10382 10723 10751 10854 10878 10947 10973 11037 11048 11052 11090 11103 11111 11130 11144 1114711148 11160 11163 11212 11249 11333 11353 11361 11390 11446 11464 11506 11622 11658 11704 11843 11898 11944 11976 11999 12065 12075 12077 12115 12157 12364 12410 12431 12577 12775 12786 12828 12831 12866 12914 12935 12955 12980 12993 13005 13128 13298 13338 13345 13389 13594
0785813594
GENERAL-FLIGHT ENVELOPE EXTENSION - NEO PW - GRD OPERATION TO 9200FT
07858 07871 08101 08168 08218 08737 08832 08896 08901 08967 09045 09079 09091 09155 09332 09358 09467 10011 11037 11052 11090 11103 11111 11130 11147 11160 11163 11333 11361 11446 11506
0785808101 0816808218 08737 0883208901 08967 09045 09079 09091 09155 0933209358 09467 10011 11037 1105211130 11147 1116011163 11333 11361 11446 11506
ENGINE - GENERAL - REDUCE #3/#4 DAMPER GAP ON NEO PW
07858 07871 08101 08155 08168 08218 08257 08617 08727 08732 08737 08740 08794 08832 08896 08901 08906 08919 08937 08957 08967 09000 0904409045 09076 09079 09082 09091 09095 09109 09138 09155 09157 09326 09332 09358 09376 09415 09452 09467 09496 09567 10011 10125 10128 10143 10222 10259 10272 10275 10331 10346 10367 10375 10382 10723 10751 10854 10878 10947 10973 11037 11048 11052 11090 11103 11111 11130 11144 1114711148 11160 11163 11212 11249 11333 11353 11361 11390 11446 11464 11506 11622 11658 11704 11843 11898 11944 11976 11999 12065 12075 12077 12115 12157 12364 12410 12431 12577 12775 12786 12828 12831 12866 12914 12935 12955 12980 12993 13005 13128 13298 13338 13345 13389 13594
0785813594
NAVIGATION - ATC/MODE S (SELECT) - INSTALL HONEYWELL ATC TRA-100B COMPLIANT WITH DO-260B Mandate
08101 08168 08218 08737 08832 08896 08901 08967 09045 09079 09091 09155
08101 0816808218 08737 0883208901 08967 09045 09079 09091 09155
AUTO FLIGHT - FLIGHT MANAGEMENT GUIDANCE AND ENVELOPE COMPUTER (FMGC) - INSTALL HONEYWELL PDB FOR A320NEOPW POST-EIS
07858 07871 08101 08155 08168 08218 08257 08617 08727 08732 08737 08740 08794 08832 08896 08901 08906 08919 08937 08957 08967 09000 0904409045 09076 09079 09082 09091 09095 09109 09138 09155 09157 09326 09332 09358 09376 09415 09452 09467 09496 09567 10011 10125 10128 10143 10222 10259 10272 10275 10331 10346 10367 10375 10382 10723 10751 10854 10878 10947 10973 11037 11048 11052 11090 11103 11111 11130 11144 1114711148 11160 11163 11212 11249 11333 11353 11361 11390 11446 11464 11506 11622 11658 11704 11843 11898 11944 11976 11999 12065 12075 12077 12115 12157 12364 12410 12431 12577 12775 12786 12828 12831 12866 12914 12935 12955 12980 12993 13005 13128 13298 13338 13345 13389 13594
0785813594
AUTO FLIGHT - FLIGHT MANAGEMENT GUIDANCE AND ENVELOPE COMPUTER (FMGC) - INSTALL THALES PDB FOR A320NEOPW POST-EIS
07858 07871 08906 08937 09332 09358 09467 10011 10128 10272 10275 10331 10973 11037 11052 11090 11103 11111 11130 11144 11147 11160 11163 11249 11333 11361 11390 11446 11506 11658
0785807871 08906 08937 0933209358 09467 10011 10128 1027210331 1097311037 1105211147 1116011163 1124911333 1136111446 11506 11658
NAVIGATION - AIR DATA - Install and define reversible Back-Up Speed Scale function
07858 07871 08101 08155 08168 08218 08257 08617 08727 08732 08737 08740 08794 08832 08896 08901 08906 08919 08937 08957 08967 09000 0904409045 09076 09079 09082 09091 09095 09109 09138 09155 09157 09326 09332 09358 09376 09415 09452 09467 09496 09567 10011 10125 10128 10143 10222 10259 10272 10275 10331 10346 10367 10375 10382 10723 10751 10854 10878 10947 10973 11037 11048 11052 11090 11103 11111 11130 11144 1114711148 11160 11163 11212 11249 11333 11353 11361 11390 11446 11464 11506 11622 11658 11704 11843 11898 11944 11976 11999 12065 12075 12077 12115 12157 12364 12410 12431 12577 12775 12786 12828 12831 12866 12914 12935 12955 12980 12993 13005 13128 13298 13338 13345 13389 13594
0785813594
INDICATING/RECORDING SYSTEM - DMC - Activate reversible Back-Up Speed Scale (BUSS) through push button function (UAMM 1.1) by pin programming
07858 07871 08101 11843 11898 11944 11976 11999 12065 12075 12077 12115 12157 12364 12410 12431 12577 12775 12786 12828 12831 12866 12914 12935 12955 12980 12993 13005 13128 13298 13338 13345 13389 13594
0785808101 1184313594
NAVIGATION - ILS - ACTIVATE VOR MARKER FUNCTION IN COLLINS MMR GLU-2100
11464 11622 11658 11704 11843 11898 11944 11976 11999 12065 12075 12077 12115 12157 12364 12410 12431 12577 12775 12786 12828 12831 12866 12914 12935 12955 12980 12993 13005 13128 13298 13338 13345 13389 13594
11464 1162213594
NAVIGATION - ILS - ACTIVATE VOR MARKER FUNCTION ON HONEYWELL IMMR
11622 11658 11704 11843 11898 11944 11976 11999 12065 12075 12077 12115 12157 12364 12410 12431 12577 12775 12786 12828 12831 12866 12914 12935 12955 12980 12993 13005 13128 13298 13338 13345 13389 13594
1162213594
AUTO-FLIGHT - FLIGHT AUGMENTATION COMPUTER (FAC) - INSTALL FAC CAA06
06009 06294 06508 06563 06599 06652 06657 06682 06709 06751 06758 06766 06781 06822 06869 06987 06990 07029 07089 07139 07146 07166 07242 07274 07299 07516 07518 07858 07871 08101 08155 08168 08218 08257 08617 08727 08732 08737 08740 08794 08832 08896 08901 08906 08919 08937 08957 08967 09000 0904409045 09076 09079 09082 09091 09095 09109 09138 09155 09157 09326 09332 09358 09376 09415 09452 09467 09496 09567 10011 10125 10128 10143 10222 10259 10272 10275 10331 10346 10367 10375 10382 10723 10751 10854 10878 10947 10973 11037 11048 11052 11090 11103 11111 11130 11144 1114711148 11160 11163 11212 11249 11333 11353 11361 11390 11446 11464 11506 11622 11658 11704 11843 11898 11944 11976 11999 12065 12075 12077 12115 12157 12364 12410 12431 12577 12775 12786 12828 12831 12866 12914 12935 12955 12980 12993 13005 13128 13298 13338 13345 13389 13594
06009 0629413594
AUTO FLIGHT - GENERAL - Introduce CAT2/CAT3 Autoland on SA NEO Family
07858 07871 08101 08155 08168 08218 08257 08617 08727 08732 08737 08740 08794 08832 08896 08901 08906 08919 08937 08957 08967 09000 0904409045 09076 09079 09082 09091 09095 09109 09138 09155 09157 09326 09332 09358 09376 09415 09452 09467 09496 09567 10011 10125 10128 10143 10222 10259 10272 10275 10331 10346 10367 10375 10382 10723 10751 10854 10878 10947 10973 11037 11048 11052 11090 11103 11111 11130 11144 1114711148 11160 11163 11212 11249 11333 11353 11361 11390 11446 11464 11506 11622 11658 11704 11843 11898 11944 11976 11999 12065 12075 12077 12115 12157 12364 12410 12431 12577 12775 12786 12828 12831 12866 12914 12935 12955 12980 12993 13005 13128 13298 13338 13345 13389 13594
0785813594
ENGINE - HIGH PRESSURE COMPRESSOR (HPC) ASSEMBLY - NEO PW - ADD CBN COATING ON HPC
07858 07871 08101 08155 08168 08218 08257 08617 08727 08732 08737 08740 08794 08832 08896 08901 08906 08919 08937 08957 08967 09000 0904409045 09076 09079 09082 09091 09095 09109 09138 09155 09157 09326 09332 09358 09376 09415 09452 09467 09496 09567 10011 10125 10128 10143 10222 10259 10272 10275 10331 10346 10367 10375 10382 10723 10751 10854 10878 10947 10973 11037 11048 11052 11090 11103 11111 11130 11144 1114711148 11160 11163 11212 11249 11333 11353 11361 11390 11446 11464 11506 11622 11658 11704 11843 11898 11944 11976 11999 12065 12075 12077 12115 12157 12364 12410 12431 12577 12775 12786 12828 12831 12866 12914 12935 12955 12980 12993 13005 13128 13298 13338 13345 13389 13594
0785813594
ENGINE - GENERAL - DEFINE, INSTALL AND ACTIVATE DUAL COOLING ON NEO PW ENGINES
07858 07871 08101 08155 08168 08218 08257 08617 08727 08732 08737 08740 08794 08832 08896 08901 08906 08919 08937 08957 08967 09000 0904409045 09076 09079 09082 09091 09095 09109 09138 09155 09157 09326 09332 09358 09376 09415 09452 09467 09496 09567 10011 10125 10128 10143 10222 10259 10272 10275 10331 10346 10367 10375 10382 10723 10751 10854 10878 10947 10973 11037 11048 11052 11090 11103 11111 11130 11144 1114711148 11160 11163 11212 11249 11333 11353 11361 11390 11446 11464 11506 11622 11658 11704 11843 11898 11944 11976 11999 12065 12075 12077 12115 12157 12364 12410 12431 12577 12775 12786 12828 12831 12866 12914 12935 12955 12980 12993 13005 13128 13298 13338 13345 13389 13594
0785813594
ENGINE FUEL AND CONTROL - FUNCTIONAL INTERFACES - Install EIU software S3.1 on NEO A/C
07858 07871 08101 08155 08168 08218 08257 08617 08727 08732 08737 08740 08794 08832 08896 08901 08906 08919 08937 08957 08967 09000 0904409045 09076 09079 09082 09091 09095 09109 09138 09155 09157 09326 09332 09358 09376 09415 09452 09467 09496 09567 10011 10125 10128 10143 10222 10259 10272 10275 10331 10346 10367 10375 10382 10723 10751 10854 10878 10947 10973 11037 11048 11052 11090 11103 11111 11130 11144 1114711148 11160 11163 11212 11249 11333 11353 11361 11390 11446 11464 11506 11622 11658 11704 11843 11898 11944 11976 11999 12065 12075 12077 12115 12157 12364 12410 12431 12577 12775 12786 12828 12831 12866 12914 12935 12955 12980 12993 13005 13128 13298 13338 13345 13389 13594
0785813594
INDICATING/RECORDING SYSTEMS - FLIGHT WARNING COMPUTER (FWC) - INSTALL FWC H2-F9C STANDARD
INDICATING/RECORDING SYSTEMS - FLIGHT WARNING COMPUTER (FWC) - INSTALL FWC H2-F9D
INDICATING/RECORDING SYSTEMS - FLIGHT WARNING COMPUTER (FWC) - INSTALL FWC H2-F9E
ENGINE FUEL AND CONTROL - FULL AUTHORITY DIGITAL ENGINE CONTROL (FADEC) SYSTEM - INTRODUCE FCS3.1 FADEC ON NEO PW
07858 07871 08101 08155 08168 08218 08257 08617 08727 08732 08737 08740 08794 08832 08896 08901 08906 08919 08937 08957 08967 09000 0904409045 09076 09079 09082 09091 09095 09109 09138 09155 09157 09326 09332 09358 09376 09415 09452 09467 09496 09567 10011 10125 10128 10143 10222 10259 10272 10275 10331 10346 10367 10375 10382 10723 10751 10854 10878 10947 10973 11037 11048 11052 11090 11103 11111 11130 11144 1114711148 11160 11163 11212 11249 11333 11353 11361 11390 11446 11464 11506 11622 11658 11704 11843 11898 11944 11976 11999 12065 12075 12077 12115 12157 12364 12410 12431 12577 12775 12786 12828 12831 12866 12914 12935 12955 12980 12993 13005 13128 13298 13338 13345 13389 13594
0785813594
ENGINE FUEL AND CONTROL-FUNCTIONAL INTERFACES-Install A429 links between MMR/clock and EIU to acquire time for cooling computed by FADEC on NEO A/C
07858 07871 08101 08155 08168 08218 08257 08617 08727 08732 08737 08740 08794 08832 08896 08901 08906 08919 08937 08957 08967 09000 0904409045 09076 09079 09082 09091 09095 09109 09138 09155 09157 09326 09332 09358 09376 09415 09452 09467 09496 09567 10011 10125 10128 10143 10222 10259 10272 10275 10331 10346 10367 10375 10382 10723 10751 10854 10878 10947 10973 11037 11048 11052 11090 11103 11111 11130 11144 1114711148 11160 11163 11212 11249 11333 11353 11361 11390 11446 11464 11506 11622 11658 11704 11843 11898 11944 11976 11999 12065 12075 12077 12115 12157 12364 12410 12431 12577 12775 12786 12828 12831 12866 12914 12935 12955 12980 12993 13005 13128 13298 13338 13345 13389 13594
0785813594
NAVIGATION - GENERAL - EXTEND MAGVAR OPERATION DOMAIN
05025 10723 10751 10854 10878 10947 10973 11037 11048 11052 11090 11103 11111 11130 11144 1114711148 11160 11163 11212 11249 11333 11353 11361 11390 11446 11464 11506 11622 11658 11704 11843 11898 11944 11976 11999 12065 12075 12077 12115 12157 12364 12410 12431 12577 12775 12786 12828 12831 12866 12914 12935 12955 12980 12993 13005 13128 13298 13338 13345 13389 13594
05025 1072313594
NAVIGATION - MODIFY GPWC WARNINGS
HYDRAULICS-MODIFICATION OF ELECTRICAL ROUTING OF GREEN LEAKAGE MEASUREMENT ELECTROVALVE CONTROL
FLIGHT CONTROLS-ELAC SYSTEM-EFCS ELAC -SOFTWARE L62
AIR CONDITIONING-INSTALLATION OF CIRCUIT BREAKER FOR REAR CARGO COMPARTMENT VALVE SUPPLY
02823 02868 02999 03015 03126 03185 0320703208 03239 03257 03283 03303 03341 03350 03405 03429 03525 03539 03558 03567 03603 03654 0371803719 04629 04643 04654 04665 04682 04695 04698 04706 04755 04761 04774 04779 04788 04790 05025 05077 05083 05118 05154 05205 05254 05388 05450 05465 05490 05584 05633 05663 05667 05689 06508 06563 06599 06652 06657 06682 06709 06751 06758 06766 06781 06822 06869 06987 06990 07029 07089 07139 07146 07166 07242 07274 07299 07516 07518 08155 08257 08617 08727 08732 08740 08794 08919 08957 09000 09044 09076 09082 09095 09109 09138 09157 09326 09376 09415 09452 09496 09567 10125 10143 10222 10259 10346 10367 10375 10382 10723 10751 10854 10878 10947 11037 11048 11090 11103 1114711148 11212 11353 11464 11622 11704 11843 11898 11944 11976 11999 12065 12075 12077 12115 12157 12364 12410 12431 12577 12775 12786 12828 12831 12866 12914 12935 12955 12980 12993 13005 13128 13298 13338 13345 13389 13594
0282303350 0340503603 03654 0371803719 0462905584 0563305689 0650807518 08155 0825708732 0874008794 08919 08957 0900009044 09076 09082 0909509138 0915709326 0937609452 0949609567 10125 1014310259 1034610947 1103711048 1109011103 1114711148 11212 11353 11464 11622 1170413594
AIR CONDITIONING-ESSENTIAL DC SUPPLY FOR FORWARD CARGO COMPARTMENT SHUT-OFF VALVES
06009 06294 10973 11144 11249 11658
06009 06294 10973 11144 11249 11658
AIR CONDITIONING-ESSENTIAL DC SUPPLY FOR FORWARD CARGO COMPARTMENT HEATING CONTROLLER
06009 06294 10973 11144 11249 11658
06009 06294 10973 11144 11249 11658
AIR CONDITIONING-ESSENTIAL DC SUPPLY FOR REAR CARGO COMPARTMENT HEATING CONTROLER
02823 02868 02999 03015 03126 03185 0320703208 03239 03257 03283 03303 03341 03350 03405 03429 03525 03539 03558 03567 03603 03654 0371803719 04629 04643 04654 04665 04682 04695 04698 04706 04755 04761 04774 04779 04788 04790 05025 05077 05083 05118 05154 05205 05254 05388 05450 05465 05490 05584 05633 05663 05667 05689 06508 06563 06599 06652 06657 06682 06709 06751 06758 06766 06781 06822 06869 06987 06990 07029 07089 07139 07146 07166 07242 07274 07299 07516 07518 08155 08257 08617 08727 08732 08740 08794 08919 08957 09000 09044 09076 09082 09095 09109 09138 09157 09326 09376 09415 09452 09496 09567 10125 10143 10222 10259 10346 10367 10375 10382 10723 10751 10854 10878 10947 11037 11048 11090 11103 1114711148 11212 11353 11464 11622 11704 11843 11898 11944 11976 11999 12065 12075 12077 12115 12157 12364 12410 12431 12577 12775 12786 12828 12831 12866 12914 12935 12955 12980 12993 13005 13128 13298 13338 13345 13389 13594
0282303350 0340503603 03654 0371803719 0462905584 0563305689 0650807518 08155 0825708732 0874008794 08919 08957 0900009044 09076 09082 0909509138 0915709326 0937609452 0949609567 10125 1014310259 1034610947 1103711048 1109011103 1114711148 11212 11353 11464 11622 1170413594
FLIGHT CONTROLS-FCDC L 40
COMMUNICATIONS-INSTALL HF1 IN EMERGENCY CONFIG. (ETOPS)
02823 02868 02999 03015 03126 03207 03283 03350 03382 03405 03429 03525 03539 03637 03673 03688 03738 04629 04643 04654 04665 04682 04695 04698 04706 04755 04761 04774 04779 04788 04790 05025 05077 05083 05118 05154 05205 05254 05388 05450 05465 05490 05584 05633 05663 05667 05689 06009 06294 06508 06563 06599 06652 06657 06682 06709 06751 06758 06766 06781 06822 06869 06987 06990 07029 07089 07139 07146 07166 07242 07274 07299 07516 07518 07858 07871 08101 08155 08168 08218 08257 08617 08727 08732 08737 08740 08794 08832 08896 08901 08906 08919 08937 08957 08967 09000 0904409045 09076 09079 09082 09091 09095 09109 09138 09155 09157 09326 09332 09358 09376 09415 09452 09467 09496 09567 10011 10125 10128 10143 10222 10259 10272 10275 10331 10346 10367 10375 10382 10723 10751 10854 10878 10947 10973 11037 11048 11052 11090 11103 11111 11130 11144 1114711148 11160 11163 11212 11249 11333 11353 11361 11390 11446 11464 11506 11622 11658 11704 11843 11898 11944 11976 11999 12065 12075 12077 12115 12157 12364 12410 12431 12577 12775 12786 12828 12831 12866 12914 12935 12955 12980 12993 13005 13128 13298 13338 13345 13389 13594
0282303126 03207 03283 0335003539 03637 0367303688 0373805584 0563306009 0629413594
INFORMATION SYSTEMS ATIMS INSTALL ATSU STANDARD CSB9 WITH RPDB AND ISM APPLICATION
10011 11037 11052 11090 11103 11111 11130 11144 1114711148 11160 11163 11212 11249 11333 11353 11361 11390 11446 11464 11506 11622 11658 11704 11843 11898 11944 11976 11999 12065 12075 12077 12115 12157 12364 12410 12431 12577 12775 12786 12828 12831 12866 12914 12935 12955 12980 12993 13005 13128 13298 13338 13345 13389 13594
10011 11037 1105213594
COMMUNICATIONS - COCKPIT VOICE RECORDER - Install new L3COM CVR to remove Larsen Noise during CVR test
07858 07871 08101 08155 08168 08218 08257 08617 08727 08732 08737 08740 08794 08832 08896 08901 08906 08919 08937 08957 08967 09000 0904409045 09076 09079 09082 09091 09095 09109 09138 09155 09157 09326 09332 09358 09376 09415 09452 09467 09496 09567 10011 10125 10128 10143 10222 10259 10272 10275 10331 10346 10367 10375 10382 10723 10751 10854 10878 10947 10973 11037 11048 11052 11090 11103 11111 11130 11144 1114711148 11160 11163 11212 11249 11333 11353 11361 11390 11446 11464 11506 11622 11658 11704 11843 11898 11944 11976 11999 12065 12075 12077 12115 12157 12364 12410 12431 12577 12775 12786 12828 12831 12866 12914 12935 12955 12980 12993 13005 13128 13298 13338 13345 13389 13594
0785813594
NAVIGATION - ILS - Activate GLS function at A/C level with COLLINS MMR GLU2100 (Post MOD 161939)
11464 11622 11658 11704 11843 11898 11944 11976 11999 12065 12075 12077 12115 12157 12364 12410 12431 12577 12775 12786 12828 12831 12866 12914 12935 12955 12980 12993 13005 13128 13298 13338 13345 13389 13594
11464 1162213594
NAVIGATION - ILS - Activate SBAS NAV function on COLLINS MMR GLU2100 (Post MOD 161939)
11052 11111 11130 11160 11163 11333 11361 11446 11506
11052 1111111130 1116011163 11333 11361 11446 11506
ENGINE FUEL AND CONTROL - FUNCTIONAL INTERFACES - Install EIU S3.2
07858 07871 08101 08155 08168 08218 08257 08617 08727 08732 08737 08740 08794 08832 08896 08901 08906 08919 08937 08957 08967 09000 0904409045 09076 09079 09082 09091 09095 09109 09138 09155 09157 09326 09332 09358 09376 09415 09452 09467 09496 09567 10011 10125 10128 10143 10222 10259 10272 10275 10331 10346 10367 10375 10382 10723 10751 10854 10878 10947 10973 11037 11048 11052 11090 11103 11111 11130 11144 1114711148 11160 11163 11212 11249 11333 11353 11361 11390 11446 11464 11506 11622 11658 11704 11843 11898 11944 11976 11999 12065 12075 12077 12115 12157 12364 12410 12431 12577 12775 12786 12828 12831 12866 12914 12935 12955 12980 12993 13005 13128 13298 13338 13345 13389 13594
0785813594
COMMUNICATIONS - AUDIO MANAGEMENT SYSTEM (AMS) - INSTALL DIGITAL AUDIO SYSTEMS (creation and removal)
11464 11506 11622 11658 11704 11843 11898 11944 11976 11999 12065 12075 12077 12115 12157 12364 12410 12431 12577 12775 12786 12828 12831 12866 12914 12935 12955 12980 12993 13005 13128 13298 13338 13345 13389 13594
1146413594
AUTO FLIGHT - GENERAL - Deactivate ROPS function
08737 08832 08896 08901 08967 09045 09079 09091 09155 09332 09358 09467 09567 10011 10125 10143 10222 10259 10346 10367 10375 10382
08737 0883208901 08967 09045 09079 09091 09155 0933209358 09467 0956710125 1014310259 1034610382
ENGINE FUEL AND CONTROL - FUNCTIONAL INTERFACES - Install EIU S3.3
07858 07871 08101 08155 08168 08218 08257 08617 08727 08732 08737 08740 08794 08832 08896 08901 08906 08919 08937 08957 08967 09000 0904409045 09076 09079 09082 09091 09095 09109 09138 09155 09157 09326 09332 09358 09376 09415 09452 09467 09496 09567 10011 10125 10128 10143 10222 10259 10272 10275 10331 10346 10367 10375 10382 10723 10751 10854 10878 10947 10973 11037 11048 11052 11090 11103 11111 11130 11144 1114711148 11160 11163 11212 11249 11333 11353 11361 11390 11446 11464 11506 11622 11658 11704 11843 11898 11944 11976 11999 12065 12075 12077 12115 12157 12364 12410 12431 12577 12775 12786 12828 12831 12866 12914 12935 12955 12980 12993 13005 13128 13298 13338 13345 13389 13594
0785813594
ENGINE FUEL AND CONTROL - FADEC SYSTEM - INTRODUCE FCS4.2 FADEC SOFTWARE ON NEO PW
07858 07871 08101 08155 08168 08218 08257 08617 08727 08732 08737 08740 08794 08832 08896 08901 08906 08919 08937 08957 08967 09000 0904409045 09076 09079 09082 09091 09095 09109 09138 09155 09157 09326 09332 09358 09376 09415 09452 09467 09496 09567 10011 10125 10128 10143 10222 10259 10272 10275 10331 10346 10367 10375 10382 10723 10751 10854 10878 10947 10973 11037 11048 11052 11090 11103 11111 11130 11144 1114711148 11160 11163 11212 11249 11333 11353 11361 11390 11446 11464 11506 11622 11658 11704 11843 11898 11944 11976 11999 12065 12075 12077 12115 12157 12364 12410 12431 12577 12775 12786 12828 12831 12866 12914 12935 12955 12980 12993 13005 13128 13298 13338 13345 13389 13594
0785813594
COMMUNICATIONS - AUDIO MANAGEMENT - INCLUDE 3rd RMP INTO DIGITAL AUDIO SYSTEMS (with ACP3 removal)
11464 11622 11704 11843 11898 11944 11976 11999 12065 12075 12077 12115 12157 12364 12410 12431 12577 12775 12786 12828 12831 12866 12914 12935 12955 12980 12993 13005 13128 13298 13338 13345 13389 13594
11464 11622 1170413594
COMMUNICATIONS - COCKPIT VOICE RECORDER - CVR TEST PANEL - ADD PLUG XLR5
08617 08727 08732 08737 08740 08794 08832 08896 08901 08906 08919 08937 08957 08967 09000 0904409045 09076 09079 09082 09091 09095 09109 09138 09155 09157 09326 09332 09358 09376 09415 09452 09467 09496 09567 10011 10125 10128 10143 10222 10259 10272 10275 10331 10346 10367 10375 10382 10723 10751 10854 10878 10947 10973 11037 11048 11052 11090 11103 11111 11130 11144 1114711148 11160 11163 11212 11249 11333 11353 11361 11390 11446 11464 11506 11622 11658 11704 11843 11898 11944 11976 11999 12065 12075 12077 12115 12157 12364 12410 12431 12577 12775 12786 12828 12831 12866 12914 12935 12955 12980 12993 13005 13128 13298 13338 13345 13389 13594
0861713594
FLIGHT CONTROLS - ELEVATOR AILERON COMPUTER SYSTEM (ELAC) - INSTALL ELAC L101 STANDARD WITH DATA LOADING CAPABILITY
04629 04643 04654 04665 04682 04695 04698 04706 04755 04761 04774 04779 04788 04790 05025 05077 05083 05118 05154 05205 05254 05388 05450 05465 05490 05584 05604 05633 05663 05667 05689 06009 06086 06294 06508 06563 06599 06652 06657 06682 06709 06751 06758 06766 06781 06822 06869 06987 06990 07029 07089 07139 07146 07166 07242 07274 07299 07516 07518 07858 07871 08101 08155 08168 08218 08257 08617 08727 08732 08737 08740 08794 08832 08896 08901 08906 08919 08937 08957 08967 09000 0904409045 09076 09079 09082 09091 09095 09109 09138 09155 09157 09326 09332 09358 09376 09415 09452 09467 09496 09567 10011 10125 10128 10143 10222 10259 10272 10275 10331 10346 10367 10375 10382 10723 10751 10854 10878 10947 10973 11037 11048 11052 11090 11103 11111 11130 11144 1114711148 11160 11163 11212 11249 11333 11353 11361 11390 11446 11464 11506 11622 11658 11704 11843 11898 11944 11976 11999 12065 12075 12077 12115 12157 12364 12410 12431 12577 12775 12786 12828 12831 12866 12914 12935 12955 12980 12993 13005 13128 13298 13338 13345 13389 13594
0462913594
ENGINE FUEL AND CONTROL - FULL AUTHORITY DIGITAL ENGINE CONTROL (FADEC) SYSTEM - INTRODUCE FCS4.0b FADEC SOFTWARE ON NEO PW
07858 07871 08101 08155 08168 08218 08257 08617 08727 08732 08737 08740 08794 08832 08896 08901 08906 08919 08937 08957 08967 09000 0904409045 09076 09079 09082 09091 09095 09109 09138 09155 09157 09326 09332 09358 09376 09415 09452 09467 09496 09567 10011 10125 10128 10143 10222 10259 10272 10275 10331 10346 10367 10375 10382 10723 10751 10854 10878 10947 10973 11037 11048 11052 11090 11103 11111 11130 11144 1114711148 11160 11163 11212 11249 11333 11353 11361 11390 11446 11464 11506 11622 11658 11704 11843 11898 11944 11976 11999 12065 12075 12077 12115 12157 12364 12410 12431 12577 12775 12786 12828 12831 12866 12914 12935 12955 12980 12993 13005 13128 13298 13338 13345 13389 13594
0785813594
EQUIPMENT/FURNISHINGS - COCKPIT - New C/B arrangement for ST8 for 120VU and 49VU
08155 08257 08617 08727 08732 08740 08794 08906 08919 08957 09000 09044 09076 09082 09095 09109 09138 09157 09326 09376 09415 09452 09496 09567 10125 10128 10143 10222 10259 10272 10275 10331 10346 10367 10375 10382 10723 10751 10854 10878 10947 10973 11048 11144 11148 11212 11249 11353 11390 11464 11622 11658 11704 11843 11898 11944 11976 11999 12065 12075 12077 12115 12157 12364 12410 12431 12577 12775 12786 12828 12831 12866 12914 12935 12955 12980 12993 13005 13128 13298 13338 13345 13389 13594
08155 0825708732 0874008794 0890608919 08957 0900009044 09076 09082 0909509138 0915709326 0937609452 0949609567 1012510973 11048 11144 11148 1121211249 11353 11390 11464 1162213594
INDICATING/RECORDING SYSTEMS - ELECTRONIC INSTRUMENT SYSTEM (EIS) - install EIS2 STANDARD S14
02823 02868 02999 03015 03126 03185 0320703208 03239 03257 03283 03303 03341 03350 03382 03405 03429 03525 03539 03558 03567 03603 03637 03654 03673 03688 0371803719 03738 04629 04643 04654 04665 04682 04695 04698 04706 04755 04761 04774 04779 04788 04790 05025 05077 05083 05118 05154 05205 05254 05388 05450 05465 05490 05584 05604 05633 05663 05667 05689 06009 06086 06508 06563 06599 06652 06657 06682 06709 06751 06758 06766 06781 06822 06869 06987 06990 07029 07089 07139 07146 07166 07242 07274 07299 07516 07518 07858 07871 08101 08155 08168 08218 08257 08617 08727 08732 08737 08740 08794 08832 08896 08901 08906 08919 08957 08967 09000 0904409045 09076 09079 09082 09091 09095 09109 09138 09155 09157 09326 09332 09358 09376 09415 09452 09467 09496 09567 10011 10125 10128 10143 10222 10259 10272 10275 10331 10346 10367 10375 10382 10723 10751 10854 10878 10947 10973 11037 11048 11052 11090 11103 11111 11130 11144 1114711148 11160 11163 11212 11249 11333 11353 11361 11390 11446 11464 11506 11622 11658 11704 11843 11898 11944 11976 11999 12065 12075 12077 12115 12157 12364 12410 12431 12577 12775 12786 12828 12831 12866 12914 12935 12955 12980 12993 13005 13128 13298 13338 13345 13389 13594
0282306086 0650808919 0895713594
AUTO FLIGHT - FMGC - INSTALL FG PI16 ASSOCIATED WITH HONEYWELL FM H2C
06508 06563 06599 06652 06657 06682 06709 06751 06758 06766 06781 06822 06869 06987 06990 07029 07089 07139 07146 07166 07242 07274 07299 07516 07518 08101 08155 08168 08218 08257 08617 08727 08732 08737 08740 08794 08832 08896 08901 08906 08919 08937 08957 08967 09000 0904409045 09076 09079 09082 09091 09095 09109 09138 09155 09157 09326 09332 09358 09376 09415 09452 09467 09496 09567 10011 10125 10128 10143 10222 10259 10272 10275 10331 10346 10367 10375 10382 10723 10751 10854 10878 10947 10973 11037 11048 11052 11090 11103 11111 11130 11144 1114711148 11160 11163 11212 11249 11333 11353 11361 11390 11446 11464 11506 11622 11658 11704 11843 11898 11944 11976 11999 12065 12075 12077 12115 12157 12364 12410 12431 12577 12775 12786 12828 12831 12866 12914 12935 12955 12980 12993 13005 13128 13298 13338 13345 13389 13594
0650807518 0810113594
AUTO FLIGHT - FMGC - INSTALL FG PI16 ASSOCIATED WITH THALES FM S7B
06009 06294 07858 07871 08906 08937 09332 09358 09467 10011 10128 10272 10275 10331 10973 11037 11052 11090 11103 11111 11130 11144 11147 11160 11163 11249 11333 11361 11390 11446 11506 11658
06009 06294 0785807871 08906 08937 0933209358 09467 10011 10128 1027210331 1097311037 1105211147 1116011163 1124911333 1136111446 11506 11658
OXYGENE-COCKPIT-MODIFY LP VALVE
FLIGHT CONTROLS - ELEVATOR AILERON COMPUTER SYSTEM (ELAC) - INSTALL ELAC L102 STANDARD WITH DATA LOADING CAPABILITY
05604 06086 07858 07871 08101 08155 08168 08218 08257 08617 08727 08732 08737 08740 08794 08832 08896 08901 08906 08919 08937 08957 08967 09000 0904409045 09076 09079 09082 09091 09095 09109 09138 09155 09157 09326 09332 09358 09376 09415 09452 09467 09496 09567 10011 10125 10128 10143 10222 10259 10272 10275 10331 10346 10367 10375 10382 10723 10751 10854 10878 10947 10973 11037 11048 11052 11090 11103 11111 11130 11144 1114711148 11160 11163 11212 11249 11333 11353 11361 11390 11446 11464 11506 11622 11658 11704 11843 11898 11944 11976 11999 12065 12075 12077 12115 12157 12364 12410 12431 12577 12775 12786 12828 12831 12866 12914 12935 12955 12980 12993 13005 13128 13298 13338 13345 13389 13594
05604 06086 0785813594
AUTO-FLIGHT - FLIGHT AUGMENTATION COMPUTER (FAC) - INSTALL FAC CAA09
06009 06294 06508 06563 06599 06652 06657 06682 06709 06751 06758 06766 06781 06822 06869 06987 06990 07029 07089 07139 07146 07166 07242 07274 07299 07516 07518 07858 07871 08101 08155 08168 08218 08257 08617 08727 08732 08737 08740 08794 08832 08896 08901 08906 08919 08937 08957 08967 09000 0904409045 09076 09079 09082 09091 09095 09109 09138 09155 09157 09326 09332 09358 09376 09415 09452 09467 09496 09567 10011 10125 10128 10143 10222 10259 10272 10275 10331 10346 10367 10375 10382 10723 10751 10854 10878 10947 10973 11037 11048 11052 11090 11103 11111 11130 11144 1114711148 11160 11163 11212 11249 11333 11353 11361 11390 11446 11464 11506 11622 11658 11704 11843 11898 11944 11976 11999 12065 12075 12077 12115 12157 12364 12410 12431 12577 12775 12786 12828 12831 12866 12914 12935 12955 12980 12993 13005 13128 13298 13338 13345 13389 13594
06009 0629413594
INDICATING/RECORDING SYSTEMS - UP AND DOWN DATA LOADING SYSTEM ACQUISITION/INTERFACE AND EQUIPMENT - INSTALL E-DATALOADING FUNCTIONNALITY
10259 10272 10275 10331 10346 10367 10375 10382 10723 10751 10854 10878 10947 10973 11037 11048 11052 11090 11103 11111 11130 11144 1114711148 11160 11163 11212 11249 11333 11353 11361 11390 11446 11464 11506 11622 11658 11704 11843 11898 11944 11976 11999 12065 12075 12077 12115 12157 12364 12410 12431 12577 12775 12786 12828 12831 12866 12914 12935 12955 12980 12993 13005 13128 13298 13338 13345 13389 13594
1025913594
NAVIGATION - WEATHER RADAR SYSTEM - RE-INSTALL SINGLE MANUAL HONEYWELL WEATHER RADAR WITH DUAL PROVISION (ANTI-MOD)
08617 08727 08732 08737 08740 08794 08832 08896 08901 08906 08919 08937 08957 08967 09000 0904409045 09076 09079 09082 09091 09095 09109 09138 09155 09157 09326 09332 09358 09376 09415 09452 09467 09496 09567 10011 10125 10128 10143 10222 10259 10272 10275 10331 10346 10367 10375 10382 10723 10751 10854 10878 10947 10973 11037 11048 11052 11090 11103 11111 11130 11144 1114711148 11160 11163 11212 11249 11333 11353 11361 11390 11446 11464 11506 11622 11658 11704 11843 11898 11944 11976 11999 12065 12075 12077 12115 12157 12364 12410 12431 12577 12775 12786 12828 12831 12866 12914 12935 12955 12980 12993 13005
0861713005
NAVIGATION - WEATHER RADAR SYSTEM RE-INSTALL SINGLE MANUAL ROCKWELL COLLINS WEATHER RADAR WITH DUAL PROVISION (ANTI-MOD)
08617 08727 08732 08737 08740 08794 08832 08896 08901 08906 08919 08937 08957 08967 09000 0904409045 09076 09079 09082 09091 09095 09109 09138 09155 09157 09326 09332 09358 09376 09415 09452 09467 09496 09567 10011 10125 10128 10143 10222 10259 10272 10275 10331 10346 10367 10375 10382 10723 10751 10854 10878 10947 10973 11037 11048 11052 11090 11103 11111 11130 11144 1114711148 11160 11163 11212 11249 11333 11353 11361 11390 11446 11464 11506 11622 11658 11704 11843 11898 11944 11976 11999 12065 12075 12077 12115 12157 12364 12410 12431 12577 12775 12786 12828 12831 12866 12914 12935 12955 12980 12993 13005
0861713005
NAVIGATION - WEATHER RADAR SYSTEM - RE-INSTALL SINGLE MANUAL COLLINS WXR CONFIGURATION WITH SINGLE PROVISIONS
08617 08727 08732 08737 08740 08794 08832 08896 08901 08906 08919 08937 08957 08967 09000 0904409045 09076 09079 09082 09091 09095 09109 09138 09155 09157 09326 09332 09358 09376 09415 09452 09467 09496 09567 10011 10125 10128 10143 10222 10259 10272 10275 10331 10346 10367 10375 10382 10723 10751 10854 10878 10947 10973 11037 11048 11052 11090 11103 11111 11130 11144 1114711148 11160 11163 11212 11249 11333 11353 11361 11390 11446 11464 11506 11622 11658 11704 11843 11898 11944 11976 11999 12065 12075 12077 12115 12157 12364 12410 12431 12577 12775 12786 12828 12831 12866 12914 12935 12955 12980 12993 13005
0861713005
INDICATING/RECORDING SYSTEMS - FLIGHT WARNING COMPUTER (FWC) - INSTALL FWC H2-F10
02823 02868 02999 03015 03126 03185 0320703208 03239 03257 03283 03303 03341 03350 03382 03405 03429 03525 03539 03558 03567 03603 03637 03654 03673 03688 0371803719 03738 04629 04643 04654 04665 04682 04695 04698 04706 04755 04761 04774 04779 04788 04790 05025 05077 05083 05118 05154 05205 05254 05388 05450 05465 05490 05584 05604 05633 05663 05667 05689 06009 06086 06294 06508 06563 06599 06652 06657 06682 06709 06751 06758 06766 06781 06822 06869 06987 06990 07029 07089 07139 07146 07166 07242 07274 07299 07516 07518 08155 08218 08257 08617 08727 08732 08740 08794 08832 08901 08906 08919 08957 09000 09044 09076 09082 09095 09109 09138 09157 09326 09376 09415 09452 09496 09567 10125 10128 10143 10222 10259 10272 10275 10331 10346 10367 10375 10382 10723 10751 10854 10878 10947 10973 11037 11048 11052 11090 11103 11111 11130 11144 1114711148 11160 11163 11212 11249 11333 11353 11361 11390 11446 11464 11506 11622 11658 11704 11843 11898 11944 11976 11999 12065 12075 12077 12115 12157 12364 12410 12431 12577 12775 12786 12828 12831 12866 12914 12935 12955 12980 12993 13005 13128 13298 13338 13345 13389 13594
0282307518 08155 0821808732 0874008832 0890108919 08957 0900009044 09076 09082 0909509138 0915709326 0937609452 0949609567 1012513594
AUTO FLIGHT - FLIGHT MANAGEMENT AND GUIDANCE COMPUTER (FMGC) - Introduce HONEYWELL FMS release 2 standard H3 associated to FG PI16
06508 06563 06599 06652 06657 06682 06709 06751 06758 06766 06781 06822 06869 06987 06990 07029 07089 07139 07146 07166 07242 07274 07299 07516 07518 08101 08155 08168 08218 08257 08617 08727 08732 08737 08740 08794 08832 08896 08901 08919 08957 08967 09000 0904409045 09076 09079 09082 09091 09095 09109 09138 09155 09157 09326 09376 09415 09452 09496 09567 10125 10128 10143 10222 10259 10272 10275 10331 10346 10367 10375 10382 10723 10751 10854 10878 10947 10973 11037 11048 11052 11090 11103 11111 11130 11144 1114711148 11160 11163 11212 11249 11333 11353 11361 11390 11446 11464 11506 11622 11658 11704 11843 11898 11944 11976 11999 12065 12075 12077 12115 12157 12364 12410 12431 12577 12775 12786 12828 12831 12866 12914 12935 12955 12980 12993 13005 13128 13298 13338 13345 13389 13594
0650807518 0810108901 08919 0895709326 0937609452 0949609567 1012513594
AUTO FLIGHT - GENERAL - INSTALL AND ACTIVATE ROPS STEP 2+ CAPABILITY INCLUDING RUNWAY CONDITION SELECTION (FOR NEO AIRCRAFT ONLY)
10723 10751 10854 10878 10947 10973 11037 11048 11052 11090 11103 11111 11130 11144 1114711148 11160 11163 11212 11249 11333 11353 11361 11390 11446 11464 11506 11622 11658 11704 11843 11898 11944 11976 11999 12065 12075 12077 12115 12157 12364 12410 12431 12577 12775 12786 12828 12831 12866 12914 12935 12955 12980 12993 13005 13128 13298 13338 13345 13389 13594
1072313594
AUTO FLIGHT - FLIGHT MANAGEMENT Activate TOS2 capability with "TOS2 inhibition" P/B installed in the cockpit
11898 11976 11999 12065 12075 12077 12115 12157 12364 12410 12431 12577 12775 12786 12828 12831 12866 12914 12935 12955 12980 12993 13005 13128 13298 13338 13345 13389 13594
11898 1197613594
AIR - GENERAL - REDESIGN BUFFER AIR SOLENOID TO INCREASE MARGIN TO SPEC REQUIREMENTS ON NEO PW
07858 07871 08101 08155 08168 08218 08257 08617 08727 08732 08737 08740 08794 08832 08896 08901 08906 08919 08937 08957 08967 09000 0904409045 09076 09079 09082 09091 09095 09109 09138 09155 09157 09326 09332 09358 09376 09415 09452 09467 09496 09567 10011 10125 10128 10143 10222 10259 10272 10275 10331 10346 10367 10375 10382 10723 10751 10854 10878 10947 10973 11037 11048 11052 11090 11103 11111 11130 11144 1114711148 11160 11163 11212 11249 11333 11353 11361 11390 11446 11464 11506 11622 11658 11704 11843 11898 11944 11976 11999 12065 12075 12077 12115 12157 12364 12410 12431 12577 12775 12786 12828 12831 12866 12914 12935 12955 12980 12993 13005 13128 13298 13338 13345 13389 13594
0785813594
NAVIGATION - WEATHER RADAR SYSTEM - Introduce Weather Radar Rockwell Collins WXR 2100 A (CONF SINGLE)
13128 13298 13338 13345 13389 13594
1312813594
FLIGHT CONTROL - ELEVATOR AILERON COMPUTER SYSTEMS - INTRODUCE OF ELAC-E COMPUTER
11976 11999 12065 12075 12115 12157 12364 12410 12431 12577 12775 12786 12828 12831 12866 12914 12935 12955 12980 12993 13005 13128 13298 13338 13345 13389 13594
1197612075 1211513594
AUTO FLIGHT - FLIGHT MANAGEMENT AND GUIDANCE COMPUTER (FMGC) - INSTALL FMS S8 THALES ASSOCIATED TO FG PI16
10128 10272 10275 10331 10973 11037 11052 11090 11103 11111 11130 11144 11147 11160 11163 11249 11333 11361 11390 11446 11506 11658
10128 1027210331 1097311037 1105211147 1116011163 1124911333 1136111446 11506 11658
LIGHTS - INSTRUMENT AND PANEL INTEGRAL LIGHTING - MODIFY WIRING BETWEEN ATC CTL UNIT AND WXR CTL UNIT
13128 13298 13338 13345 13389 13594
1312813594
AUTO FLIGHT - Flight Management System Introduce FLS function and FLS/Final APP coexistence certification & activation with HONEYWELL FMS
11464 11622 11704 11843 11898 11944 11976 11999 12065 12075 12077 12115 12157 12364 12410 12431 12577 12775 12786 12828 12831 12866 12914 12935 12955 12980 12993 13005 13128 13298 13338 13345 13389 13594
11464 11622 1170413594
AUTO FLIGHT - Flight Management System Activate Continuous Descent Approach (CDA) function
11464 11622 11704 11843 11898 11944 11976 11999 12065 12075 12077 12115 12157 12364 12410 12431 12577 12775 12786 12828 12831 12866 12914 12935 12955 12980 12993 13005 13128 13298 13338 13345 13389 13594
11464 11622 1170413594
AUTO FLIGHT FLIGHT MANAGEMENT SYSTEMS (FMS) - Activate and certify FLS/Final APP coexistence function with THALES FM
11658
11658
AUTO-FLIGHT - FLIGHT AUGMENTATION COMPUTER FAC - INSTALL FAC CAA12 SUPPORTING SAFETY BEYOND STANDARD STEP 1 FUNCTIONS
06009 06294 06508 06563 06599 06652 06657 06682 06709 06751 06758 06766 06781 06822 06869 06987 06990 07029 07089 07139 07146 07166 07242 07274 07299 07516 07518 07858 07871 08101 08155 08168 08218 08257 08617 08727 08732 08737 08740 08794 08832 08896 08901 08906 08919 08937 08957 08967 09000 0904409045 09076 09079 09082 09091 09095 09109 09138 09155 09157 09326 09332 09358 09376 09415 09452 09467 09496 09567 10011 10125 10128 10143 10222 10259 10272 10275 10331 10346 10367 10375 10382 10723 10751 10854 10878 10947 10973 11037 11048 11052 11090 11103 11111 11130 11144 1114711148 11160 11163 11212 11249 11333 11353 11361 11390 11446 11464 11506 11622 11658 11704 11843 11898 11944 11976 11999 12065 12075 12077 12115 12157 12364 12410 12431 12577 12775 12786 12828 12831 12866 12914 12935 12955 12980 12993 13005 13128 13298 13338 13345 13389 13594
06009 0629413594
AUTO FLIGHT - FLIGHT MANAGEMENT AND GUIDANCE COMPUTER - Install FG PI17 associated to Honeywell FM H3
06508 06563 06599 06652 06657 06682 06709 06751 06758 06766 06781 06822 06869 06987 06990 07029 07089 07139 07146 07166 07242 07274 07299 07516 07518 08101 08155 08168 08218 08257 08617 08727 08732 08737 08740 08794 08832 08896 08901 08919 08957 08967 09000 0904409045 09076 09079 09082 09091 09095 09109 09138 09155 09157 09326 09376 09415 09452 09496 09567 10125 10128 10143 10222 10259 10272 10275 10331 10346 10367 10375 10382 10723 10751 10854 10878 10947 10973 11037 11048 11052 11090 11103 11111 11130 11144 1114711148 11160 11163 11212 11249 11333 11353 11361 11390 11446 11464 11506 11622 11658 11704 11843 11898 11944 11976 11999 12065 12075 12077 12115 12157 12364 12410 12431 12577 12775 12786 12828 12831 12866 12914 12935 12955 12980 12993 13005 13128 13298 13338 13345 13389 13594
0650807518 0810108901 08919 0895709326 0937609452 0949609567 1012513594
AUTO FLIGHT - FLIGHT MANAGEMENT AND GUIDANCE COMPUTER - INSTALL FMS S8A (HW4) ASSOCIATED TO FG PI18 (SAFETY BEYOND STANDARD)
10128 10272 10275 10331 10973 11037 11052 11090 11103 11111 11130 11144 11147 11160 11163 11249 11333 11361 11390 11446 11506 11658
10128 1027210331 1097311037 1105211147 1116011163 1124911333 1136111446 11506 11658
FLIGHT CONTROLS - ELEVATOR AILERON COMPUTER SYSTEM - INSTALL ELAC B L103 - DATA LOADABLE
05604 06086 07858 07871 08101 08155 08168 08218 08257 08617 08727 08732 08737 08740 08794 08832 08896 08901 08906 08919 08937 08957 08967 09000 0904409045 09076 09079 09082 09091 09095 09109 09138 09155 09157 09326 09332 09358 09376 09415 09452 09467 09496 09567 10011 10125 10128 10143 10222 10259 10272 10275 10331 10346 10367 10375 10382 10723 10751 10854 10878 10947 10973 11037 11048 11052 11090 11103 11111 11130 11144 1114711148 11160 11163 11212 11249 11333 11353 11361 11390 11446 11464 11506 11622 11658 11704 11843 11898 11944 11976 11999 12065 12075 12077 12115 12157 12364 12410 12431 12577 12775 12786 12828 12831 12866 12914 12935 12955 12980 12993 13005 13128 13298 13338 13345 13389 13594
05604 06086 0785813594
INDICATING/RECORDING SYSTEMS - FWC - ACQUISITION/INTFC - INSTALLATION FWC standard H2-F12
02823 02868 02999 03015 03126 03185 0320703208 03239 03257 03283 03303 03341 03350 03382 03405 03429 03525 03539 03558 03567 03603 03637 03654 03673 03688 0371803719 03738 04629 04643 04654 04665 04682 04695 04698 04706 04755 04761 04774 04779 04788 04790 05025 05077 05083 05118 05154 05205 05254 05388 05450 05465 05490 05584 05604 05633 05663 05667 05689 06009 06086 06294 06508 06563 06599 06652 06657 06682 06709 06751 06758 06766 06781 06822 06869 06987 06990 07029 07089 07139 07146 07166 07242 07274 07299 07516 07518 08155 08218 08257 08617 08727 08732 08740 08794 08832 08901 08919 08957 09000 09044 09076 09082 09095 09109 09138 09157 09326 09376 09415 09452 09496 09567 10125 10128 10143 10222 10259 10272 10275 10331 10346 10367 10375 10382 10723 10751 10854 10878 10947 10973 11037 11048 11052 11090 11103 11111 11130 11144 1114711148 11160 11163 11212 11249 11333 11353 11361 11390 11446 11464 11506 11622 11658 11704 11843 11898 11944 11976 11999 12065 12075 12077 12115 12157 12364 12410 12431 12577 12775 12786 12828 12831 12866 12914 12935 12955 12980 12993 13005 13128 13298 13338 13345 13389 13594
0282307518 08155 0821808732 0874008832 08901 08919 08957 0900009044 09076 09082 0909509138 0915709326 0937609452 0949609567 1012513594
INDICATING/RECORDING SYSTEMS -ELECTRONIC INSTRUMENT SYSTEM (EIS) - INTRODUCE EIS2 STANDARD S16 (SAFETY BEYOND STANDARD)
02823 02868 02999 03015 03126 03185 0320703208 03239 03257 03283 03303 03341 03350 03382 03405 03429 03525 03539 03558 03567 03603 03637 03654 03673 03688 0371803719 03738 04629 04643 04654 04665 04682 04695 04698 04706 04755 04761 04774 04779 04788 04790 05025 05077 05083 05118 05154 05205 05254 05388 05450 05465 05490 05584 05604 05633 05663 05667 05689 06009 06086 06508 06563 06599 06652 06657 06682 06709 06751 06758 06766 06781 06822 06869 06987 06990 07029 07089 07139 07146 07166 07242 07274 07299 07516 07518 07858 07871 08101 08155 08168 08218 08257 08617 08727 08732 08737 08740 08794 08832 08896 08901 08919 08957 08967 09000 0904409045 09076 09079 09082 09091 09095 09109 09138 09155 09157 09326 09332 09358 09376 09415 09452 09467 09496 09567 10011 10125 10128 10143 10222 10259 10272 10275 10331 10346 10367 10375 10382 10723 10751 10854 10878 10947 10973 11037 11048 11052 11090 11103 11111 11130 11144 1114711148 11160 11163 11212 11249 11333 11353 11361 11390 11446 11464 11506 11622 11658 11704 11843 11898 11944 11976 11999 12065 12075 12077 12115 12157 12364 12410 12431 12577 12775 12786 12828 12831 12866 12914 12935 12955 12980 12993 13005 13128 13298 13338 13345 13389 13594
0282306086 0650808901 08919 0895713594
AUTO FLIGHT - GENERAL - CERTIFY AND DEFINE UAMM (Unreliable Airspeed Mitigation Means) STEP 2 FUNCTION
10723 10751 10854 10878 10947 10973 11037 11048 11052 11090 11103 11111 11130 11144 1114711148 11160 11163 11212 11249 11333 11353 11361 11390 11446 11464 11506 11622 11658 11704 11843 11898 11944 11976 11999 12065 12075 12077 12115 12157 12364 12410 12431 12577 12775 12786 12828 12831 12866 12914 12935 12955 12980 12993 13005 13128 13298 13338 13345 13389 13594
1072313594
NAVIGATION - WEATHER RADAR SYSTEM - DEFINE HAZARD FUNCTION FOR WXR2100A AND INSTALL ASSOCIATED DUAL CONTROL PANEL UNIT (CONF FULL SINGLE)
13128 13298 13338 13345 13389 13594
1312813594
INDICATING/RECORDING SYSTEMS -ELECTRONIC INSTRUMENT SYSTEM (EIS) - INTRODUCE EIS2 STANDARD S15
02823 02868 02999 03015 03126 03185 0320703208 03239 03257 03283 03303 03341 03350 03382 03405 03429 03525 03539 03558 03567 03603 03637 03654 03673 03688 0371803719 03738 04629 04643 04654 04665 04682 04695 04698 04706 04755 04761 04774 04779 04788 04790 05025 05077 05083 05118 05154 05205 05254 05388 05450 05465 05490 05584 05604 05633 05663 05667 05689 06009 06086 06508 06563 06599 06652 06657 06682 06709 06751 06758 06766 06781 06822 06869 06987 06990 07029 07089 07139 07146 07166 07242 07274 07299 07516 07518 07858 07871 08101 08155 08168 08218 08257 08617 08727 08732 08737 08740 08794 08832 08896 08901 08906 08919 08957 08967 09000 0904409045 09076 09079 09082 09091 09095 09109 09138 09155 09157 09326 09332 09358 09376 09415 09452 09467 09496 09567 10011 10125 10128 10143 10222 10259 10272 10275 10331 10346 10367 10375 10382 10723 10751 10854 10878 10947 10973 11037 11048 11052 11090 11103 11111 11130 11144 1114711148 11160 11163 11212 11249 11333 11353 11361 11390 11446 11464 11506 11622 11658 11704 11843 11898 11944 11976 11999 12065 12075 12077 12115 12157 12364 12410 12431 12577 12775 12786 12828 12831 12866 12914 12935 12955 12980 12993 13005 13128 13298 13338 13345 13389 13594
0282306086 0650808919 0895713594
INDICATING/RECORDING SYSTEMS - UP AND DOWN DATA LOADING SYSTEM ACQUISITION/INTERFACE AND EQUIPMENT - INSTALL ADLU
11464 11622 11658 11704 11843 11898 11944 11976 11999 12065 12075 12077 12115 12157 12364 12410 12431 12577 12775 12786 12828 12831 12866 12914 12935 12955 12980 12993 13005 13128 13298 13338 13345 13389 13594
11464 1162213594
COMMUNICATIONS - AUDIO MANAGEMENT - ACTIVATE CPDLC FUNCTION FOR DIGITAL AUDIO
11464 11622 11658 11704 11843 11898 11944 11976 11999 12065 12075 12077 12115 12157 12364 12410 12431 12577 12775 12786 12828 12831 12866 12914 12935 12955 12980 12993 13005 13128 13298 13338 13345 13389 13594
11464 1162213594
ENGINE FUEL AND CONTROL - FUNCTIONAL INTERFACES - Install EIU S4.0
07858 07871 08101 08155 08168 08218 08257 08617 08727 08732 08737 08740 08794 08832 08896 08901 08906 08919 08937 08957 08967 09000 0904409045 09076 09079 09082 09091 09095 09109 09138 09155 09157 09326 09332 09358 09376 09415 09452 09467 09496 09567 10011 10125 10128 10143 10222 10259 10272 10275 10331 10346 10367 10375 10382 10723 10751 10854 10878 10947 10973 11037 11048 11052 11090 11103 11111 11130 11144 1114711148 11160 11163 11212 11249 11333 11353 11361 11390 11446 11464 11506 11622 11658 11704 11843 11898 11944 11976 11999 12065 12075 12077 12115 12157 12364 12410 12431 12577 12775 12786 12828 12831 12866 12914 12935 12955 12980 12993 13005 13128 13298 13338 13345 13389 13594
0785813594
AUTO-FLIGHT - FLIGHT AUGMENTATION COMPUTER (FAC) - INSTALL FAC CAA11
06009 06294 06508 06563 06599 06652 06657 06682 06709 06751 06758 06766 06781 06822 06869 06987 06990 07029 07089 07139 07146 07166 07242 07274 07299 07516 07518 07858 07871 08101 08155 08168 08218 08257 08617 08727 08732 08737 08740 08794 08832 08896 08901 08906 08919 08937 08957 08967 09000 0904409045 09076 09079 09082 09091 09095 09109 09138 09155 09157 09326 09332 09358 09376 09415 09452 09467 09496 09567 10011 10125 10128 10143 10222 10259 10272 10275 10331 10346 10367 10375 10382 10723 10751 10854 10878 10947 10973 11037 11048 11052 11090 11103 11111 11130 11144 1114711148 11160 11163 11212 11249 11333 11353 11361 11390 11446 11464 11506 11622 11658 11704 11843 11898 11944 11976 11999 12065 12075 12077 12115 12157 12364 12410 12431 12577 12775 12786 12828 12831 12866 12914 12935 12955 12980 12993 13005 13128 13298 13338 13345 13389 13594
06009 0629413594
NAVIGATION - ILS - install Honeywell IMMR L2
11622 11658 11704 11843 11898 11944 11976 11999 12065 12075 12077 12115 12157 12364 12410 12431 12577 12775 12786 12828 12831 12866 12914 12935 12955 12980 12993 13005 13128 13298 13338 13345 13389 13594
1162213594
AUTO FLIGHT - FLIGHT MANAGEMENT SYSTEM (FMS)- Re-install H2CPI16 (FMs ANTI MOD)
10128 10272 10275 10331 10973 11037 11052 11090 11103 11111 11130 11144 11147 11160 11163 11249 11333 11361 11390 11446 11506 11658
10128 1027210331 1097311037 1105211147 1116011163 1124911333 1136111446 11506 11658
INDICATING/RECORDING SYSTEMS - UP AND DOWN DATA LOADING SYSTEM - RE-INSTALL DLRB IN PLACE OF e-DLRB
10259 10346 10367 10375 10382
10259 1034610382
AUTO FLIGHT - FMGC Install PDB Honeywell (SA11) on NEO A/C and associated to FMS Release 2 standard H3
09095 09109 09138 09157 09326 09332 09358 09376 09415 09452 09467 09496 09567 10011 10125 10128 10143 10222 10259 10272 10275 10331 10346 10367 10375 10382 10723 10751 10854 10878 10947 10973 11037 11048 11052 11090 11103 11111 11130 11144 1114711148 11160 11163 11212 11249 11333 11353 11361 11390 11446 11464 11506 11622 11658 11704 11843 11898 11944 11976 11999 12065 12075 12077 12115 12157 12364 12410 12431 12577 12775 12786 12828 12831 12866 12914 12935 12955 12980 12993 13005 13128 13298 13338 13345 13389 13594
0909509138 0915713594
AUTO FLIGHT - FMGC Install PDB Thales (SA11) on NEO A/C and associated to FM Thales S8
10128 10272 10275 10331 10973 11037 11052 11090 11103 11111 11130 11144 11147 11160 11163 11249 11333 11361 11390 11446 11506 11658
10128 1027210331 1097311037 1105211147 1116011163 1124911333 1136111446 11506 11658
ENGINE FUEL AND CONTROL - FADEC SYSTEM - INTRODUCE FCS4.4 FADEC SOFTWARE WITH ASSOCIATED HARDWARE ON NEO PW
07858 07871 08101 08155 08168 08218 08257 08617 08727 08732 08737 08740 08794 08832 08896 08901 08906 08919 08937 08957 08967 09000 0904409045 09076 09079 09082 09091 09095 09109 09138 09155 09157 09326 09332 09358 09376 09415 09452 09467 09496 09567 10011 10125 10128 10143 10222 10259 10272 10275 10331 10346 10367 10375 10382 10723 10751 10854 10878 10947 10973 11037 11048 11052 11090 11103 11111 11130 11144 1114711148 11160 11163 11212 11249 11333 11353 11361 11390 11446 11464 11506 11622 11658 11704 11843 11898 11944 11976 11999 12065 12075 12077 12115 12157 12364 12410 12431 12577 12775 12786 12828 12831 12866 12914 12935 12955 12980 12993 13005 13128 13298 13338 13345 13389 13594
0785813594
ENGINE FUEL AND CONTROL - FUNCTIONAL INTERFACES - Introduce preboost capability for APU Honeywell 131-9A with PW1100G engines
08101 08218 08257 08727 08732 08737 08740 08794 08832 08896 08901 08906 08919 08937 08957 08967 09000 0904409045 09076 09079 09082 09091 09095 09109 09138 09155 09157 09326 09332 09358 09376 09415 09452 09467 09496 09567 10011 10125 10128 10143 10222 10259 10272 10275 10331 10346 10367 10375 10382 10723 10751 10854 10878 10947 11048 11052 11111 11130 11148 11160 11163 11212 11333 11353 11361 11446 11506
08101 0821808257 0872710947 1104811052 1111111130 1114811212 1133311361 11446 11506
ENGINE FUEL AND CONTROL - FUNCTIONAL INTERFACES - Adapt wiring from EIU S4.1
07858 07871 08155 08257 08617 08727 08732 08740 08794 08919 08957 09000 09044 09076 09079 09082 09091 09095 09109 09138 09155 09157 09326 09332 09358 09376 09415 09452 09467 09496 09567 10011 10125 10128 10143 10222 10259 10272 10275 10331 10346 10367 10375 10382 10723 10751 10854 10878 10947 10973 11037 11048 11052 11090 11103 11111 11130 11144 1114711148 11160 11163 11212 11249 11333 11353 11361 11390 11446 11464 11506 11622 11658 11704 11843 11898 11944 11976 11999 12065 12075 12077 12115 12157 12364 12410 12431 12577 12775 12786 12828 12831 12866 12914 12935 12955 12980 12993 13005 13128 13298 13338 13345 13389 13594
0785807871 08155 0825708732 0874008794 08919 08957 0900009044 0907613594
EQUIPMENT/FURNISHINGS - COCKPIT - Reinforce Cockpit Documents Stowage (SB & Serial Solution)
02823 02868 02999 03015 03126 03185 0320703208 03239 03257 03283 03303 03341 03350 03382 03405 03429 03525 03539 03558 03567 03603 03637 03654 03673 03688 0371803719 03738 04629 04643 04654 04665 04682 04695 04698 04706 04755 04761 04774 04779 04788 04790 05025 05077 05083 05118 05154 05205 05254 05388 05450 05465 05490 05584 05604 05633 05663 05667 05689 06009 06086 06294 06508 06563 06599 06652 06657 06682 06709 06751 06758 06766 06781 06822 06869 06987 06990 07029 07089 07139 07146 07166 07242 07274 07299 07516 07518 07871 08155 08257 08617 08727 08732 08740 08794 08919 08957 09000 09044 09076 09082 09095 09109 09138 09157 09326 09332 09358 09376 09415 09452 09467 09496 09567 10011 10125 10128 10143 10222 10259 10272 10275 10331 10346 10367 10375 10382 10723 10751 10854 10878 10947 10973 11037 11048 11052 11090 11103 11111 11130 11144 1114711148 11160 11163 11212 11249 11333 11353 11361 11390 11446 11464 11506 11622 11658 11704 11843 11898 11944 11976 11999 12065 12075 12077 12115 12157 12364 12410 12431 12577 12775 12786 12828 12831 12866 12914 12935 12955 12980 12993 13005 13128 13298 13338 13345 13389 13594
0282307518 07871 08155 0825708732 0874008794 08919 08957 0900009044 09076 09082 0909509138 0915713594
AUTO FLIGHT FMGC DISCRETE / ANALOG INTERFACES - Restore CAT3 DUAL landing capability in 1 IDG Out
10011 10125 10128 10143 10222 10259 10272 10275 10331 10346 10367 10375 10382 10723 10751 10854 10878 10947 10973 11037 11048 11052 11090 11103 11111 11130 11144 1114711148 11160 11163 11212 11249 11333 11353 11361 11390 11446 11464 11506 11622 11658 11704 11843 11898 11944 11976 11999 12065 12075 12077 12115 12157 12364 12410 12431 12577 12775 12786 12828 12831 12866 12914 12935 12955 12980 12993 13005 13128 13298 13338 13345 13389 13594
1001113594
INDICATING RECORDING - FLIGHT WARNING COMPUTER (FWC) - INTRODUCE FWS S/W STANDARD F13
02823 02868 02999 03015 03126 03185 0320703208 03239 03257 03283 03303 03341 03350 03382 03405 03429 03525 03539 03558 03567 03603 03637 03654 03673 03688 0371803719 03738 04629 04643 04654 04665 04682 04695 04698 04706 04755 04761 04774 04779 04788 04790 05025 05077 05083 05118 05154 05205 05254 05388 05450 05465 05490 05584 05604 05633 05663 05667 05689 06009 06086 06294 06508 06563 06599 06652 06657 06682 06709 06751 06758 06766 06781 06822 06869 06987 06990 07029 07089 07139 07146 07166 07242 07274 07299 07516 07518 08155 08218 08257 08617 08732 08740 08794 08832 08901 08919 08957 09000 09044 09076 09082 09095 09109 09138 09157 09326 09376 09415 09452 09496 09567 10125 10128 10143 10222 10259 10272 10275 10331 10346 10367 10375 10382 10723 10751 10854 10878 10947 10973 11037 11048 11052 11090 11103 11111 11130 11144 1114711148 11160 11163 11212 11249 11333 11353 11361 11390 11446 11464 11506 11622 11658 11704 11843 11898 11944 11976 11999 12065 12075 12077 12115 12157 12364 12410 12431 12577 12775 12786 12828 12831 12866 12914 12935 12955 12980 12993 13005 13128 13298 13338 13345 13389 13594
0282307518 08155 0821808617 08732 0874008832 08901 08919 08957 0900009044 09076 09082 0909509138 0915709326 0937609452 0949609567 1012513594
INDICATING/RECORDING SYSTEMS -ELECTRONIC INSTRUMENT SYSTEM (EIS) - INTRODUCE EIS2 STANDARD S17
11353 11464 11622 11658 11704 11843 11898 11944 11976 11999 12065 12075 12077 12115 12157 12364 12410 12431 12577 12775 12786 12828 12831 12866 12914 12935 12955 12980 12993 13005 13128 13298 13338 13345 13389 13594
11353 11464 1162213594
INDICATING/RECORDING SYSTEMS -FWC - ACQUISITION/INTERFACE - Install FWC F12E
02823 02868 02999 03015 03126 03185 0320703208 03239 03257 03283 03303 03341 03350 03382 03405 03429 03525 03539 03558 03567 03603 03637 03654 03673 03688 0371803719 03738 04629 04643 04654 04665 04682 04695 04698 04706 04755 04761 04774 04779 04788 04790 05025 05077 05083 05118 05154 05205 05254 05388 05450 05465 05490 05584 05604 05633 05663 05667 05689 06009 06086 06294 06508 06563 06599 06652 06657 06682 06709 06751 06758 06766 06781 06822 06869 06987 06990 07029 07089 07139 07146 07166 07242 07274 07299 07516 07518 08155 08218 08257 08617 08727 08732 08740 08794 08832 08901 08919 08957 09000 09044 09076 09082 09095 09109 09138 09157 09326 09376 09415 09452 09496 09567 10125 10128 10143 10222 10259 10272 10275 10331 10346 10367 10375 10382 10723 10751 10854 10878 10947 10973 11037 11048 11052 11090 11103 11111 11130 11144 1114711148 11160 11163 11212 11249 11333 11353 11361 11390 11446 11464 11506 11622 11658 11704 11843 11898 11944 11976 11999 12065 12075 12077 12115 12157 12364 12410 12431 12577 12775 12786 12828 12831 12866 12914 12935 12955 12980 12993 13005 13128 13298 13338 13345 13389 13594
0282307518 08155 0821808732 0874008832 08901 08919 08957 0900009044 09076 09082 0909509138 0915709326 0937609452 0949609567 1012513594
ENGINE FUEL AND CONTROL - FADEC SYSTEM - INTRODUCE EEC and PHMU FCS 5.0 ON NEO PW
07858 07871 08101 08155 08168 08218 08257 08617 08727 08732 08737 08740 08794 08832 08896 08901 08906 08919 08937 08957 08967 09000 0904409045 09076 09079 09082 09091 09095 09109 09138 09155 09157 09326 09332 09358 09376 09415 09452 09467 09496 09567 10011 10125 10128 10143 10222 10259 10272 10275 10331 10346 10367 10375 10382 10723 10751 10854 10878 10947 10973 11037 11048 11052 11090 11103 11111 11130 11144 1114711148 11160 11163 11212 11249 11333 11353 11361 11390 11446 11464 11506 11622 11658 11704 11843 11898 11944 11976 11999 12065 12075 12077 12115 12157 12364 12410 12431 12577 12775 12786 12828 12831 12866 12914 12935 12955 12980 12993 13005 13128 13298 13338 13345 13389 13594
0785813594
AUTO FLIGHT - GENERAL - Install P/B OFF and activate ROPS inhibition capability (NEO only)
10723 10751 10854 10878 10947 10973 11037 11048 11052 11090 11103 11111 11130 11144 1114711148 11160 11163 11212 11249 11333 11353 11361 11390 11446 11464 11506 11622 11658 11704 11843 11898 11944 11976 11999 12065 12075 12077 12115 12157 12364 12410 12431 12577 12775 12786 12828 12831 12866 12914 12935 12955 12980 12993 13005 13128 13298 13338 13345 13389 13594
1072313594
STARTING - ENGINE STARTING Introduce starting using bleed air regulation (ICARE) with Honeywell APU on NEO PW
10973 11037 11090 11103 11144 11147 11249 11390 11464 11622 11658 11704 11843 11898 11944 11976 11999 12065 12075 12077 12115 12157 12364 12410 12431 12577 12775 12786 12828 12831 12866 12914 12935 12955 12980 12993 13005 13128 13298 13338 13345 13389 13594
1097311037 1109011103 1114411147 11249 11390 11464 1162213594
AUTO FLIGHT - FMGC Install NEO PDB Honeywell (SA17) capable of DTO 27k
07858 07871 08101 08155 08168 08218 08257 08617 08727 08732 08737 08740 08794 08832 08896 08901 08919 08957 08967 09000 0904409045 09076 09079 09082 09091 09095 09109 09138 09155 09157 09326 09332 09358 09376 09415 09452 09467 09496 09567 10011 10125 10143 10222 10259 10346 10367 10375 10382 10723 10751 10854 10878 10947 10973 11037 11048 11052 11090 11103 11111 11130 11144 1114711148 11160 11163 11212 11249 11333 11353 11361 11390 11446 11464 11506 11622 11658 11704 11843 11898 11944 11976 11999 12065 12075 12077 12115 12157 12364 12410 12431 12577 12775 12786 12828 12831 12866 12914 12935 12955 12980 12993 13005 13128 13298 13338 13345 13389 13594
0785808901 08919 0895710125 1014310259 1034613594
AUTO FLIGHT - FMGC Install NEO PDB Thales (SA17) capable of DTO 27k
07858 07871 08101 08155 08168 08218 08257 08617 08727 08732 08737 08740 08794 08832 08896 08901 08919 08957 08967 09000 0904409045 09076 09079 09082 09091 09095 09109 09138 09155 09157 09326 09332 09358 09376 09415 09452 09467 09496 09567 10011 10125 10143 10222 10259 10346 10367 10375 10382 10973 11037 11052 11090 11103 11111 11130 11144 11147 11160 11163 11249 11333 11361 11390 11446 11506 11658
0785808901 08919 0895710125 1014310259 1034610382 1097311037 1105211147 1116011163 1124911333 1136111446 11506 11658
AUTO FLIGHT - FLIGHT MANAGEMENT AND GUIDANCE COMPUTER - Install FM Honeywell H4 associated to FG PI18
06508 06563 06599 06652 06657 06682 06709 06751 06758 06766 06781 06822 06869 06987 06990 07029 07089 07139 07146 07166 07242 07274 07299 07516 07518 08101 08155 08168 08218 08257 08617 08727 08732 08737 08740 08794 08832 08896 08901 08919 08957 08967 09000 0904409045 09076 09079 09082 09091 09095 09109 09138 09155 09157 09326 09376 09415 09452 09496 09567 10125 10143 10222 10259 10346 10367 10375 10382 10723 10751 10854 10878 10947 10973 11037 11048 11052 11090 11103 11111 11130 11144 1114711148 11160 11163 11212 11249 11333 11353 11361 11390 11446 11464 11506 11622 11658 11704 11843 11898 11944 11976 11999 12065 12075 12077 12115 12157 12364 12410 12431 12577 12775 12786 12828 12831 12866 12914 12935 12955 12980 12993 13005 13128 13298 13338 13345 13389 13594
0650807518 0810108901 08919 0895709326 0937609452 0949609567 10125 1014310259 1034613594
ENG FUEL AND CTRL- MERGE MOD EIU PIN PROG AND MOD PREBOOST CAPABILITY FOR APU HONEYWELL
10973 11037 11090 11103 11144 11147 11249 11390 11464 11622 11658 11704 11843 11898 11944 11976 11999 12065 12075 12077 12115 12157 12364 12410 12431 12577 12775 12786 12828 12831 12866 12914 12935 12955 12980 12993 13005 13128 13298 13338 13345 13389 13594
1097311037 1109011103 1114411147 11249 11390 11464 1162213594
NAVIGATION - ILS - INSTALL COLLINS MMR GLU-925
11622 11658 11704 11843 11898 11944 11976 11999 12065 12075 12077 12115 12157 12364 12410 12431 12577 12775 12786 12828 12831 12866 12914 12935 12955 12980 12993 13005 13128 13298 13338 13345 13389 13594
1162213594
FLIGHT CONTROLS - ELEVATOR AILERON COMPUTER SYSTEM - INSTALL ELAC B L104 SUPPORTING SAFETY BEYOND STANDARD STEP 1 FUNCTIONS (DATA LOADABLE)
05604 06086 09079 09155 11390 11464 11506 11622 11658 11704 11843 11898 11944 11976 11999 12065 12075 12077 12115 12157 12364 12410 12431 12577 12775 12786 12828 12831 12866 12914 12935 12955 12980 12993 13005 13128 13298 13338 13345 13389 13594
05604 06086 09079 09155 11390 1146413594
AUTO FLIGHT - FLIGHT AUGMENTATION COMPUTER (FAC) - INSTALL FAC CAA13 SUPPORTING ROPS EVOLUTION FUNCTIONS AND ADDITIONAL SAFETY ENHANCEMENTS
06009 06294 06508 06563 06599 06652 06657 06682 06709 06751 06758 06766 06781 06822 06869 06987 06990 07029 07089 07139 07146 07166 07242 07274 07299 07516 07518 07858 07871 08101 08155 08168 08218 08257 08617 08727 08732 08737 08740 08794 08832 08896 08901 08906 08919 08937 08957 08967 09000 0904409045 09076 09079 09082 09091 09095 09109 09138 09155 09157 09326 09332 09358 09376 09415 09452 09467 09496 09567 10011 10125 10128 10143 10222 10259 10272 10275 10331 10346 10367 10375 10382 10723 10751 10854 10878 10947 10973 11037 11048 11052 11090 11103 11111 11130 11144 1114711148 11160 11163 11212 11249 11333 11353 11361 11390 11446 11464 11506 11622 11658 11704 11843 11898 11944 11976 11999 12065 12075 12077 12115 12157 12364 12410 12431 12577 12775 12786 12828 12831 12866 12914 12935 12955 12980 12993 13005 13128 13298 13338 13345 13389 13594
06009 0629413594
COMMUNICATIONS - AUDIO INTEGRATING AND VOICE COMMAND SYSTEM - INSTALL S4.2 STD FOR DIGITAL AUDIO
11464 11506 11622 11658 11704 11843 11898 11944 11976 11999 12065 12075 12077 12115 12157 12364 12410 12431 12577 12775 12786 12828 12831 12866 12914 12935 12955 12980 12993 13005 13128 13298 13338 13345 13389 13594
1146413594
NAVIGATION - ILS - INSTALL NEW HONEYWELL OPERATIONAL SOFTWARE IN THE 2 IMMR STANDARD L2.2
11622 11658 11704 11843 11898 11944 11976 11999 12065 12075 12077 12115 12157 12364 12410 12431 12577 12775 12786 12828 12831 12866 12914 12935 12955 12980 12993 13005 13128 13298 13338 13345 13389 13594
1162213594
INDICATING/RECORDING SYSTEMS - CENTRAL WARNING SYSTEMS - DEFINE AND INSTALL FWC H2-F15
13005 13128 13298 13338 13345 13389 13594
1300513594
BATCH OF MINOR IMPROVEMENTS OF SERIES A/C DESIGN (AS ZONE) FROM A/C N 268
COMMUNICATIONS - AUDIO MANAGEMENT SYSTEM (AMS) - MODIFY INSTALLATION FOR GROUND CREW BOOMSET ON BATTERIES
11464 11506 11622 11658 11704 11843 11898 11944 11976 11999 12065 12075 12077 12115 12157 12364 12410 12431 12577 12775 12786 12828 12831 12866 12914 12935 12955 12980 12993 13005 13128 13298 13338 13345 13389 13594
1146413594
ENGINE FUEL AND CONTROL - FADEC SYSTEM - INTRODUCE FCS 6.2 FADEC SOFTWARE ON NEO PW
08101 08155 08168 08218 08257 08617 08727 08732 08737 08740 08794 08832 08896 08901 08906 08919 08937 08957 08967 09000 0904409045 09076 09079 09091 09095 09109 09138 09155 09157 09326 09376 09415 09452 09496 09567 10128 10143 10222 10272 10275 10331 10346 10367 10375 10382 10723 10751 10854 10878 10947 10973 11037 11048 11090 11103 11111 11144 1114711148 11163 11212 11249 11333 11353 11361 11390 11446 11464 11506 11622 11658 11704 11843 11898 11944 11976 11999 12065 12075 12077 12115 12157 12364 12410 12431 12577 12775 12786 12828 12831 12866 12914 12935 12955 12980 12993 13005 13128 13298 13338 13345 13389 13594
0810109079 0909109326 0937609452 0949609567 1012810222 1027211048 1109011111 1114411148 1116313594
FIRE PROTECTION - REPLACE ENGINE/APU FIRE PANEL
ILS - INSTALL HONEYWELL IMMR STANDARD L2.3
11622 11658 11704 11843 11898 11944 11976 11999 12065 12075 12077 12115 12157 12364 12410 12431 12577 12775 12786 12828 12831 12866 12914 12935 12955 12980 12993 13005 13128 13298 13338 13345 13389 13594
1162213594
ELECTRONIC INSTRUMENT SYSTEM (EIS) - EIS2 INTRODUCE AND INSTALL EIS2 S18-1
11464 11622 11658 11704 11843 11898 11944 11976 11999 12065 12075 12077 12115 12157 12364 12410 12431 12577 12775 12786 12828 12831 12866 12914 12935 12955 12980 12993 13005 13128 13298 13338 13345 13389 13594
11464 1162213594
NAVIGATION - TCAS II COMPLETE PROVISIONS
NAVIGATION - INSTALLATION OF GPWC MARK V WITH INTERFACE WITH CFDS
INDICATING/RECORDING SYSTEMS - FLIGHT WARNING COMPUTER (FWC) - DEFINE AND INSTALL FWC H2-F14 (E.RUDDER)
11464 11622 11658 11704 11843 11898 11944 11976 11999 12065 12075 12077 12115 12157 12364 12410 12431 12577 12775 12786 12828 12831 12866 12914 12935 12955 12980 12993 13005 13128 13298 13338 13345 13389 13594
11464 1162213594
NAVIGATION - GROUND PROXIMITY WARNING SYSTEM (GPWS) - INSTALL EGPWS CAPABLE OF LANDING SURVEILLANCE
13128 13298 13338 13345 13389 13594
1312813594
COMMUNICATIONS - AUDIO MANAGEMENT SYSTEM (AMS) - ADAPT WIRING FOR GROUND CREW BOOMSET ON BATTERIES FOR RMP3
11464 11622 11704 11843 11898 11944 11976 11999 12065 12075 12077 12115 12157 12364 12410 12431 12577 12775 12786 12828 12831 12866 12914 12935 12955 12980 12993 13005 13128 13298 13338 13345 13389 13594
11464 11622 1170413594
ENGINE FUEL AND CONTROL - FADEC SYSTEM - INTRODUCE FCS 7.0 FADEC SOFTWARE ON NEO PW
08218 08737 08832 08896 08901 08937 09045 11111 11704 11843 11898 11944 11976 11999 12065 12075 12077 12115 12157 12364 12410 12431 12577 12775 12786 12828 12831 12866 12914 12935 12955 12980 12993 13005 13128 13298 13338 13345 13389 13594
08218 08737 0883208901 08937 09045 11111 1170413594
NAVIGATION - TRAFFIC AND TERRAIN INTEGRATED SURVEILLANCE SYSTEM (T/TISS) - DEACTIVATE ALTSM FUNCTION
13128 13298 13338 13345 13389 13594
1312813594
FLIGHT CONTROLS - ELEVATOR AILERON COMPUTER SYSTEM (ELAC) - INSTALL ELAC E E104, SUPPORTING SBS STEP 1 FUNCTIONS
11976 11999 12065 12075 12115 12157 12364 12410 12431 12577 12775 12786 12828 12831 12866 12914 12935 12955 12980 12993 13005 13128 13298 13338 13345 13389 13594
1197612075 1211513594
EQUIPMENT/FURNISHINGS - COCKPIT ADDITIONAL ELECTRICAL SUPPLY - INSTALL REBOUND CSI A03 FOR RMS CALCULATION FIX
12786 12828 12831 12866 12914 12935 12955 12980 12993 13005 13128 13298 13338 13345 13389 13594
1278613594
COMMUNICATIONS - AUDIO MANAGEMENT SYSTEM (AMS) - INSTALL SW L4.3 STD AND ASSOCIATED WIRING FOR DRAIMS
11464 11622 11658 11704 11898 11944 11976 11999 12065 12075 12077 12115 12157 12364 12410 12431 12577 12775 12786 12828 12831 12866 12914 12935 12955 12980 12993 13005 13128 13298 13338 13345 13389 13594
11464 1162211704 1189813594
INDICATING/RECORDING SYSTEMS - CENTRAL WARNING SYSTEMS - DEFINE AND INSTALL FWC H2-F15D
13005 13128 13298 13338 13345 13389 13594
1300513594
AUTOFLIGHT - ACTIVATE WINDSHEAR FUNCTION
EQUIPMENT/FURNISHINGS - COCKPIT ADDITIONAL ELECTRICAL SUPPLY - INSTALL REBOUND CSI WITH SW CORRECTION
12410 12431 12577 12775 12786 12828 12831 12866 12914 12935 12955 12980 12993 13005 13128 13298 13338 13345 13389 13594
1241013594
NAVIGATION - TRAFFIC AND TERRAIN INTEGRATED SURVEILLANCE SYSTEM (T/TISS) - DEFINE ALTSM FUNCTION ACTIVATION IN ACTIVE MODE ON T3CAS
13128 13298 13338 13345 13389 13594
1312813594
COCKPIT - INSTALL A340 TYPE PILOT SEATS
INDICATING/RECORDING SYSTEMS - INSTRUMENTS - DEFINE SDAC STANDARD FOR A321 COF A
INDICATING/RECORDING SYSTEMS - INSTRUMENTS - DEFINE DMC STANDARD FOR A321 COF A
NAVIGATION - INSTALL A TCAS II COLLISION AVOIDANCE SYSTEM
02823 02868 02999 03015 03126 03185 0320703208 03239 03257 03283 03303 03341 03350 03405 03429 03525 03539 03558 03567 03603 03637 03654 03673 03688 0371803719 03738 04629 04643 04654 04665 04682 04695 04698 04706 04755 04761 04774 04779 04788 04790 05025 05077 05083 05118 05154 05205 05254 05388 05450 05465 05490 05584 05604 05633 05663 05667 05689 06009 06086 06294 06508 06563 06599 06652 06657 06682 06709 06751 06758 06766 06781 06822 06869 06987 06990 07029 07089 07139 07146 07166 07242 07274 07299 07516 07518 07858 07871 08101 08155 08168 08218 08257 08617 08727 08732 08737 08740 08794 08832 08896 08901 08906 08919 08937 08957 08967 09000 0904409045 09076 09079 09082 09091 09095 09109 09138 09155 09157 09326 09332 09358 09376 09415 09452 09467 09496 09567 10011 10125 10128 10143 10222 10259 10272 10275 10331 10346 10367 10375 10382 10723 10751 10854 10878 10947 10973 11037 11048 11052 11090 11103 11111 11130 11144 1114711148 11160 11163 11212 11249 11333 11353 11361 11390 11446 11464 11506 11622 11658 11704 11843 11898 11944 11976 11999 12065 12075 12077 12115 12157 12364 12410 12431 12577 12775 12786 12828 12831 12866 12914 12935 12955 12980 12993 13005 13128 13298 13338 13345 13389 13594
0282303350 0340513594
ICE AND RAIN DETECTION - DUAL ADVISORY - ICE DETECTION SYSTEM INSTALLATION
02823 02868 02999 03015 03126 03185 0320703208 03239 03257 03283 03303 03341 03350 03405 03429 03525 03539 03558 03567 03603 03654 0371803719 04629 04643 04654 04665 04682 04695 04698 04706 04755 04761 04774 04779 04788 04790 05025 05077 05083 05118 05154 05205 05254 05388 05450 05465 05490 05584 05633 05663 05667 05689 06508 06563 06599 06652 06657 06682 06709 06751 06758 06766 06781 06822 06869 06987 06990 07029 07089 07139 07146 07166 07242 07274 07299 07516 07518 08155 08257 08617 08727 08732 08740 08794 08919 08957 09000 09044 09076 09082 09095 09109 09138 09157 09326 09376 09415 09452 09496 09567 10125 10143 10222 10259 10346 10367 10375 10382 10723 10751 10854 10878 10947 10973 11037 11048 11090 11103 11144 1114711148 11212 11249 11353 11390 11464 11622 11658 11704 11843 11898 11944 11976 11999 12065 12075 12077 12115 12157 12364 12410 12431 12577 12775 12786 12828 12831 12866 12914 12935 12955 12980 12993 13005 13128 13298 13338 13345 13389 13594
0282303350 0340503603 03654 0371803719 0462905584 0563305689 0650807518 08155 0825708732 0874008794 08919 08957 0900009044 09076 09082 0909509138 0915709326 0937609452 0949609567 10125 1014310259 1034611048 1109011103 1114411148 1121211249 11353 11390 11464 1162213594
NAVIGATION - INSTALL A TCAS II COLLISION AVOIDANCE SYSTEM (HONEYWELL)
03382 05025 06009 06294 06508 06563 06599 06652 06657 06682 06709 06751 06758 06766 06781 06822 06869 06987 06990 07029 07089 07139 07146 07166 07242 07274 07299 07516 07518 07858 07871 08101 08155 08168 08218 08257 08617 08727 08732 08737 08740 08794 08832 08896 08901 08906 08919 08937 08957 08967 09000 0904409045 09076 09079 09082 09091 09095 09109 09138 09155 09157 09326 09332 09358 09376 09415 09452 09467 09496 09567 10011 10125 10128 10143 10222 10259 10272 10275 10331 10346 10367 10375 10382 10723 10751 10854 10878 10947 10973 11037 11048 11052 11090 11103 11111 11130 11144 1114711148 11160 11163 11212 11249 11333 11353 11361 11390 11446 11464 11506 11622 11658 11704 11843 11898 11944 11976 11999 12065 12075 12077 12115 12157 12364 12410 12431 12577 12775 12786 12828 12831 12866 12914 12935 12955 12980 12993 13005 13128 13298 13338 13345 13389 13594
03382 05025 06009 0629413594
INDICATING RECORDING SYSTEM - SDAC - DEFINE A PIN PROGRAM FOR REAR C.C. VENTILATION
02823 02868 02999 03015 03126 03185 0320703208 03239 03257 03283 03303 03341 03350 03405 03429 03525 03539 03558 03567 03603 03654 0371803719 04629 04643 04654 04665 04682 04695 04698 04706 04755 04761 04774 04779 04788 04790 05025 05077 05083 05118 05154 05205 05254 05388 05450 05465 05490 05584 05633 05663 05667 05689 06508 06563 06599 06652 06657 06682 06709 06751 06758 06766 06781 06822 06869 06987 06990 07029 07089 07139 07146 07166 07242 07274 07299 07516 07518 08155 08257 08617 08727 08732 08740 08794 08919 08957 09000 09044 09076 09082 09095 09109 09138 09157 09326 09376 09415 09452 09496 09567 10125 10143 10222 10259 10346 10367 10375 10382 10723 10751 10854 10878 10947 11037 11048 11090 11103 1114711148 11212 11353 11464 11622 11704 11843 11898 11944 11976 11999 12065 12075 12077 12115 12157 12364 12410 12431 12577 12775 12786 12828 12831 12866 12914 12935 12955 12980 12993 13005 13128 13298 13338 13345 13389 13594
0282303350 0340503603 03654 0371803719 0462905584 0563305689 0650807518 08155 0825708732 0874008794 08919 08957 0900009044 09076 09082 0909509138 0915709326 0937609452 0949609567 10125 1014310259 1034610947 1103711048 1109011103 1114711148 11212 11353 11464 11622 1170413594
INDICATING RECORDING SYSTEM - SDAC - DEFINE A PIN PROGRAM FOR FWD C.C VENTILATION
06009 06294 10973 11144 11249 11658
06009 06294 10973 11144 11249 11658
CERTIFICATION DOCUMENTS - GENERAL - CERTIFICATION FOR TAKING OFF WITH 15 KNOT TAILWING
03185 03208 03239 03257 03303 03341 03558 03567 03603 03654 0371803719 04629 04665 04695 04755 04774 04790 07858 07871 08101 08168 08218 08737 08832 08896 08901 08967 09045 09079 09091 09155 09332 09358 09467 10011 11037 11052 11090 11103 11111 11130 11147 11160 11163 11333 11361 11446 11506
03185 0320803257 0330303341 0355803603 03654 0371803719 04629 04665 04695 04755 04774 04790 0785808101 0816808218 08737 0883208901 08967 09045 09079 09091 09155 0933209358 09467 10011 11037 1105211130 11147 1116011163 11333 11361 11446 11506
AIR CONDITIONING - IMPROVE CABIN PRESSURIZATION CONTROL ON 25VU -
LIGHTS-COCKPIT LIGHTING-IMPROVE COCKPIT LIGHTING
FMS - FMS CROSS LOAD
NAVIGATION - INSTALL 4MCU ADIRS CAPABLE OF A321 A/C FITTED WITH IAE ENGINES
02823 02868 02999 03015 03126 03207 03283 03350 03382 03405 03429 03525 03539 03637 03673 03688 03738 04629 04643 04654 04665 04682 04695 04698 04706 04755 04761 04774 04779 04788 04790 05025 05077 05083 05118 05154 05205 05254 05388 05450 05465 05490 05584 05633 05663 05667 05689 06009 06294 06508 06563 06599 06652 06657 06682 06709 06751 06758 06766 06781 06822 06869 06987 06990 07029 07089 07139 07146 07166 07242 07274 07299 07516 07518
0282303126 03207 03283 0335003539 03637 0367303688 0373805584 0563306009 0629407518
NAVIGATION-INSTALL A HONEYWELL 4 MCU ADIRS CAPABLEOF OPERATING ON A321 WITH IAE OR CFM ENGINES -
02823 02868 02999 03015 03126 03207 03283 03350 03405 03429 03525 03539 03637 03673 03688 03738
0282303126 03207 03283 03350 0340503539 03637 0367303688 03738
NAVIGATION -ADAPT SHELVES FOR INSTALLATION OF 4MCUADIRS -
AUTO FLIGHT - FCU-CPIP1 STANDARD
ENGINE FUEL AND CONTROL - IAE V2500 - EIU VERSION 4
02823 02868 02999 03015 03126 03185 0320703208 03239 03257 03283 03303 03341 03350 03382 03405 03429 03525 03539 03558 03567 03603 03637 03654 03673 03688 0371803719 03738 04629 04643 04654 04665 04682 04695 04698 04706 04755 04761 04774 04779 04788 04790 05025 05077 05083 05118 05154 05205 05254 05388 05450 05465 05490 05584 05604 05633 05663 05667 05689 06009 06086 06294 06508 06563 06599 06652 06657 06682 06709 06751 06758 06766 06781 06822 06869 06987 06990 07029 07089 07139 07146 07166 07242 07274 07299 07516 07518
0282307518
NAVIGATION - INSTALLATION OF TCAS II COLLINS SYSTEM
04629 04643 04654 04665 04682 04695 04698 04706 04755 04761 04774 04779 04788 04790 05077 05083 05118 05154 05205 05254 05388 05450 05465 05490 05584 05633 05663 05667 05689 06508 06563 06599 06652 06657 06682 06709 06751 06758 06766 06781 06822 06869 06987 06990 07029 07089 07139 07146 07166 07242 07274 07299 07516 07518 08155 08257 08617 08727 08732 08740 08794 08919 08957 09000 09044 09076 09082 09095 09109 09138 09157 09326 09376 09415 09452 09496 09567 10125 10143 10222 10259 10346 10367 10375 10382 10723 10751 10854 10878 10947 11048 11148 11212 11353 11464 11622 11704 11843 11898 11944 11976 11999 12065 12075 12077 12115 12157 12364 12410 12431 12577 12775 12786 12828 12831 12866 12914 12935 12955 12980 12993 13005 13128 13298 13338 13345 13389 13594
0462904790 0507705584 0563305689 0650807518 08155 0825708732 0874008794 08919 08957 0900009044 09076 09082 0909509138 0915709326 0937609452 0949609567 10125 1014310259 1034610947 11048 11148 11212 11353 11464 11622 1170413594
AUTOFLIGHT - FCU - CPIP 2 STANDARD M10
AUTO FLIGHT - FMGC - A320/A321 - STANDARD WITH SOFTWARE OPTIONS + 400 KWORDS DATA BASE OPTION + ACARS HARDWARE (B1 IAE VERSION)
GENERAL - A321 - IAE ENGINES CAT IIIB AUTOLAND VALIDATION UP TO 9.200 FT WITHIN EXTENDED TEMPERATURE LIMITS
02823 02868 02999 03015 03126 03207 03283 03350 03382 03405 03429 03525 03539 03637 03673 03688 03738 04643 04654 04682 04698 04706 04761 04779 04788 05025 05077 05083 05118 05154 05205 05254 05388 05450 05465 05490 05584 05633 05663 05667 05689 06009 06294 06508 06563 06599 06652 06657 06682 06709 06751 06758 06766 06781 06822 06869 06987 06990 07029 07089 07139 07146 07166 07242 07274 07299 07516 07518
0282303126 03207 03283 0335003539 03637 0367303688 03738 0464304654 04682 0469804706 04761 0477904788 0502505584 0563306009 0629407518
LANDING GEAR - MLG - INSTALL MESSIER BUGATTI/BF GOODRICH WHEELS AND CARBON BRAKES
02823 02868 02999 03015 03126 03207 03283 03350 03382 03405 03429 03525 03539 03637 03673 03688 03738 04643 04654 04682 04698 04706 04761 04779 04788 05025 05077 05083 05118 05154 05205 05254 05388 05450 05465 05490 05584 05633 05663 05667 05689 06009 06294 06508 06563 06599 06652 06657 06682 06709 06751 06758 06766 06781 06822 06869 06987 06990 07029 07089 07139 07146 07166 07242 07274 07299 07516 07518 08155 08257 08617 08727 08732 08740 08794 08906 08919 08937 08957 09000 09044 09076 09082 09095 09109 09138 09157 09326 09376 09415 09452 09496 09567 10125 10128 10143 10222 10259 10272 10275 10331 10346 10367 10375 10382 10723 10751 10854 10878 10947 10973 11048 11144 11148 11212 11249 11353 11390 11464 11622 11658 11704 11843 11898 11944 11976 11999 12065 12075 12077 12115 12157 12364 12410 12431 12577 12775 12786 12828 12831 12866 12914 12935 12955 12980 12993 13005 13128 13298 13338 13345 13389 13594
0282303126 03207 03283 0335003539 03637 0367303688 03738 0464304654 04682 0469804706 04761 0477904788 0502505584 0563306009 0629407518 08155 0825708732 0874008794 0890608957 0900009044 09076 09082 0909509138 0915709326 0937609452 0949609567 1012510973 11048 11144 11148 1121211249 11353 11390 11464 1162213594
LAND CAT III CAPABILITY TEST - CAT III CAPABILITY EXTENSION FOR IAE ENGINES
03185 03208 03239 03257 03303 03341 03558 03567 03603 03654 0371803719 05604 06086
03185 0320803257 0330303341 0355803603 03654 0371803719 05604 06086
ICE PROTECTION - ICING INDICATOR ILLUMINATION
INDICATING/RECORDING SYSTEMS - GENERAL - DEFINE PIN PROGRAMMING FOR STD VERSIONS
AUTOFLIGHT - FCU - DELETE "EXPEDITE" FUNCTION FROM FCU
03637 03673 03688 03738 05025
03637 0367303688 03738 05025
A320/321 ENERGY MANAGEMENT FUNCTIONS - ACTIVATION BY PIN PROGRAMMING FOR IAE AND CFM ENGINES
LANDING GEAR - INSTALLATION OF THE TYRE PRESSURE INDICATING SYSTEM FOR THE TYRES FITTED TO WHEELS MESSIER/GOODRICH ON A321
02823 02868 02999 03015 03126 03207 03283 03350 03405 03429 03525 03539 04643 04654 04682 04698 04706 04761 04779 04788 05077 05083 05118 05154 05205 05254 05388 05450 05465 05490 05584 05633 05663 05667 05689 06508 06563 06599 06652 06657 06682 06709 06751 06758 06766 06781 06822 06869 06987 06990 07029 07089 07139 07146 07166 07242 07274 07299 07516 07518 08155 08257 08617 08727 08732 08740 08794 08919 08957 09000 09044 09076 09082 09095 09109 09138 09157 09326 09376 09415 09452 09496 09567 10125 10143 10222 10259 10346 10367 10375 10382 10723 10751 10854 10878 10947 11048 11148 11212 11353 11464 11622 11704 11843 11898 11944 11976 11999 12065 12075 12077 12115 12157 12364 12410 12431 12577 12775 12786 12828 12831 12866 12914 12935 12955 12980 12993 13005 13128 13298 13338 13345 13389 13594
0282303126 03207 03283 03350 0340503539 0464304654 04682 0469804706 04761 0477904788 0507705584 0563305689 0650807518 08155 0825708732 0874008794 08919 08957 0900009044 09076 09082 0909509138 0915709326 0937609452 0949609567 10125 1014310259 1034610947 11048 11148 11212 11353 11464 11622 1170413594
NAVIGATION - ADIRS - IMPROVED STANDARD OF A320 ADIRU
03185 03208 03239 03257 03303 03341 03558 03567 03603 03654 0371803719 05604 06086 07858 07871 08101 08155 08168 08218 08257 08617 08727 08732 08737 08740 08794 08832 08896 08901 08906 08919 08937 08957 08967 09000 0904409045 09076 09079 09082 09091 09095 09109 09138 09155 09157 09326 09332 09358 09376 09415 09452 09467 09496 09567 10011 10125 10128 10143 10222 10259 10272 10275 10331 10346 10367 10375 10382 10723 10751 10854 10878 10947 10973 11037 11048 11052 11090 11103 11111 11130 11144 1114711148 11160 11163 11212 11249 11333 11353 11361 11390 11446 11464 11506 11622 11658 11704 11843 11898 11944 11976 11999 12065 12075 12077 12115 12157 12364 12410 12431 12577 12775 12786 12828 12831 12866 12914 12935 12955 12980 12993 13005 13128 13298 13338 13345 13389 13594
03185 0320803257 0330303341 0355803603 03654 0371803719 05604 06086 0785813594
AUTO FLIGHT - FLIGHT AUGMENTATION - AFS COMPUTER A320/A321 FAC CFM/IAE
ELECTRICAL GENERATION - APU GENERATOR NEW STANDARD
AUTO FLIGHT - FMGC - PROVIDE TIME CONSTRAINT AND TEN CHARACTERS RTE IDENT FUNCTIONS
NAVIGATION - INSTALLATION OF COLLINS TCAS II (-320) UPGRADED WITH CHANGE 6.04A
04629 04643 04654 04665 04682 04695 04698 04706 04755 04761 04774 04779 04788 04790 05077 05083 05118 05154 05205 05254 05388 05450 05465 05490 05584 05633 05663 05667 05689 06508 06563 06599 06652 06657 06682 06709 06751 06758 06766 06781 06822 06869 06987 06990 07029 07089 07139 07146 07166 07242 07274 07299 07516 07518 08155 08257 08617 08727 08732 08740 08794 08919 08957 09000 09044 09076 09082 09095 09109 09138 09157 09326 09376 09415 09452 09496 09567 10125 10143 10222 10259 10346 10367 10375 10382 10723 10751 10854 10878 10947 11048 11148 11212 11353 11464 11622 11704 11843 11898 11944 11976 11999 12065 12075 12077 12115 12157 12364 12410 12431 12577 12775 12786 12828 12831 12866 12914 12935 12955 12980 12993 13005 13128 13298 13338 13345 13389 13594
0462904790 0507705584 0563305689 0650807518 08155 0825708732 0874008794 08919 08957 0900009044 09076 09082 0909509138 0915709326 0937609452 0949609567 10125 1014310259 1034610947 11048 11148 11212 11353 11464 11622 1170413594
LANDING GEAR - A320/A321 TWIN WHEELS BSCU STANDARD 7 (70B VERSION)
INDICATING/RECORDING SYSTEMS - ELECTRICAL CLOCK - INSTALLATION OF A CLOCK SMITHS TYPE 2610
FLIGHT CONTROLS - EFCS EQUIPMENT - MODIFY SEC STANDARD FOR A320 AND A321
AUTO FLIGHT: FLIGHT AUGMENTATION COMPUTER INTRODUCE FAC POST CDN ON A320/321.
AUTOFLIGHT -FMGC-A320/321-STANDARD FOR A321 IAE CAT III
ENGINE FUEL AND CONTROL -FUNCTIONAL INTERFACES- INTRODUCE A NEW EIU VERSION 5 ON IAE V2500 ENGINES
02823 02868 02999 03015 03126 03185 0320703208 03239 03257 03283 03303 03341 03350 03382 03405 03429 03525 03539 03558 03567 03603 03637 03654 03673 03688 0371803719 03738 04629 04643 04654 04665 04682 04695 04698 04706 04755 04761 04774 04779 04788 04790 05025 05077 05083 05118 05154 05205 05254 05388 05450 05465 05490 05584 05604 05633 05663 05667 05689 06009 06086 06294 06508 06563 06599 06652 06657 06682 06709 06751 06758 06766 06781 06822 06869 06987 06990 07029 07089 07139 07146 07166 07242 07274 07299 07516 07518
0282307518
NAVIGATION- SWITCHING AND INDICATING-INSTALL RMI/VOR/DME SEXTANT WITH SOFTWARE MODIFICATION.
NAVIGATIOIN-AIRS-IMPROVED STANDARD OF HONEYWELL 4 MCU ADIRU
02823 02868 02999 03015 03126 03185 0320703208 03239 03257 03283 03303 03341 03350 03405 03429 03525 03539 03558 03567 03603 03637 03654 03673 03688 0371803719 03738 05604 06086 07858 07871 08101 08155 08168 08218 08257 08617 08727 08732 08737 08740 08794 08832 08896 08901 08906 08919 08937 08957 08967 09000 0904409045 09076 09079 09082 09091 09095 09109 09138 09155 09157 09326 09332 09358 09376 09415 09452 09467 09496 09567 10011 10125 10128 10143 10222 10259 10272 10275 10331 10346 10367 10375 10382 10723 10751 10854 10878 10947 10973 11037 11048 11052 11090 11103 11111 11130 11144 1114711148 11160 11163 11212 11249 11333 11353 11361 11390 11446 11464 11506 11622 11658 11704 11843 11898 11944 11976 11999 12065 12075 12077 12115 12157 12364 12410 12431 12577 12775 12786 12828 12831 12866 12914 12935 12955 12980 12993 13005 13128 13298 13338 13345 13389 13594
0282303350 0340503738 05604 06086 0785813594
NAVIGATION - ADIRU - INTRODUCE A NEW STANDARD OF ADIRU LITTON COMMON WITH A330/A340
02823 02868 02999 03015 03126 03207 03283 03350 03382 03405 03429 03525 03539 03637 03673 03688 03738 04629 04643 04654 04665 04682 04695 04698 04706 04755 04761 04774 04779 04788 04790 05025 05077 05083 05118 05154 05205 05254 05388 05450 05465 05490 05584 05633 05663 05667 05689 06009 06294 06508 06563 06599 06652 06657 06682 06709 06751 06758 06766 06781 06822 06869 06987 06990 07029 07089 07139 07146 07166 07242 07274 07299 07516 07518
0282303126 03207 03283 0335003539 03637 0367303688 0373805584 0563306009 0629407518
FLIGHT CONTROLS-PARTIAL LIFT DUMPING FUNCTION ACTIVATION
ATA 2900 HYDRAULIC POWER-GENERAL INSTALL AN HYDRAULIC SHUT-OFF VALVE ON THE IAE THRUST REVERSER SYSTEM
02823 02868 02999 03015 03126 03185 0320703208 03239 03257 03283 03303 03341 03350 03382 03405 03429 03525 03539 03558 03567 03603 03637 03654 03673 03688 0371803719 03738 04629 04643 04654 04665 04682 04695 04698 04706 04755 04761 04774 04779 04788 04790 05025 05077 05083 05118 05154 05205 05254 05388 05450 05465 05490 05584 05604 05633 05663 05667 05689 06009 06086 06294 06508 06563 06599 06652 06657 06682 06709 06751 06758 06766 06781 06822 06869 06987 06990 07029 07089 07139 07146 07166 07242 07274 07299 07516 07518
0282307518
NAVIGATION-WEATHER RADAR SYSTEM-NEW SEXTANT ATC/TCAS CONTROL PANEL -SFE WITH FULL TIME AND ABOVE BELOW FUNCTIONS
AUTOFLIGHT-FCU-INSTALL M11 STANDARD
AUTOFLIGHT-FCU-INSTALL M11 STANDARD WITH EXPEDITE FUNCTION DELETED
03637 03673 03688 03738 05025
03637 0367303688 03738 05025
NAVIGATION-ADIRS-INSTALL HONEYWELL ADIRS PROVIDING THE GPS PRIMARY NAVIGATION CAPABILITY
02823 02868 02999 03015 03126 03185 0320703208 03239 03257 03283 03303 03341 03350 03405 03429 03525 03539 03558 03567 03603 03637 03654 03673 03688 0371803719 03738 05604 06086 07858 07871 08101 08155 08168 08218 08257 08617 08727 08732 08737 08740 08794 08832 08896 08901 08906 08919 08937 08957 08967 09000 0904409045 09076 09079 09082 09091 09095 09109 09138 09155 09157 09326 09332 09358 09376 09415 09452 09467 09496 09567 10011 10125 10128 10143 10222 10259 10272 10275 10331 10346 10367 10375 10382 10723 10751 10854 10878 10947 10973 11037 11048 11052 11090 11103 11111 11130 11144 1114711148 11160 11163 11212 11249 11333 11353 11361 11390 11446 11464 11506 11622 11658 11704 11843 11898 11944 11976 11999 12065 12075 12077 12115 12157 12364 12410 12431 12577 12775 12786 12828 12831 12866 12914 12935 12955 12980 12993 13005 13128 13298 13338 13345 13389 13594
0282303350 0340503738 05604 06086 0785813594
AUTO-FLIGHT - FMGC - REDUCE VAPP FOR A320 CFM/IAE
03185 03208 03239 03257 03303 03341 03558 03567 03603 03654 0371803719 05604 06086 07858 07871 08101 08168 08218 08737 08832 08896 08901 08967 09045 09079 09091 09155 09332 09358 09467 10011 11037 11052 11090 11103 11111 11130 11147 11160 11163 11333 11361 11446 11506
03185 0320803257 0330303341 0355803603 03654 0371803719 05604 06086 0785808101 0816808218 08737 0883208901 08967 09045 09079 09091 09155 0933209358 09467 10011 11037 1105211130 11147 1116011163 11333 11361 11446 11506
COMMUNICATIONS - RADIO MANAGEMENT - INSTALL A NEW STANDARD RMP3 (DEGRE) WITH VHF SPACING 8, 33KHZ
02823 02868 02999 03015 03126 03185 0320703208 03239 03257 03283 03303 03341 03350 03382 03405 03429 03525 03539 03558 03567 03603 03637 03654 03673 03688 0371803719 03738 04629 04643 04654 04665 04682 04695 04698 04706 04755 04761 04774 04779 04788 04790 05025 05077 05083 05118 05154 05205 05254 05388 05450 05465 05490 05584 05633 05663 05667 05689 06009 06294 06508 06563 06599 06652 06657 06682 06709 06751 06758 06766 06781 06822 06869 06987 06990 07029 07089 07139 07146 07166 07242 07274 07299 07516 07518 08155 08257 08617 08727 08732 08740 08794 08906 08919 08937 08957 09000 09044 09076 09082 09095 09109 09138 09157 09326 09376 09415 09452 09496 09567 10125 10128 10143 10222 10259 10272 10275 10331 10346 10367 10375 10382 10723 10751 10854 10878 10947 11037 11048 11148 11212 11353
0282305584 0563306009 0629407518 08155 0825708732 0874008794 0890608957 0900009044 09076 09082 0909509138 0915709326 0937609452 0949609567 1012510947 1103711048 11148 11212 11353
EXHAUST - THRUST REVERSER CONTROL AND INDICATING -ACTIVATE ADDITIONAL THRUST REVERSER LOCK CONTROL
ENGINE FUEL AND CONTROL - CONTROLLING -INSTALL A NEW E.E.C. SOFTWARE SCN 10A ON IAE V2500-A5 P/N 2A3210
02823 02868 02999 03015 03126 03185 0320703208 03239 03257 03283 03303 03341 03350 03382 03405 03429 03525 03539 03558 03567 03603 03637 03654 03673 03688 0371803719 03738 04629 04643 04654 04665 04682 04695 04698 04706 04755 04761 04774 04779 04788 04790 05025 05077 05083 05118 05154 05205 05254 05388 05450 05465 05490 05584 05604 05633 05663 05667 05689 06009 06086 06294 06508 06563 06599 06652 06657 06682 06709 06751 06758 06766 06781 06822 06869 06987 06990 07029 07089 07139 07146 07166 07242 07274 07299 07516 07518
0282307518
INDICATING/RECORDING SYSTEMS - UP AND DOWN DATA LOADING SYSTEM - INSTALL A "PORTABLE DATA LOADER" CONNECTOR AND DISK STOWAGE.
AUTOFLIGHT - FLIGHT MANAGEMENT AND GUIDANCE COMPUTER - ACTIVATION OF ACARS AND PRINTER INTERFACES IN F.M.S ( CFM ENGINES)
FLIGHT CONTROLS - FCDC - PROVIDE A VISUAL INDICATION FOR SIMULTANEOUS SIDE STICK ACTION
NAVIGATION AND COMMUNICATIONS REPLACE BFE EQUIPMENT BY SFE EQUIPMENT
AUTOFLIGHT - FMGC - ACTIVATE PRINTER INTERFACE IN FMS (CFM AND IAE ENGINES)
ICE AND RAIN PROTECTION-WINDSHIELD RAIN PROTECTION DESACTIVATION OF RAIN REPELLENT SYSTEM.
NAVIGATION - RMI - INSTALLATION OF VOR/ADF/DDRMI (SEXTANT) P/N 63543-253-2
03637 03673 03688 03738
03637 0367303688 03738
INDICATING-RECORDING SYSTEM FWC DEFINE OEB REMINDER NEW FUNCTION IN FWC
NAVIGATION - BENDIX WEATHER RADAR SYSTEM - ACTIVATION OF PREDICTIVE WINDSHEAR FUNCTION
03185 03208 03239 03257 03303 03341 03558 03567 03603 03654 0371803719
03185 0320803257 0330303341 0355803603 03654 0371803719
AUTO FLIGHT/FCU DEFINE FD ENGAGEMENT IN CROSSED BARS AT GO AROUND
AUTO FLIGHT - ACTIVATE GLOBAL SPEED PROTECTION AND FD DISENGAGEMENT UPON SPEED CONDITIONS
ENGINE FUEL AND CONTROL-CONTROLLING INSTALL A NEW EEC SOFTWARE SCN 10B ON V2500-A5
02823 02868 02999 03015 03126 03185 0320703208 03239 03257 03283 03303 03341 03350 03382 03405 03429 03525 03539 03558 03567 03603 03637 03654 03673 03688 0371803719 03738 04629 04643 04654 04665 04682 04695 04698 04706 04755 04761 04774 04779 04788 04790 05025 05077 05083 05118 05154 05205 05254 05388 05450 05465 05490 05584 05604 05633 05663 05667 05689 06009 06086 06294 06508 06563 06599 06652 06657 06682 06709 06751 06758 06766 06781 06822 06869 06987 06990 07029 07089 07139 07146 07166 07242 07274 07299 07516 07518
0282307518
ELECTRICAL POWER - IMPROVE DESIGN OF TRU INSTALLATION ON A/C TO AVOID TRANSFORMER RECTIFIER MISBEHAVIOUR
ENGINE FUEL AND CONTROL-FADEC SYSTEM INSTALL EEC SOFTWARE SCN 11 P/N 2A3250 ON V2500-A5
02823 02868 02999 03015 03126 03185 0320703208 03239 03257 03283 03303 03341 03350 03382 03405 03429 03525 03539 03558 03567 03603 03637 03654 03673 03688 0371803719 03738 04629 04643 04654 04665 04682 04695 04698 04706 04755 04761 04774 04779 04788 04790 05025 05077 05083 05118 05154 05205 05254 05388 05450 05465 05490 05584 05604 05633 05663 05667 05689 06009 06086 06294 06508 06563 06599 06652 06657 06682 06709 06751 06758 06766 06781 06822 06869 06987 06990 07029 07089 07139 07146 07166 07242 07274 07299 07516 07518
0282307518
INDICATING/RECORDING SYSTEMS- DISPLAY MANAGEMENT COMPUTER (DMC) DEFINE DMC V32 STANDARD
DOORS-EMERGENCY ESCAPE SLIDE RELEASE AND OVERPRESSURE WARNING SYSTEMS-MODIFY CONTROL LOGIC OF THE OVERPRESSURE WARING SYSTEM
INFORMATION SYSTEMS - ATIMS - INSTALL ATSU COMPUTER FOR PRE-FANS CONFIGURATION
AUTO FLIGHT-GENERAL/FLIGHT CONTROL UNIT- DEFINE AND INSTALL SEXTANT MODULAR FCU
LANDING GEAR-GENERAL WHEELS AND BRAKES EQUIPMENT COST REDUCTION ELECTRICAL ALTERNATE BRAKING
COMMUNICATIONS - HF SYSTEM - INSTALL ONE ALLIED SIGNAL HF VOICE SYSTEM
03637 03673 03688 03738
03637 0367303688 03738
NAVIGATION - WETAHER RADAR SYSTEM - ACTIVATE DUAL PREDICTIVE WINDSHEAR FUNCTION
02823 02868 02999 03015 03126 03207 03283 03350 03405 03429 03525 03539 03637 03673 03688 03738 05604 06086 08617 08727 08732 08737 08740 08794 08832 08896 08901 08906 08919 08937 08957 08967 09000 0904409045 09076 09079 09082 09091 09095 09109 09138 09155 09157 09326 09332 09358 09376 09415 09452 09467 09496 09567 10011 10125 10128 10143 10222 10259 10272 10275 10331 10346 10367 10375 10382 10723 10751 10854 10878 10947 10973 11037 11048 11052 11090 11103 11111 11130 11144 1114711148 11160 11163 11212 11249 11333 11353 11361 11390 11446 11464 11506 11622 11658 11704 11843 11898 11944 11976 11999 12065 12075 12077 12115 12157 12364 12410 12431 12577 12775 12786 12828 12831 12866 12914 12935 12955 12980 12993 13005 13128 13298 13338 13345 13389 13594
0282303126 03207 03283 03350 0340503539 03637 0367303688 03738 05604 06086 0861713594
NAVIGATION - WEATHER RADAR SYSTEM - COLLINS DUAL PWS ACTIVATOR
02823 02868 02999 03015 03126 03185 0320703208 03239 03257 03283 03303 03341 03350 03382 03405 03429 03525 03539 03558 03567 03603 03637 03654 03673 03688 0371803719 03738 04629 04643 04654 04665 04682 04695 04698 04706 04755 04761 04774 04779 04788 04790 05025 05077 05083 05118 05154 05205 05254 05388 05450 05465 05490 05584 05633 05663 05667 05689 06009 06294
0282305584 0563306009 06294
AUTOFLIGHT-FMGC-DEFINE AND INSTALL FMGC B546CCM0102 FOR A319 TC IAE ENGINES (CAPABLE GPS/ACARS FCTS).
02823 02868 02999 03015 03126 03207 03283 03350 03382 03405 03429 03525 03539 03637 03673 03688 03738 04629 04643 04654 04665 04682 04695 04698 04706 04755 04761 04774 04779 04788 04790 05025 05077 05083 05118 05154 05205 05254 05388 05450 05465 05490 05584 05633 05663 05667 05689 06009 06294 06508 06563 06599 06652 06657 06682 06709 06751 06758 06766 06781 06822 06869 06987 06990 07029 07089 07139 07146 07166 07242 07274 07299 07516 07518 08155 08257 08617 08727 08732 08740 08794 08906 08919 08937 08957 09000 09044 09076 09082 09095 09109 09138 09157 09326 09376 09415 09452 09496 09567 10125 10128 10143 10222 10259 10272 10275 10331 10346 10367 10375 10382 10723 10751 10854 10878 10947 10973 11048 11144 11148 11212 11249 11353 11390 11464 11622 11658 11704 11843 11898 11944 11976 11999 12065 12075 12077 12115 12157 12364 12410 12431 12577 12775 12786 12828 12831 12866 12914 12935 12955 12980 12993 13005 13128 13298 13338 13345 13389 13594
0282303126 03207 03283 0335003539 03637 0367303688 0373805584 0563306009 0629407518 08155 0825708732 0874008794 0890608957 0900009044 09076 09082 0909509138 0915709326 0937609452 0949609567 1012510973 11048 11144 11148 1121211249 11353 11390 11464 1162213594
NAVIGATION - WEATHER RADAR SYSTEM - ALLIED SIGNAL CONFIGURATION WITH ALLIED SIGNAL FULL PROVISION FOR THE SECOND TRANSCEIVER
02823 02868 02999 03015 03126 03185 0320703208 03239 03257 03283 03303 03341 03350 03405 03429 03525 03539 03558 03567 03603 03637 03654 03673 03688 0371803719 03738 05604 06086 08617 08727 08732 08737 08740 08794 08832 08896 08901 08906 08919 08937 08957 08967 09000 0904409045 09076 09079 09082 09091 09095 09109 09138 09155 09157 09326 09332 09358 09376 09415 09452 09467 09496 09567 10011 10125 10128 10143 10222 10259 10272 10275 10331 10346 10367 10375 10382 10723 10751 10854 10878 10947 10973 11037 11048 11052 11090 11103 11111 11130 11144 1114711148 11160 11163 11212 11249 11333 11353 11361 11390 11446 11464 11506 11622 11658 11704 11843 11898 11944 11976 11999 12065 12075 12077 12115 12157 12364 12410 12431 12577 12775 12786 12828 12831 12866 12914 12935 12955 12980 12993 13005 13128 13298 13338 13345 13389 13594
0282303350 0340503738 05604 06086 0861713594
NAVIGATION - ADF - INSTALLATION OF 1 ADF QUANTUM LINE P/N 066-50014-0202
02823 02868 02999 03015 03126 03185 0320703208 03239 03257 03283 03303 03341 03350 03405 03429 03525 03539 03558 03567 03603 03637 03654 03673 03688 0371803719 03738 05604 06086
0282303350 0340503738 05604 06086
LANDING WITH A 15 KNOT TAILWIND
02823 02868 02999 03015 03126 03185 0320703208 03239 03257 03283 03303 03341 03350 03382 03405 03429 03525 03539 03558 03567 03603 03637 03654 03673 03688 0371803719 03738 04629 04643 04654 04665 04682 04695 04698 04706 04755 04761 04774 04779 04788 04790 05077 05083 05118 05154 05205 05254 05388 05450 05465 05490 05584 05604 05633 05663 05667 05689 06086 06508 06563 06599 06652 06657 06682 06709 06751 06758 06766 06781 06822 06869 06987 06990 07029 07089 07139 07146 07166 07242 07274 07299 07516 07518 07858 07871 08101 08155 08168 08218 08257 08617 08727 08732 08737 08740 08794 08832 08896 08901 08906 08919 08937 08957 08967 09000 0904409045 09076 09079 09082 09091 09095 09109 09138 09155 09157 09326 09332 09358 09376 09415 09452 09467 09496 09567 10011 10125 10128 10143 10222 10259 10272 10275 10331 10346 10367 10375 10382 10723 10751 10854 10878 10947 11048 11052 11111 11130 11148 11160 11163 11212 11333 11353 11361 11446 11464 11506 11622 11704 11843 11898 11944 11976 11999 12065 12075 12077 12115 12157 12364 12410 12431 12577 12775 12786 12828 12831 12866 12914 12935 12955 12980 12993 13005 13128 13298 13338 13345 13389 13594
0282304790 0507705689 06086 0650810947 1104811052 1111111130 1114811212 1133311361 1144611622 1170413594
TAKE OFF WITH A 15 KNOT TAILWIND.
02823 02868 02999 03015 03126 03207 03283 03350 03382 03405 03429 03525 03539 03637 03673 03688 03738 04643 04654 04682 04698 04706 04761 04779 04788 05025 05077 05083 05118 05154 05205 05254 05388 05450 05465 05490 05584 05633 05663 05667 05689 06009 06294 06508 06563 06599 06652 06657 06682 06709 06751 06758 06766 06781 06822 06869 06987 06990 07029 07089 07139 07146 07166 07242 07274 07299 07516 07518 08155 08257 08617 08727 08732 08740 08794 08919 08957 09000 09044 09076 09082 09095 09109 09138 09157 09326 09376 09415 09452 09496 09567 10125 10143 10222 10259 10346 10367 10375 10382 10723 10751 10854 10878 10947 10973 11048 11144 11148 11212 11249 11353 11390 11464 11622 11658 11704 11843 11898 11944 11976 11999 12065 12075 12077 12115 12157 12364 12410 12431 12577 12775 12786 12828 12831 12866 12914 12935 12955 12980 12993 13005 13128 13298 13338 13345 13389 13594
0282303126 03207 03283 0335003539 03637 0367303688 03738 0464304654 04682 0469804706 04761 0477904788 0502505584 0563306009 0629407518 08155 0825708732 0874008794 08919 08957 0900009044 09076 09082 0909509138 0915709326 0937609452 0949609567 10125 1014310259 1034610973 11048 11144 11148 1121211249 11353 11390 11464 1162213594
NAVIGATION - SINGLE PWS - COLLINS SINGLE PWS ACTIVATION
05077 05083 05118 05154 05205 05254 05388 05450 05465 05490 05584 05604 05633 05663 05667 05689 06009 06086 06294 06508 06563 06599 06652 06657 06682 06709 06751 06758 06766 06781 06822 06869 06987 06990 07029 07089 07139 07146 07166 07242 07274 07299 07516 07518 07858 07871 08101 08155 08168 08218 08257 08617 08727 08732 08737 08740 08794 08832 08896 08901 08906 08919 08937 08957 08967 09000 0904409045 09076 09079 09082 09091 09095 09109 09138 09155 09157 09326 09332 09358 09376 09415 09452 09467 09496 09567 10011 10125 10128 10143 10222 10259 10272 10275 10331 10346 10367 10375 10382 10723 10751 10854 10878 10947 10973 11037 11048 11052 11090 11103 11111 11130 11144 1114711148 11160 11163 11212 11249 11333 11353 11361 11390 11446 11464 11506 11622 11658 11704 11843 11898 11944 11976 11999 12065 12075 12077 12115 12157 12364 12410 12431 12577 12775 12786 12828 12831 12866 12914 12935 12955 12980 12993 13005 13128 13298 13338 13345 13389 13594
0507713594
NAVIGATION - WEATHER RADAR SYSTEM. INSTALL FULL PROVISION FOR THE SECOND TRANSCEIVER.
02823 02868 02999 03015 03126 03185 0320703208 03239 03257 03283 03303 03341 03350 03382 03405 03429 03525 03539 03558 03567 03603 03637 03654 03673 03688 0371803719 03738 04629 04643 04654 04665 04682 04695 04698 04706 04755 04761 04774 04779 04788 04790 05025 05077 05083 05118 05154 05205 05254 05388 05450 05465 05490 05584 05604 05633 05663 05667 05689 06009 06086 06294 08617 08727 08732 08737 08740 08794 08832 08896 08901 08906 08919 08937 08957 08967 09000 0904409045 09076 09079 09082 09091 09095 09109 09138 09155 09157 09326 09332 09358 09376 09415 09452 09467 09496 09567 10011 10125 10128 10143 10222 10259 10272 10275 10331 10346 10367 10375 10382 10723 10751 10854 10878 10947 10973 11037 11048 11052 11090 11103 11111 11130 11144 1114711148 11160 11163 11212 11249 11333 11353 11361 11390 11446 11464 11506 11622 11658 11704 11843 11898 11944 11976 11999 12065 12075 12077 12115 12157 12364 12410 12431 12577 12775 12786 12828 12831 12866 12914 12935 12955 12980 12993 13005 13128 13298 13338 13345 13389 13594
0282306294 0861713594
NAVIGATION - INSTALL DUAL COLLINS ADF 700 - P/N 622-5222-020
02823 02868 02999 03015 03126 03185 0320703208 03239 03257 03283 03303 03341 03350 03405 03429 03525 03539 03558 03567 03603 03654 0371803719
0282303350 0340503603 03654 0371803719
NAVIGATION-MMR-INSTALLATION OF SEXTANT MULTICI-MODE RECEIVERS PROVIDING ILS (FM IMMUNE) AND GPS PRIMARY FUNCTION
ELECTRICAL POWER - GENERATION SYSTEM - DEFINE AND INSTALL ON A320 FAMILY NEW ELECTRICAL GENERATION CONCEPT (WIRING/EQUIPMENT)
LANDING GEAR - GENERAL - WHEELS AND BRAKES - EQUIPMENT COST REDUCTION BSCU REDESIGN
03185 03208 03239 03257 03303 03341 03558 03567 03603 03654 0371803719 04629 04665 04695 04755 04774 04790 05604 06086 07858 07871 08101 08168 08218 08737 08832 08896 08901 08967 09045 09079 09091 09155 09332 09358 09467 10011 11037 11052 11090 11103 11111 11130 11147 11160 11163 11333 11361 11446 11506
03185 0320803257 0330303341 0355803603 03654 0371803719 04629 04665 04695 04755 04774 04790 05604 06086 0785808101 0816808218 08737 0883208901 08967 09045 09079 09091 09155 0933209358 09467 10011 11037 1105211130 11147 1116011163 11333 11361 11446 11506
NAVIGATION - ADF - INSTALL AN ADF 900 RECEIVER P/N 822-0299-020
NAVIGATION - EGPWS - INSTL. NEW SPECIFICATION INSTALLATION OF EGPWC (NEW SPECIFICATION)
AUTOFLIGHT - FMGC - DEFINE AND INSTALL FMGC B546CCM0103 FOR A319 AUTOLAND IAE ENGINES (CAPABLE OF GPS/ACARS FUNCTION)
03185 03208 03239 03257 03303 03341 03558 03567 03603 03654 0371803719 04629 04665 04695 04755 04774 04790 05604 06086 07858 07871 08101 08168 08218 08737 08832 08896 08901 08967 09045 09079 09091 09155 09332 09358 09467 10011 11037 11052 11090 11103 11111 11130 11147 11160 11163 11333 11361 11446 11506
03185 0320803257 0330303341 0355803603 03654 0371803719 04629 04665 04695 04755 04774 04790 05604 06086 0785808101 0816808218 08737 0883208901 08967 09045 09079 09091 09155 0933209358 09467 10011 11037 1105211130 11147 1116011163 11333 11361 11446 11506
NAVIGATION - EGPWS - ACTIVATION OF ENHANCED FUNCTIONS OF THE EGPWS
NAVIGATION - WEATHER RADAR SYSTEM - INSTALL 2ND WEATHER RADAR TRANSCEIVER
03637 03673 03688 03738 06009 06294
03637 0367303688 03738 06009 06294
FLIGHT CONTROL - GENERAL - ELAC-SYSTEM - INSTALL ELAC COMPATIBLE A320/321/319 (EM2 PROGRAM)
INDICATING/RECORDING SYSTEMS - FWC - PROVIDE NEW SYNTHETIC VOICE "DUAL INPUT"
AUTO FLIGHT - FLIGHT AUGMENTATION - DEFINE FAC STANDARD B0513
ENGINE FUEL AND CONTROL - CONTROLLING FADEC SYSTEM -V2500-A5 - INSTALL EEC SOFTWARE SCN 11/P P/N 2A2383
02823 02868 02999 03015 03126 03185 0320703208 03239 03257 03283 03303 03341 03350 03382 03405 03429 03525 03539 03558 03567 03603 03637 03654 03673 03688 0371803719 03738 04629 04643 04654 04665 04682 04695 04698 04706 04755 04761 04774 04779 04788 04790 05025 05077 05083 05118 05154 05205 05254 05388 05450 05465 05490 05584 05604 05633 05663 05667 05689 06009 06086 06294 06508 06563 06599 06652 06657 06682 06709 06751 06758 06766 06781 06822 06869 06987 06990 07029 07089 07139 07146 07166 07242 07274 07299 07516 07518
0282307518
COMMUNICATIONS - RADIO MANAGEMENT - INSTALL TWO RMP COST REDUCTION EQUIPMENT PRODUCT IMPROVEMENT
NAVIGATION - ATC - INSTALL GABLES ATC/TCAS CONTROL PANEL P/N G6990-40
02823 02868 02999 03015 03126 03185 0320703208 03239 03257 03283 03303 03341 03350 03405 03429 03525 03539 03558 03567 03603 03654 0371803719
0282303350 0340503603 03654 0371803719
PNEUMATIC-ENGINE BLEED AIR SYSTEM-INTRODUCE AN IMPROVED DEFINITION OF TLT
02823 02868 02999 03015 03126 03185 0320703208 03239 03257 03283 03303 03341 03350 03382 03405 03429 03525 03539 03558 03567 03603 03637 03654 03673 03688 0371803719 03738 04629 04643 04654 04665 04682 04695 04698 04706 04755 04761 04774 04779 04788 04790 05025 05077 05083 05118 05154 05205 05254 05388 05450 05465 05490 05584 05604 05633 05663 05667 05689 06009 06086 06294 06508 06563 06599 06652 06657 06682 06709 06751 06758 06766 06781 06822 06869 06987 06990 07029 07089 07139 07146 07166 07242 07274 07299 07516 07518
0282307518
ICE AND RAIN PROTECTION-WINDSHIELD RAIN PROTECTIONREACTIVATE RAIN REPELLENT SYSTEM WITH FLUID COMPATIBLE WITH OZONE PROTECTION RULES
FLIGHT CONTROLS-GENERAL-ELAC SYSTEM- INSTALL ELAC STANDARD L80
NAVIGATION-MMR-INSTALLATION OF COLLINS MULTI-MODE RECEIVERS PROVIDING ILS (FM IMMUNE) AND GPS PRIMARY FUNCTION
AUTOFLIGHT - FMGC-IAE ENGINES - DEFINE AND INSTALLFMGC B54CCM0104 (FA817 STANDARD) CAPABLE OF GPS/ACARS FUNCTION
ENGINE FUEL AND CONTROL - CONTROLLING - FADEC SYSTEM IAE V2500-A5 - INSTALL EEC SOFTWARE SCN12
02823 02868 02999 03015 03126 03185 0320703208 03239 03257 03283 03303 03341 03350 03382 03405 03429 03525 03539 03558 03567 03603 03637 03654 03673 03688 0371803719 03738 04629 04643 04654 04665 04682 04695 04698 04706 04755 04761 04774 04779 04788 04790 05025 05077 05083 05118 05154 05205 05254 05388 05450 05465 05490 05584 05604 05633 05663 05667 05689 06009 06086 06294 06508 06563 06599 06652 06657 06682 06709 06751 06758 06766 06781 06822 06869 06987 06990 07029 07089 07139 07146 07166 07242 07274 07299 07516 07518
0282307518
NAVIGATION-ATC MODE "S"-INSTALL ATC/TCAS CONTROL UNIT P/N C12240B02
NAVIGATION-WEATHER RADAR SYSTEMS-INSTALL COLLINS SINGLE WITH PROVISION FOR THE SECOND SYSTEM
NAVIGATION ADIRS REMOVE ADIRS CDU
03382 03603 03637 03654 03673 03688 0371803719 03738 04629 04643 04654 04665 04682 04695 04698 04706 04755 04761 04774 04779 04788 04790 05025 05077 05083 05118 05154 05205 05254 05388 05450 05465 05490 05584 05604 05633 05663 05667 05689 06009 06086 06294 06508 06563 06599 06652 06657 06682 06709 06751 06758 06766 06781 06822 06869 06987 06990 07029 07089 07139 07146 07166 07242 07274 07299 07516 07518 07858 07871 08101 08155 08168 08218 08257 08617 08727 08732 08737 08740 08794 08832 08896 08901 08906 08919 08937 08957 08967 09000 0904409045 09076 09079 09082 09091 09095 09109 09138 09155 09157 09326 09332 09358 09376 09415 09452 09467 09496 09567 10011 10125 10128 10143 10222 10259 10272 10275 10331 10346 10367 10375 10382 10723 10751 10854 10878 10947 10973 11037 11048 11052 11090 11103 11111 11130 11144 1114711148 11160 11163 11212 11249 11333 11353 11361 11390 11446 11464 11506 11622 11658 11704 11843 11898 11944 11976 11999 12065 12075 12077 12115 12157 12364 12410 12431 12577 12775 12786 12828 12831 12866 12914 12935 12955 12980 12993 13005 13128 13298 13338 13345 13389 13594
03382 0360313594
AUTO FLIGHT - GENERAL - MULTIPURPOSE CONTROL AND DISPLAY UNIT (MCDU) - INSTALL MCDU HONEYWELL 2ND GENERATION P/N : 4077880-980
ELECTRICAL POWER - GENERAL AC & DC MAIN DISTRIBUTION - INSTALL A/C AND DC SHEDDABLE BUSBARS
POWER PLANT - GENERAL - ADD RELAY LOGIC FOR CONTROL PACK CLOSURE AT ENGINE START
INDICATING/RECORDING SYSTEMS - ELECTRICAL CLOCKS - INSTALL AIR PRECISION P/N APE5100-1 CAPABLE OF GPS TIME
AUTO FLIGHT - MULTIPURPOSE CONTROL AND DISPLAY UNIT (MCDU) - INSTALL MCDU SEXTANT 2ND GENERATION P/N C19266AA01
03382 05025 06009 06294 07858 07871 08906 08937 09332 09358 09467 10011 10128 10272 10275 10331 10973 11037 11052 11090 11103 11111 11130 11144 11147 11160 11163 11249 11333 11361 11390 11446 11506 11658
03382 05025 06009 06294 0785807871 08906 08937 0933209358 09467 10011 10128 1027210331 1097311037 1105211147 1116011163 1124911333 1136111446 11506 11658
INDICATING/RECORDING SYSTEM - DMC - DEFINE DMC V40 STANDARD
ENGINE FUEL AND CONTROL - GENERAL - INSTALL A V2500-A5 ENGINE WITH DATA ENTRY PLUG CONFIGURATION FOR 30 SECONDS EXTRA CRANK SELECTION
02823 02868 02999 03015 03126 03185 0320703208 03239 03257 03283 03303 03341 03350 03382 03405 03429 03525 03539 03558 03567 03603 03637 03654 03673 03688 0371803719 03738 04629 04643 04654 04665 04682 04695 04698 04706 04755 04761 04774 04779 04788 04790 05025 05077 05083 05118 05154 05205 05254 05388 05450 05465 05490 05584 05604 05633 05663 05667 05689 06009 06086 06294 06508 06563 06599 06652 06657 06682 06709 06751 06758 06766 06781 06822 06869 06987 06990 07029 07089 07139 07146 07166 07242 07274 07299 07516 07518
0282307518
NAVIGATION - ADIRS - REDUCED VERTICAL SEPARATION MINIMUM (RVSM) USING ADR 1 AND ADR 2 ONLY (A319/A320/A321 APPLICABLE)
LANDING GEAR - BRAKE COOLING - INSTALL UNIVERSAL BRAKE COOLING FAN ON ALL AIRCRAFT FAMILIES
02823 02868 02999 03015 03126 03185 0320703208 03239 03257 03283 03303 03341 03350 03382 03405 03429 03525 03539 03558 03567 03603 03637 03654 03673 03688 0371803719 03738 04629 04643 04654 04665 04682 04695 04698 04706 04755 04761 04774 04779 04788 04790 05025 05077 05083 05118 05154 05205 05254 05388 05450 05465 05490 05584 05633 05663 05667 05689 06009 06294 06508 06563 06599 06652 06657 06682 06709 06751 06758 06766 06781 06822 06869 06987 06990 07029 07089 07139 07146 07166 07242 07274 07299 07516 07518 07858 07871 08101 08155 08168 08218 08257 08617 08727 08732 08737 08740 08794 08832 08896 08901 08906 08919 08937 08957 08967 09000 0904409045 09076 09079 09082 09091 09095 09109 09138 09155 09157 09326 09332 09358 09376 09415 09452 09467 09496 09567 10011 10125 10128 10143 10222 10259 10272 10275 10331 10346 10367 10375 10382 10723 10751 10854 10878 10947 10973 11037 11048 11052 11090 11103 11111 11130 11144 1114711148 11160 11163 11212 11249 11333 11353 11361 11390 11446 11464 11506 11622 11658 11704 11843 11898 11944 11976 11999 12065 12075 12077 12115 12157 12364 12410 12431 12577 12775 12786 12828 12831 12866 12914 12935 12955 12980 12993 13005 13128 13298 13338 13345 13389 13594
0282305584 0563306009 0629413594
NAVIGATION - TCAS - INSTALL COLLINS TCAS TTR921 WITH COLLINS ATC TPR901
04629 04643 04654 04665 04682 04695 04698 04706 04755 04761 04774 04779 04788 04790 05077 05083 05118 05154 05205 05254 05388 05450 05465 05490 05584 05633 05663 05667 05689 06508 06563 06599 06652 06657 06682 06709 06751 06758 06766 06781 06822 06869 06987 06990 07029 07089 07139 07146 07166 07242 07274 07299 07516 07518 08155 08257 08617 08727 08732 08740 08794 08919 08957 09000 09044 09076 09082 09095 09109 09138 09157 09326 09376 09415 09452 09496 09567 10125 10143 10222 10259 10346 10367 10375 10382 10723 10751 10854 10878 10947 11048 11148 11212 11353 11464 11622 11704 11843 11898 11944 11976 11999 12065 12075 12077 12115 12157 12364 12410 12431 12577 12775 12786 12828 12831 12866 12914 12935 12955 12980 12993 13005 13128 13298 13338 13345 13389 13594
0462904790 0507705584 0563305689 0650807518 08155 0825708732 0874008794 08919 08957 0900009044 09076 09082 0909509138 0915709326 0937609452 0949609567 10125 1014310259 1034610947 11048 11148 11212 11353 11464 11622 1170413594
AUTO FLIGHT - MCDU - INSTALL AN MCDU 2ND GENERATION HONEYWELL FMS (MCDU WITH A340 KEYBOARD)
02823 02868
0282302868
NAVIGATION - STANDBY DATA : ALTITUDE AND HEADING -INSTALL ISIS (INTEGRATED STANDBY INSTRUMENT SYSTEM) - SERIAL SOLUTION -
03208 03239 03257 03283 03303 03341 03350 03382 03405 03429 03525 03539 03558 03567 03603 03637 03654 03673 03688 0371803719 03738 04629 04643 04654 04665 04682 04695 04698 04706 04755 04761 04774 04779 04788 04790 05025 05077 05083 05118 05154 05205 05254 05388 05450 05465 05490 05584 05604 05633 05663 05667 05689 06009 06086 06294 06508 06563 06599 06652 06657 06682 06709 06751 06758 06766 06781 06822 06869 06987 06990 07029 07089 07139 07146 07166 07242 07274 07299 07516 07518 07858 07871 08101 08155 08168 08218 08257 08617 08727 08732 08737 08740 08794 08832 08896 08901 08906 08919 08937 08957 08967 09000 0904409045 09076 09079 09082 09091 09095 09109 09138 09155 09157 09326 09332 09358 09376 09415 09452 09467 09496 09567 10011 10125 10128 10143 10222 10259 10272 10275 10331 10346 10367 10375 10382 10723 10751 10854 10878 10947 10973 11037 11048 11052 11090 11103 11111 11130 11144 1114711148 11160 11163 11212 11249 11333 11353 11361 11390 11446 11464 11506 11622 11658 11704 11843 11898 11944 11976 11999 12065 12075 12077 12115 12157 12364 12410 12431 12577 12775 12786 12828 12831 12866 12914 12935 12955 12980 12993 13005 13128 13298 13338 13345 13389 13594
0320813594
NAVIGATION - TCAS - INSTALL ALLIED SIGNAL TCAS COMPUTER P/N 066-50000-2220 (WITH CHANGE 7.0)(BFE)
02823 02868 02999 03015 03126 03185 0320703208 03239 03257 03283 03303 03341 03350 03405 03429 03525 03539 03558 03567 03603 03637 03654 03673 03688 0371803719 03738 04629 04643 04654 04665 04682 04695 04698 04706 04755 04761 04774 04779 04788 04790 05025 05077 05083 05118 05154 05205 05254 05388 05450 05465 05490 05584 05604 05633 05663 05667 05689 06009 06086 06294 06508 06563 06599 06652 06657 06682 06709 06751 06758 06766 06781 06822 06869 06987 06990 07029 07089 07139 07146 07166 07242 07274 07299 07516 07518 07858 07871 08101 08155 08168 08218 08257 08617 08727 08732 08737 08740 08794 08832 08896 08901 08906 08919 08937 08957 08967 09000 0904409045 09076 09079 09082 09091 09095 09109 09138 09155 09157 09326 09332 09358 09376 09415 09452 09467 09496 09567 10011 10125 10128 10143 10222 10259 10272 10275 10331 10346 10367 10375 10382 10723 10751 10854 10878 10947 10973 11037 11048 11052 11090 11103 11111 11130 11144 1114711148 11160 11163 11212 11249 11333 11353 11361 11390 11446 11464 11506 11622 11658 11704 11843 11898 11944 11976 11999 12065 12075 12077 12115 12157 12364 12410 12431 12577 12775 12786 12828 12831 12866 12914 12935 12955 12980 12993 13005 13128 13298 13338 13345 13389 13594
0282303350 0340513594
COMMUNICATIONS - AUDIO MANAGEMENT - INSTALL SATCOM AMU AND ACP
05025
05025
NAVIGATION - WEATHER RADAR SYSTEM - INSTALL ALLIED SIGNAL WEATHER RADAR TRANSCEIVER P/N 066-50008-0405
02823 02868 02999 03015 03126 03185 0320703208 03239 03257 03283 03303 03341 03350 03405 03429 03525 03539 03558 03567 03603 03637 03654 03673 03688 0371803719 03738 05604 06086 08617 08727 08732 08737 08740 08794 08832 08896 08901 08906 08919 08937 08957 08967 09000 0904409045 09076 09079 09082 09091 09095 09109 09138 09155 09157 09326 09332 09358 09376 09415 09452 09467 09496 09567 10011 10125 10128 10143 10222 10259 10272 10275 10331 10346 10367 10375 10382 10723 10751 10854 10878 10947 10973 11037 11048 11052 11090 11103 11111 11130 11144 1114711148 11160 11163 11212 11249 11333 11353 11361 11390 11446 11464 11506 11622 11658 11704 11843 11898 11944 11976 11999 12065 12075 12077 12115 12157 12364 12410 12431 12577 12775 12786 12828 12831 12866 12914 12935 12955 12980 12993 13005 13128 13298 13338 13345 13389 13594
0282303350 0340503738 05604 06086 0861713594
INDICATING/RECORDING SYSTEMS- FLIGHT WARNING COMPUTER (FWC) INSTALL FWC STD H2/E3
PNEUMATIC - ENGINE BLEED AIR SYSTEM - INSTALL TLT P/N 341E030000
02823 02868 02999 03015 03126 03185 0320703208 03239 03257 03283 03303 03341 03350 03382 03405 03429 03525 03539 03558 03567 03603 03637 03654 03673 03688 0371803719 03738 04629 04643 04654 04665 04682 04695 04698 04706 04755 04761 04774 04779 04788 04790 05025 05077 05083 05118 05154 05205 05254 05388 05450 05465 05490 05584 05604 05633 05663 05667 05689 06009 06086 06294 06508 06563 06599 06652 06657 06682 06709 06751 06758 06766 06781 06822 06869 06987 06990 07029 07089 07139 07146 07166 07242 07274 07299 07516 07518
0282307518
ELECTRICAL POWER - AC EMERGENCY GENERATION - ACTIVATE ON A320 SAME ELECTRICAL EMERG. CONFIGURATION THAN A321
03185 03208 03239 03257 03303 03341 03558 03567 03603 03654 0371803719 05604 06086 07858 07871 08101 08168 08218 08737 08832 08896 08901 08967 09045 09079 09091 09155 09332 09358 09467 10011 11037 11052 11090 11103 11111 11130 11147 11160 11163 11333 11361 11446 11506
03185 0320803257 0330303341 0355803603 03654 0371803719 05604 06086 0785808101 0816808218 08737 0883208901 08967 09045 09079 09091 09155 0933209358 09467 10011 11037 1105211130 11147 1116011163 11333 11361 11446 11506
NAVIGATION-GPWS-INSTALL EGPWS P/N-206-206 & INHIBIT AUTOMATIC DEACTIVATION OF ENHANCED FUNCTIONS.
ICE AND RAIN PROTECTION - GENERAL - ICE DETECTION INSTALL ICE DETECTOR P/N 0871DP4
02823 02868 02999 03015 03126 03185 0320703208 03239 03257 03283 03303 03341 03350 03405 03429 03525 03539 03558 03567 03603 03654 0371803719 04629 04643 04654 04665 04682 04695 04698 04706 04755 04761 04774 04779 04788 04790 05025 05077 05083 05118 05154 05205 05254 05388 05450 05465 05490 05584 05633 05663 05667 05689 06508 06563 06599 06652 06657 06682 06709 06751 06758 06766 06781 06822 06869 06987 06990 07029 07089 07139 07146 07166 07242 07274 07299 07516 07518 08155 08257 08617 08727 08732 08740 08794 08919 08957 09000 09044 09076 09082 09095 09109 09138 09157 09326 09376 09415 09452 09496 09567 10125 10143 10222 10259 10346 10367 10375 10382 10723 10751 10854 10878 10947 10973 11037 11048 11090 11103 11144 1114711148 11212 11249 11353 11390 11464 11622 11658 11704 11843 11898 11944 11976 11999 12065 12075 12077 12115 12157 12364 12410 12431 12577 12775 12786 12828 12831 12866 12914 12935 12955 12980 12993 13005 13128 13298 13338 13345 13389 13594
0282303350 0340503603 03654 0371803719 0462905584 0563305689 0650807518 08155 0825708732 0874008794 08919 08957 0900009044 09076 09082 0909509138 0915709326 0937609452 0949609567 10125 1014310259 1034611048 1109011103 1114411148 1121211249 11353 11390 11464 1162213594
NAVIGATION - WEATHER RADAR SYSTEM - REINSTALL A SINGLE WEATHER RADAR CONFIGURATION
02823 02868 02999 03015 03126 03207 03283 03350 03405 03429 03525 03539
0282303126 03207 03283 03350 0340503539
ELECTRICAL POWER - AC GENERATION - INSTALL ELECTRICAL OUTLETS IN COCKPIT
INDICATING/RECORDING SYSTEMS - DMC - DISPLAY THE ALTITUDE IN METRES ON THE PRIMARY FLIGHT DISPLAY (PFD)
02823 02868 02999 03015 03126 03185 0320703208 03239 03257 03283 03303 03341 03350 03405 03429 03525 03539 03558 03567 03603 03654 0371803719 04629 04643 04654 04665 04682 04695 04698 04706 04755 04761 04774 04779 04788 04790 05025 05077 05083 05118 05154 05205 05254 05388 05450 05465 05490 05584 05604 05633 05663 05667 05689 06009 06086 06294 06508 06563 06599 06652 06657 06682 06709 06751 06758 06766 06781 06822 06869 06987 06990 07029 07089 07139 07146 07166 07242 07274 07299 07516 07518 08155 08257 08617 08727 08732 08740 08794 08919 08957 09000 09044 09076 09082 09095 09109 09138 09157 09326 09376 09415 09452 09496 09567 10125 10143 10222 10259 10346 10367 10375 10382 10723 10751 10854 10878 10947 10973 11037 11048 11090 11103 11144 1114711148 11212 11249 11353 11390 11464 11622 11658 11704 11843 11898 11944 11976 11999 12065 12075 12077 12115 12157 12364 12410 12431 12577 12775 12786 12828 12831 12866 12914 12935 12955 12980 12993 13005 13128 13298 13338 13345 13389 13594
0282303350 0340503603 03654 0371803719 0462907518 08155 0825708732 0874008794 08919 08957 0900009044 09076 09082 0909509138 0915709326 0937609452 0949609567 10125 1014310259 1034611048 1109011103 1114411148 1121211249 11353 11390 11464 1162213594
NAVIGATION -STANDBY BY DATA-ATTITUDE AND HEADING-COMPLETE PROVISIONS FOR ISIS ELECTRICAL SUPPLY
03208 03239 03257 03283 03303 03341 03350 03382 03405 03429 03525 03539 03558 03567 03603 03637 03654 03673 03688 0371803719 03738 04629 04643 04654 04665 04682 04695 04698 04706 04755 04761 04774 04779 04788 04790 05025 05077 05083 05118 05154 05205 05254 05388 05450 05465 05490 05584 05604 05633 05663 05667 05689 06009 06086 06294 06508 06563 06599 06652 06657 06682 06709 06751 06758 06766 06781 06822 06869 06987 06990 07029 07089 07139 07146 07166 07242 07274 07299 07516 07518 07858 07871 08101 08155 08168 08218 08257 08617 08727 08732 08737 08740 08794 08832 08896 08901 08906 08919 08937 08957 08967 09000 0904409045 09076 09079 09082 09091 09095 09109 09138 09155 09157 09326 09332 09358 09376 09415 09452 09467 09496 09567 10011 10125 10128 10143 10222 10259 10272 10275 10331 10346 10367 10375 10382 10723 10751 10854 10878 10947 10973 11037 11048 11052 11090 11103 11111 11130 11144 1114711148 11160 11163 11212 11249 11333 11353 11361 11390 11446 11464 11506 11622 11658 11704 11843 11898 11944 11976 11999 12065 12075 12077 12115 12157 12364 12410 12431 12577 12775 12786 12828 12831 12866 12914 12935 12955 12980 12993 13005 13128 13298 13338 13345 13389 13594
0320813594
INDICATING/RECORDING SYSTEM - FWC - INTRODUCE "F/CTL FLAP LVR NOT ZERO" RED WARNING
02823 02868 02999 03015 03126 03185 0320703208 03239 03257 03283 03303 03341 03350 03382 03405 03429 03525 03539 03558 03567 03603 03637 03654 03673 03688 0371803719 03738 04629 04643 04654 04665 04682 04695 04698 04706 04755 04761 04774 04779 04788 04790 05025 05077 05083 05118 05154 05205 05254
0282305254
GENERAL-FLIGHT ENVIRONMENTAL ENVELOPE- EXTENSION TO 12100 M
AUTO FLIGHT - DEFINE "GUIDED RADAR APPROACH WITH AUTOPILOT ENGAGED" PROCEDURE (MUH 250 FT)
02823 02868 02999 03015 03126 03185 0320703208 03239 03257 03283 03303 03341 03350 03382 03405 03429 03525 03539 03558 03567 03603 03637 03654 03673 03688 0371803719 03738 04629 04665 04695 04755 04774 04790 05025 05604 06009 06086 06294 06508 06563 06599 06652 06657 06682 06709 06751 06758 06766 06781 06822 06869 06987 06990 07029 07089 07139 07146 07166 07242 07274 07299 07516 07518 07858 07871 08101 08155 08168 08218 08257 08617 08727 08732 08737 08740 08794 08832 08896 08901 08906 08919 08937 08957 08967 09000 0904409045 09076 09079 09082 09091 09095 09109 09138 09155 09157 09326 09332 09358 09376 09415 09452 09467 09496 09567 10011 10125 10128 10143 10222 10259 10272 10275 10331 10346 10367 10375 10382 10723 10751 10854 10878 10947 11048 11052 11111 11130 11148 11160 11163 11212 11333 11353 11361 11446 11506 13128 13298 13338 13345 13389 13594
0282304629 04665 04695 04755 04774 0479005025 05604 0600910947 1104811052 1111111130 1114811212 1133311361 11446 11506 1312813594
NAVIGATION - TCAS - INSTALL HONEYWELL COMPUTER TCAS 2000 WITH CHANGE 7.0
03382 05025 06009 06294 06508 06563 06599 06652 06657 06682 06709 06751 06758 06766 06781 06822 06869 06987 06990 07029 07089 07139 07146 07166 07242 07274 07299 07516 07518 07858 07871 08101 08155 08168 08218 08257 08617 08727 08732 08737 08740 08794 08832 08896 08901 08906 08919 08937 08957 08967 09000 0904409045 09076 09079 09082 09091 09095 09109 09138 09155 09157 09326 09332 09358 09376 09415 09452 09467 09496 09567 10011 10125 10128 10143 10222 10259 10272 10275 10331 10346 10367 10375 10382 10723 10751 10854 10878 10947 10973 11037 11048 11052 11090 11103 11111 11130 11144 1114711148 11160 11163 11212 11249 11333 11353 11361 11390 11446 11464 11506 11622 11658 11704 11843 11898 11944 11976 11999 12065 12075 12077 12115 12157 12364 12410 12431 12577 12775 12786 12828 12831 12866 12914 12935 12955 12980 12993 13005 13128 13298 13338 13345 13389 13594
03382 05025 06009 0629413594
COMMUNICATIONS - AUDIO MANAGEMENT - INSTALL TEAM DIGITAL AMU P/N 4031-SA-01
LANDING GEAR-PARKING/ULTIMATE EMERGENCY BRAKING -INSTALL A PRESSURE SWITCH (PARKING BRAKE SYSTEM IMPROVEMENT
ELECTRICAL POWER-GALLEY SUPPLY- INSTALL A RELAY FOR GALLEY SHEDDING IN A SINGLE GENERATOR CONFIGURATION
02823 02868 02999 03015 03126 03207 03283 03350 03382 03405 03429 03525 03539 03637 03673 03688 03738 04643 04654 04682 04698 04706 04761 04779 04788 05025 05077 05083 05118 05154 05205 05254 05388 05450 05465 05490 05584 05633 05663 05667 05689 06009 06294 06508 06563 06599 06652 06657 06682 06709 06751 06758 06766 06781 06822 06869 06987 06990 07029 07089 07139 07146 07166 07242 07274 07299 07516 07518 08155 08257 08617 08727 08732 08740 08794 08906 08919 08937 08957 09000 09044 09076 09082 09095 09109 09138 09157 09326 09376 09415 09452 09496 09567 10125 10128 10143 10222 10259 10272 10275 10331 10346 10367 10375 10382 10723 10751 10854 10878 10947 10973 11048 11144 11148 11212 11249 11353 11390 11464 11622 11658 11704 11843 11898 11944 11976 11999 12065 12075 12077 12115 12157 12364 12410 12431 12577 12775 12786 12828 12831 12866 12914 12935 12955 12980 12993 13005 13128 13298 13338 13345 13389 13594
0282303126 03207 03283 0335003539 03637 0367303688 03738 0464304654 04682 0469804706 04761 0477904788 0502505584 0563306009 0629407518 08155 0825708732 0874008794 0890608957 0900009044 09076 09082 0909509138 0915709326 0937609452 0949609567 1012510973 11048 11144 11148 1121211249 11353 11390 11464 1162213594
INDICATING/RECORDING SYSTEMS - FWC - IMPROVE FWC TO COMPLY WITH NEW EMM BSCS WARNINGS AND ECAM INDICATIONS
INDICATING RECORDING SYSTEM - FWC ACTIVATE SPECIFIC FWC PROCEDURE
INDICATING RECORDING SYSTEMS- EIS-INSTALL DMC, DU AND DISKETTES FOR EIS2
INFORMATION SYSTEM - ATIMS IMPROVE ATSU AIRCRAFT INTERFACE SOFTWARE TO UPDATE SERVICE PROVIDERS LIST AND MANAGEMEN
INDICATING/RECORDING SYSTEMS - CFDIU INTRODUCE CFDIU STANDARD 9B
CERTIFICATION DOCUMENTS - GENERAL - CERTIFY AIRCRAFT FOR OPERATION ON RUNWAYS LESS THAN 45 M WIDTH
02823 02868 02999 03015 03126 03185 0320703208 03239 03257 03283 03303 03341 03350 03382 03405 03429 03525 03539 03558 03567 03603 03637 03654 03673 03688 0371803719 03738 04629 04643 04654 04665 04682 04695 04698 04706 04755 04761 04774 04779 04788 04790 05025 05077 05083 05118 05154 05205 05254 05388 05450 05465 05490 05584 05604 05633 05663 05667 05689 06086 06508 06563 06599 06652 06657 06682 06709 06751 06758 06766 06781 06822 06869 06987 06990 07029 07089 07139 07146 07166 07242 07274 07299 07516 07518 07858 07871 08101 08155 08168 08218 08257 08617 08727 08732 08737 08740 08794 08832 08896 08901 08919 08957 08967 09000 0904409045 09076 09079 09082 09091 09095 09109 09138 09155 09157 09326 09332 09358 09376 09415 09452 09467 09496 09567 10011 10125 10143 10222 10259 10346 10367 10375 10382 10723 10751 10854 10878 10947 10973 11037 11048 11052 11090 11103 11111 11130 11144 1114711148 11160 11163 11212 11249 11333 11353 11361 11390 11446 11464 11506 11622 11658 11704 11843 11898 11944 11976 11999 12065 12075 12077 12115 12157 12364 12410 12431 12577 12775 12786 12828 12831 12866 12914 12935 12955 12980 12993 13005 13128 13298 13338 13345 13389 13594
0282305689 06086 0650808901 08919 0895710125 1014310259 1034613594
COMMUNICATION - RADIO MANAGAMENT INTRODUCE NEW RMP STANDARD 2 P/N C12848AB02
COMMUNICATIONS - RADIO MANAGEMENT INSTALL A THIRD RADIO MANAGEMENT PANEL
02823 02868 02999 03015 03126 03185 0320703208 03239 03257 03283 03303 03341 03350 03382 03405 03429 03525 03539 03558 03567 03603 03637 03654 03673 03688 0371803719 03738 04629 04643 04654 04665 04682 04695 04698 04706 04755 04761 04774 04779 04788 04790 05025 05077 05083 05118 05154 05205 05254 05388 05450 05465 05490 05584 05633 05663 05667 05689 06009 06294 06508 06563 06599 06652 06657 06682 06709 06751 06758 06766 06781 06822 06869 06987 06990 07029 07089 07139 07146 07166 07242 07274 07299 07516 07518 08155 08257 08617 08727 08732 08740 08794 08906 08919 08937 08957 09000 09044 09076 09082 09095 09109 09138 09157 09326 09376 09415 09452 09496 09567 10125 10128 10143 10222 10259 10272 10275 10331 10346 10367 10375 10382 10723 10751 10854 10878 10947 11037 11048 11148 11212 11353
0282305584 0563306009 0629407518 08155 0825708732 0874008794 0890608957 0900009044 09076 09082 0909509138 0915709326 0937609452 0949609567 1012510947 1103711048 11148 11212 11353
AUTO FLIGHT - FLIGHT AUGMENTATION COMPUTER INSTALL NEW FAC SOFTWARE STANDARD P/N B397BAM0515
NAVIGATION - ILS (MMR) - INSTALL HONEYWELL MMR PROVIDING ILS (FM IMMUNE) AND GPS PRIMARY FUNCTIONS (HYBRID ARCHITECTURE)
03637 03673 03688 03738 05604 06086 11622 11658 11704 11843 11898 11944 11976 11999 12065 12075 12077 12115 12157 12364 12410 12431 12577 12775 12786 12828 12831 12866 12914 12935 12955 12980 12993 13005 13128 13298 13338 13345 13389 13594
03637 0367303688 03738 05604 06086 1162213594
INFORMATION SYSTEM - ATIMS - UPGRADE ATSU HARDWARE FOR NEW ARINC 429 I/O BOARD
INDICATING RECORDING SYSTEM - FWC INSTALL FWC STANDARD H2E4
INFORMATION SYSTEMS - ATIMS - DEFINE AND INSTALL NEW SOFTWARE ATSU A/C INTERFACE UPGRADED
FLIGHT CONTROLS - ELAC SYSTEM - INTRODUCE ELAC SOFTWARE "L90" CAPABLE OF A318
INDICATING/RECORDING SYSTEM : FROM FWC-F1 PIN-PROGRAMMING FOR IMPROVING THE MONITORING ABOUT THE NORMAL BRAKING SYSTEM
AUTO FLIGHT - FLIGHT AUGMENTATION COMPUTER (FAC SYSTEM) - INTRODUCE FAC SOFTWARE "BAM0516" CAPABLE OF A318
NAVIGATION - ADIRS - INSTALL HONEYWELL ADIRU 4MCU CAPABLE OF A318 A/C
02823 02868 02999 03015 03126 03185 0320703208 03239 03257 03283 03303 03341 03350 03405 03429 03525 03539 03558 03567 03603 03637 03654 03673 03688 0371803719 03738 05604 06086 07858 07871 08101 08155 08168 08218 08257 08617 08727 08732 08737 08740 08794 08832 08896 08901 08906 08919 08937 08957 08967 09000 0904409045 09076 09079 09082 09091 09095 09109 09138 09155 09157 09326 09332 09358 09376 09415 09452 09467 09496 09567 10011 10125 10128 10143 10222 10259 10272 10275 10331 10346 10367 10375 10382 10723 10751 10854 10878 10947 10973 11037 11048 11052 11090 11103 11111 11130 11144 1114711148 11160 11163 11212 11249 11333 11353 11361 11390 11446 11464 11506 11622 11658 11704 11843 11898 11944 11976 11999 12065 12075 12077 12115 12157 12364 12410 12431 12577 12775 12786 12828 12831 12866 12914 12935 12955 12980 12993 13005 13128 13298 13338 13345 13389 13594
0282303350 0340503738 05604 06086 0785813594
AUTO FLIGHT - FMGC INSTALL FMGC P/N B546CCM0105 (IAE GPS/ACARS)
COMMUNICATION - AUDIO MANAGEMENT INSTALL A DIGITAL SATCOM AMU P/N AMU4031L*01
05025
05025
OXYGEN - CREW OXYGEN - INSTALL ALTERNATIVE 115CU FT FLIGHT CREW OXYGEN CYLINDER COMPOSITE - SCOTT P/N 897940-15
03637 03673 03688 03738 04629 04643 04654 04665 04682 04695 04698 04706 04755 04761 04774 04779 04788 04790 05025 05077 05083 05118 05154 05205 05254 05388 05450 05465 05490 05584 05633 05663 05667 05689 06508 06563 06599 06652 06657 06682 06709 06751 06758 06766 06781 06822 06869 06987 06990 07029 07089 07139 07146 07166 07242 07274 07299 07516 07518
03637 0367303688 0373805584 0563305689 0650807518
INDICATING/RECORDING SYSTEM - EIS - ACTIVATE FUEL FLOW/DELTA ISA FUNCTION BY PIN PROGRAMMING ON DMC
INDICATING/RECORDING SYSTEMS - FWC - INSTALL FWC STANDARD H2 F1 ON A318 PW
COMMUNICATIONS - HF SYSTEM - ACTIVATE DATA LINK FUNCTION FOR HFDR 1
06009 06294
06009 06294
ELECTRICAL POWER - GENERAL - INSTALL A COMMERCIAL SHEDDING PUSH-BUTTON SWITCH IN COCKPIT
NAVIGATION - EGPWS -INSTALL ENHANCED GPWS P/N 965-1676-001
NAVIGATION - EGPWS ACTIVATE PEAKS MODE OF EGPWS IN CONJUNCTION WITH THE TERRAIN DISPLAY
NAVIGATION - EGPWS ACTIVATE GEOMETRIC ALTITUDE FUNCTION IN THE EGPWS
NAVIGATION - EGPWS ACTIVATE OBSTACLE OPTION ON THE EGPWS
AUTOFLIGHT - FLIGHT MANAGEMENT AND GUIDANCE COMPUTER (FMGC) DEVELOP FMS 2ND GENERATION HONEYWELL STEP1
NAVIGATION - ADIRU RESTORE RVSM 3 CIRCUITS CAPABILITIES - SERIAL SOLUTION
INDICATING RECORDING SYSTEM - EIS2 INSTALL EIS2 SOFTWARE CAPABLE OF A318 A/C
ELECTRICAL POWER - AC GENERATION - INSTALL ELECTRICAL OUTLETS IN COCKPIT 4MM AND 4.8MM DIA. PLUGS
AUTOFLIGHT - FMGC DEFINE AND INSTALL FMGC IAE C13043BA01 THALES (EQUIPPED WITH "FMS2" THALES/SMITH)
03382 05025 06009 06294 07858 07871 08906 08937 09332 09358 09467 10011 10128 10272 10275 10331 10973 11037 11052 11090 11103 11111 11130 11144 11147 11160 11163 11249 11333 11361 11390 11446 11506 11658
03382 05025 06009 06294 0785807871 08906 08937 0933209358 09467 10011 10128 1027210331 1097311037 1105211147 1116011163 1124911333 1136111446 11506 11658
NAVIGATION - ADIRS INSTALL HONEYWELL ADIRU 4MCU CAPABLE OF A318
02823 02868 02999 03015 03126 03185 0320703208 03239 03257 03283 03303 03341 03350 03405 03429 03525 03539 03558 03567 03603 03637 03654 03673 03688 0371803719 03738 05604 06086 07858 07871 08101 08155 08168 08218 08257 08617 08727 08732 08737 08740 08794 08832 08896 08901 08906 08919 08937 08957 08967 09000 0904409045 09076 09079 09082 09091 09095 09109 09138 09155 09157 09326 09332 09358 09376 09415 09452 09467 09496 09567 10011 10125 10128 10143 10222 10259 10272 10275 10331 10346 10367 10375 10382 10723 10751 10854 10878 10947 10973 11037 11048 11052 11090 11103 11111 11130 11144 1114711148 11160 11163 11212 11249 11333 11353 11361 11390 11446 11464 11506 11622 11658 11704 11843 11898 11944 11976 11999 12065 12075 12077 12115 12157 12364 12410 12431 12577 12775 12786 12828 12831 12866 12914 12935 12955 12980 12993 13005 13128 13298 13338 13345 13389 13594
0282303350 0340503738 05604 06086 0785813594
COMMUNICATION - RADIO MANAGEMENT INSTALL RMP STANDARD 3 WITH MLS AND GLS FUNCTION CAPABILITY
03382 04629 04643 04654 04665 04682 04695 04698 04706 04755 04761 04774 04779 04788 04790 05025 05077 05083 05118 05154 05205 05254 05388 05450 05465 05490 05584 05633 05663 05667 05689 06508 06563 06599 06652 06657 06682 06709 06751 06758 06766 06781 06822 06869 06987 06990 07029 07089 07139 07146 07166 07242 07274 07299 07516 07518 07858 07871 08101 08155 08168 08218 08257 08617 08727 08732 08737 08740 08794 08832 08896 08901 08906 08919 08937 08957 08967 09000 0904409045 09076 09079 09082 09091 09095 09109 09138 09155 09157 09326 09332 09358 09376 09415 09452 09467 09496 09567 10011 10125 10128 10143 10222 10259 10272 10275 10331 10346 10367 10375 10382 10723 10751 10854 10878 10947 10973 11037 11048 11052 11090 11103 11111 11130 11144 1114711148 11160 11163 11212 11249 11333 11353 11361 11390 11446
03382 0462905584 0563305689 0650811446
NAVIGATION - ATC - INSTALL L3-COM ATC XS950 INCORPORATING EUROPEAN MODE S REGULATIONS
02823 02868 02999 03015 03126 03185 0320703208 03239 03257 03283 03303 03341 03350 03382 03405 03429 03525 03539 03558 03567 03603 03637 03654 03673 03688 0371803719 03738 05025 06009 06294 06508 06563 06599 06652 06657 06682 06709 06751 06758 06766 06781 06822 06869 06987 06990 07029 07089 07139 07146 07166 07242 07274 07299 07516 07518 07858 07871 08101 08155 08168 08218 08257 08617 08727 08732 08737 08740 08794 08832 08896 08901 08906 08919 08937 08957 08967 09000 0904409045 09076 09079 09082 09091 09095 09109 09138 09155 09157 09326 09332 09358 09376 09415 09452 09467 09496 09567 10011 10125 10128 10143 10222 10259 10272 10275 10331 10346 10367 10375 10382 10723 10751 10854 10878 10947 10973 11037 11048 11052 11090 11103 11111 11130 11144 1114711148 11160 11163 11212 11249 11333 11353 11361 11390 11446 11464 11506 11622 11658 11704 11843 11898 11944 11976 11999 12065 12075 12077 12115 12157 12364 12410 12431 12577 12775 12786 12828 12831 12866 12914 12935 12955 12980 12993 13005 13128 13298 13338 13345 13389 13594
0282303738 05025 06009 0629413594
NAVIGATION - ATC - INSTALL HONEYWELL ATC TRA67A INCORPORATING EUROPEAN MODE S REGULATIONS
ELECTRICAL POWER - GENERAL IN FLIGHT ENTERTAINMENT (IFE) POWER SUPPLY ON SHEDDABLE BUSBARS CONTROLED BY "GALY & CAB" SW
AUTOFLIGHT - FMGC - INSTALL FMGC IAE C13042BA01 (EQUIPPED WITH FMS2 HONEYWELL)
NAVIGATION - ATC - INSTALL COLLINS ATC MODE S TPR901 INCORPORATING ELEMENTARY AND ENHANCED SURVEILLANCE
04629 04643 04654 04665 04682 04695 04698 04706 04755 04761 04774 04779 04788 04790 05077 05083 05118 05154 05205 05254 05388 05450 05465 05490 05584 05633 05663 05667 05689 06508 06563 06599 06652 06657 06682 06709 06751 06758 06766 06781 06822 06869 06987 06990 07029 07089 07139 07146 07166 07242 07274 07299 07516 07518 08155 08257 08617 08727 08732 08740 08794 08919 08957 09000 09044 09076 09082 09095 09109 09138 09157 09326 09376 09415 09452 09496 09567 10125 10143 10222 10259 10346 10367 10375 10382 10723 10751 10854 10878 10947 11048 11148 11212 11353 11464 11622 11704 11843 11898 11944 11976 11999 12065 12075 12077 12115 12157 12364 12410 12431 12577 12775 12786 12828 12831 12866 12914 12935 12955 12980 12993 13005 13128 13298 13338 13345 13389 13594
0462904790 0507705584 0563305689 0650807518 08155 0825708732 0874008794 08919 08957 0900009044 09076 09082 0909509138 0915709326 0937609452 0949609567 10125 1014310259 1034610947 11048 11148 11212 11353 11464 11622 1170413594
INDICATING RECORDING SYSTEM - SDAC INSTALL WIRING PROVISIONS FOR SDAC H2E1A PIN PROGRAMMING.
AUTO-FLIGHT - FMGC - ACTIVATE MORA DISPLAY ON ND
05025 06009 06294 06508 06563 06599 06652 06657 06682 06709 06751 06758 06766 06781 06822 06869 06987 06990 07029 07089 07139 07146 07166 07242 07274 07299 07516 07518 08155 08257 08617 08727 08732 08740 08794 08919 08957 09000 09044 09076 09082 09095 09109 09138 09157 09326 09376 09415 09452 09496 09567 10125 10143 10222 10259 10346 10367 10375 10382 10723 10751 10854 10878 10947 10973 11037 11048 11090 11103 11144 1114711148 11212 11249 11353 11390 11464 11622 11658 11704 11843 11898 11944 11976 11999 12065 12075 12077 12115 12157 12364 12410 12431 12577 12775 12786 12828 12831 12866 12914 12935 12955 12980 12993 13005 13128 13298 13338 13345 13389 13594
05025 06009 0629407518 08155 0825708732 0874008794 08919 08957 0900009044 09076 09082 0909509138 0915709326 0937609452 0949609567 10125 1014310259 1034611048 1109011103 1114411148 1121211249 11353 11390 11464 1162213594
FLIGHT CONTROLS - ELAC SYSTEM INTRODUCE ELAC SOTWARE L82
AUTO FLIGHT - FMGC DEVELOP FMS 2ND GENERATION THALES/SMITH REV 1 STANDARD
03382 05025 06009 06294 07858 07871 08906 08937 09332 09358 09467 10011 10128 10272 10275 10331 10973 11037 11052 11090 11103 11111 11130 11144 11147 11160 11163 11249 11333 11361 11390 11446 11506 11658
03382 05025 06009 06294 0785807871 08906 08937 0933209358 09467 10011 10128 1027210331 1097311037 1105211147 1116011163 1124911333 1136111446 11506 11658
AUTO FLIGHT FLIGHT MANAGEMENT AND GUIDANCE SYSTEM ACTIVATE FMA ENHANCEMENT FUNCTION
ENGINE FUEL AND CONTROL - CONTROLLING INTRODUCE EEC SOFTWARE STANDARD "SCN17" ON V2500-A5 ENGINES
02823 02868 02999 03015 03126 03185 0320703208 03239 03257 03283 03303 03341 03350 03382 03405 03429 03525 03539 03558 03567 03603 03637 03654 03673 03688 0371803719 03738 04629 04643 04654 04665 04682 04695 04698 04706 04755 04761 04774 04779 04788 04790 05025 05077 05083 05118 05154 05205 05254 05388 05450 05465 05490 05584 05604 05633 05663 05667 05689 06009 06086 06294 06508 06563 06599 06652 06657 06682 06709 06751 06758 06766 06781 06822 06869 06987 06990 07029 07089 07139 07146 07166 07242 07274 07299 07516 07518
0282307518
NAVIGATION - WEATHER RADAR SYSTEM INSTALL COLLINS DUAL CONTROL PANEL TO ACTIVATE MULTISCAN FUNCTION
03382 04629 04643 04654 04665 04682 04695 04698 04706 04755 04761 04774 04779 04788 04790 05025 05077 05083 05118 05154 05205 05254 05388 05450 05465 05490 05584 05633 05663 05667 05689 06009 06294
03382 0462905584 0563306009 06294
COMMUNICATION - AUDIO MANAGEMENT REMOVE "LS" FUNCTIONS ACP (ANTI MOD 32526)
05025
05025
AUTO FLIGHT - FMGC RE-INSTALL FMGC2 IAE P/N C13042BA01 (ANTI MOD 32160)
03382 05025 06009 06294
03382 05025 06009 06294
NAVIGATION - TCAS INSTALL ROCKWELL/COLLINS TCAS TTR921 (P/N 822-1293-322)
04629 04643 04654 04665 04682 04695 04698 04706 04755 04761 04774 04779 04788 04790 05077 05083 05118 05154 05205 05254 05388 05450 05465 05490 05584 05633 05663 05667 05689 06508 06563 06599 06652 06657 06682 06709 06751 06758 06766 06781 06822 06869 06987 06990 07029 07089 07139 07146 07166 07242 07274 07299 07516 07518 08155 08257 08617 08727 08732 08740 08794 08919 08957 09000 09044 09076 09082 09095 09109 09138 09157 09326 09376 09415 09452 09496 09567 10125 10143 10222 10259 10346 10367 10375 10382 10723 10751 10854 10878 10947 11048 11148 11212 11353 11464 11622 11704 11843 11898 11944 11976 11999 12065 12075 12077 12115 12157 12364 12410 12431 12577 12775 12786 12828 12831 12866 12914 12935 12955 12980 12993 13005 13128 13298 13338 13345 13389 13594
0462904790 0507705584 0563305689 0650807518 08155 0825708732 0874008794 08919 08957 0900009044 09076 09082 0909509138 0915709326 0937609452 0949609567 10125 1014310259 1034610947 11048 11148 11212 11353 11464 11622 1170413594
LANDING GEAR NORMAL BRAKING INSTALL BSCU STD L4.5
LANDING GEAR - NORMAL BRAKING - AUTOBRAKE DECELERATION LEVELS MODIFICATION
03185 03239 03257 03303 03341 03558 03567 03603 03654 0371803719 04629 04665 04695 04755 04774 04790 05604 06086 07858 07871 08101 08168 08218 08737 08832 08896 08901 09045 09079 09155 09332 09358 09467 10011 11037 11052 11090 11103 11111 11130 11147 11160 11163 11333 11361 11446 11506
03185 0323903257 0330303341 0355803603 03654 0371803719 04629 04665 04695 04755 04774 04790 05604 06086 0785808101 0816808218 08737 0883208901 09045 09079 09155 0933209358 09467 10011 11037 1105211130 11147 1116011163 11333 11361 11446 11506
INDICATING/RECORDING SYSTEMS - SDAC - ACTIVATE IAS DISCREPANCY MONITORING BY PIN PROGRAMMING
02823 02868 02999 03015 03126 03185 0320703208 03239 03257 03283 03303 03341 03350 03382 03405 03429 03525 03539 03558 03567 03603 03637 03654 03673 03688 0371803719 03738 04629 04643 04654 04665 04682 04695 04698 04706 04755 04761 04774 04779 04788 04790 05025 05077 05083 05118 05154 05205 05254
0282305254
INDICATING/RECORDING SYSTEMS - SDAC - ACTIVATE DUAL PITOT MONITORING BY PIN PROGRAMMING
02823 02868 02999 03015 03126 03185 0320703208 03239 03257 03283 03303 03341 03350 03382 03405 03429 03525 03539 03558 03567 03603 03637 03654 03673 03688 0371803719 03738 04629 04643 04654 04665 04682 04695 04698 04706 04755 04761 04774 04779 04788 04790 05025 05077 05083 05118 05154 05205 05254
0282305254
NAVIGATION - ADIRS ACTIVATE ALIGNMENT IMPROVEMENT FUNCTION ON ADIRU
03382 04629 04643 04654 04665 04682 04695 04698 04706 04755 04761 04774 04779 04788 04790 05025 05077 05083 05118 05154 05205 05254 05388 05450 05465 05490 05584 05604 05633 05663 05667 05689 06009 06086 06294 06508 06563 06599 06652 06657 06682 06709 06751 06758 06766 06781 06822 06869 06987 06990 07029 07089 07139 07146 07166 07242 07274 07299 07516 07518 07858 07871 08101 08155 08168 08218 08257 08617 08727 08732 08737 08740 08794 08832 08896 08901 08906 08919 08937 08957 08967 09000 0904409045 09076 09079 09082 09091 09095 09109 09138 09155 09157 09326 09332 09358 09376 09415 09452 09467 09496 09567 10011 10125 10128 10143 10222 10259 10272 10275 10331 10346 10367 10375 10382 10723 10751 10854 10878 10947 10973 11037 11048 11052 11090 11103 11111 11130 11144 1114711148 11160 11163 11212 11249 11333 11353 11361 11390 11446 11464 11506 11622 11658 11704 11843 11898 11944 11976 11999 12065 12075 12077 12115 12157 12364 12410 12431 12577 12775 12786 12828 12831 12866 12914 12935 12955 12980 12993 13005 13128 13298 13338 13345 13389 13594
03382 0462913594
INDICATING/RECORDING SYSTEMS - FWC - INTRODUCE IAS DISCREPANCY AND DUAL PITOT MONITORING ON FWC H2F1
NAVIGATION - WEATHER RADAR SYSTEM - IINSTALL HONEYWELL DUAL CONTROL UNIT CAPABLE OF AUTO-TILT FUNCTION
02823 02868 02999 03015 03126 03185 0320703208 03239 03257 03283 03303 03341 03350 03405 03429 03525 03539 03558 03567 03603 03654 0371803719 05604 06086
0282303350 0340503603 03654 0371803719 05604 06086
PLACARDS AND MARKINGS - CABIN - CONFIGURATE THE CABIN FOR NON SMOKING FLIGHT
05025 05604 06009 06086 06294 08155 08257 08617 08727 08732 08740 08794 08919 08957 09000 09044 09076 09082 09095 09109 09138 09157 09326 09376 09415 09452 09496 09567 10125 10143 10222 10259 10346 10367 10375 10382 10723 10751 10854 10878 10947 10973 11037 11048 11090 11103 11144 1114711148 11212 11249 11353 11390 11464 11622 11658 11704 11843 11898 11944 11976 11999 12065 12075 12077 12115 12157 12364 12410 12431 12577 12775 12786 12828 12831 12866 12914 12935 12955 12980 12993 13005
05025 05604 0600906294 08155 0825708732 0874008794 08919 08957 0900009044 09076 09082 0909509138 0915709326 0937609452 0949609567 10125 1014310259 1034611048 1109011103 1114411148 1121211249 11353 11390 11464 1162213005
AUTO FLIGHT FLIGHT AUGMENTATION COMPUTER INSTALL FAC STANDARD BAM0617 FOR A318 EIS
INDICATING RECORDING SYSTEM FWC INSTALL FWC STANDARD H2F2
NAVIGATION DDRMI REMOVE DDRMI VOR/ADF/DME INDICATORS
03208 03239 03257 03283 03303 03341 03350 03382 03405 03429 03525 03539 03558 03567 03603 03637 03654 03673 03688 0371803719 03738 04629 04643 04654 04665 04682 04695 04698 04706 04755 04761 04774 04779 04788 04790 05025 05077 05083 05118 05154 05205 05254 05388 05450 05465 05490 05584 05604 05633 05663 05667 05689 06009 06086 06294 06508 06563 06599 06652 06657 06682 06709 06751 06758 06766 06781 06822 06869 06987 06990 07029 07089 07139 07146 07166 07242 07274 07299 07516 07518 07858 07871 08101 08155 08168 08218 08257 08617 08727 08732 08737 08740 08794 08832 08896 08901 08906 08919 08937 08957 08967 09000 0904409045 09076 09079 09082 09091 09095 09109 09138 09155 09157 09326 09332 09358 09376 09415 09452 09467 09496 09567 10011 10125 10128 10143 10222 10259 10272 10275 10331 10346 10367 10375 10382 10723 10751 10854 10878 10947 10973 11037 11048 11052 11090 11103 11111 11130 11144 1114711148 11160 11163 11212 11249 11333 11353 11361 11390 11446 11464 11506 11622 11658 11704 11843 11898 11944 11976 11999 12065 12075 12077 12115 12157 12364 12410 12431 12577 12775 12786 12828 12831 12866 12914 12935 12955 12980 12993 13005 13128 13298 13338 13345 13389 13594
0320813594
COMMUNICATION - AUDIO MANAGEMENT RE-INSTALL TEAM ANALOGIQUE AMU (ANTI MOD 31296)
05025
05025
NAVIGATION - STANDBY DATA - ATTITUDE AND HEADING - REPLACE THALES ISIS BY THE THREE CONVENTIONAL STANDBY INSTRUMENTS
03208 03239 03257 03283 03303 03341 03350 03405 03429 03525 03539 03558 03567 03603 03654 0371803719
0320803350 0340503603 03654 0371803719
LANDING GEAR - WHEELS AND BRAKES INTRODUCE GOODRICH DURACARB CARBON BRAKES WITH ANTI - OXYDAN "M1"
08101 08168 08218 08737 08832 08901
08101 0816808218 08737 08832 08901
NAVIGATION - T2CAS - INSTALL ACSS TRAFFIC & TERRAIN COLLISION AVOIDANCE SYSTEM (T2CAS)
03382 05025
03382 05025
NAVIGATION - MMR - INSTALL MMR COLLINS GLU 925 PN -430 CAPABLE ILS/GPS/FLS/MIX LOC VNAV/GLS AND ASSOCIATED GPS ANTENNA
04629 04643 04654 04665 04682 04695 04698 04706 04755 04761 04774 04779 04788 04790 05025 05077 05083 05118 05154 05205 05254 05388 05450 05465 05490 05584 05604 05633 05663 05667 05689 06009 06086 06294 06508 06563 06599 06652 06657 06682 06709 06751 06758 06766 06781 06822 06869 06987 06990 07029 07089 07139 07146 07166 07242 07274 07299 07516 07518 07858 07871 08101 08155 08168 08218 08257 08617 08727 08732 08737 08740 08794 08832 08896 08901 08906 08919 08937 08957 08967 09000 0904409045 09076 09079 09082 09091 09095 09109 09138 09155 09157 09326 09332 09358 09376 09415 09452 09467 09496 09567 10011 10125 10128 10143 10222 10259 10272 10275 10331 10346 10367 10375 10382 10723 10751 10854 10878 10947 10973 11037 11048 11052 11090 11103 11111 11130 11144 1114711148 11160 11163 11212 11249 11333 11353 11361 11390 11446 11464 11506 11622 11658 11704 11843 11898 11944 11976 11999 12065 12075 12077 12115 12157 12364 12410 12431 12577 12775 12786 12828 12831 12866 12914 12935 12955 12980 12993 13005 13128 13298 13338 13345 13389 13594
0462913594
AUTO-FLIGHT - FMGC - INSTALL FMGC IAE C13043BA02 (STD S2I9) THALES (EQUIPED WITH FMS2 THALES/SMITH)
03382 05025 06009 06294 07858 07871 08906 08937 09332 09358 09467 10011 10128 10272 10275 10331 10973 11037 11052 11090 11103 11111 11130 11144 11147 11160 11163 11249 11333 11361 11390 11446 11506 11658
03382 05025 06009 06294 0785807871 08906 08937 0933209358 09467 10011 10128 1027210331 1097311037 1105211147 1116011163 1124911333 1136111446 11506 11658
NAVIGATION - MMR - ACTIVATE GLS FUNCTION ON MMR
08155 08257 08617 08727 08732 08740 08794 08919 08957 09000 09044 09076 09082 09095 09109 09138 09157 09326 09376 09415 09452 09496 09567 10125 10143 10222 10259 10346 10367 10375 10382 10723 10751 10854 10878 10947 10973 11037 11048 11090 11103 11144 1114711148 11212 11249 11353 11390
08155 0825708732 0874008794 08919 08957 0900009044 09076 09082 0909509138 0915709326 0937609452 0949609567 10125 1014310259 1034611048 1109011103 1114411148 1121211249 11353 11390
ENGINE FUEL AND CONTROL - CONTROLLING INTRODUCE NEW EEC SOFTWARE "SCN18" ON V2500-A5 IAE ENGINES
02823 02868 02999 03015 03126 03185 0320703208 03239 03257 03283 03303 03341 03350 03382 03405 03429 03525 03539 03558 03567 03603 03637 03654 03673 03688 0371803719 03738 04629 04643 04654 04665 04682 04695 04698 04706 04755 04761 04774 04779 04788 04790 05025 05077 05083 05118 05154 05205 05254 05388 05450 05465 05490 05584 05604 05633 05663 05667 05689 06009 06086 06294 06508 06563 06599 06652 06657 06682 06709 06751 06758 06766 06781 06822 06869 06987 06990 07029 07089 07139 07146 07166 07242 07274 07299 07516 07518
0282307518
CERTIFICATION - GENERAL - CERTIFY HIGH ALTITUDE OPERATION UP TO 12000 FT WITH CONVENTIONAL LANDING GEARS
03637 03673 03688 03738 07858 07871 08101 08168 08218 08737 08832 08896 08901 08967 09045 09079 09091 09155 09332 09358 09467 10011 11052 11111 11130 11160 11163 11333 11361 11446 11506
03637 0367303688 03738 0785808101 0816808218 08737 0883208901 08967 09045 09079 09091 09155 0933209358 09467 10011 11052 1111111130 1116011163 11333 11361 11446 11506
INDICATING/RECORDING SYSTEM EIS ACTIVATE ENGINE AVAIL DISPLAY
03382 03637 03654 03673 03688 0371803719 03738 04629 04643 04654 04665 04682 04695 04698 04706 04755 04761 04774 04779 04788 04790 05025 05077 05083 05118 05154 05205 05254 05388 05450 05465 05490 05584 05604 05633 05663 05667 05689 06009 06086 06294 06508 06563 06599 06652 06657 06682 06709 06751 06758 06766 06781 06822 06869 06987 06990 07029 07089 07139 07146 07166 07242 07274 07299 07516 07518 07858 07871 08101 08155 08168 08218 08257 08617 08727 08732 08737 08740 08794 08832 08896 08901 08906 08919 08937 08957 08967 09000 0904409045 09076 09079 09082 09091 09095 09109 09138 09155 09157 09326 09332 09358 09376 09415 09452 09467 09496 09567 10011 10125 10128 10143 10222 10259 10272 10275 10331 10346 10367 10375 10382 10723 10751 10854 10878 10947 10973 11037 11048 11052 11090 11103 11111 11130 11144 1114711148 11160 11163 11212 11249 11333 11353 11361 11390 11446 11464 11506 11622 11658 11704 11843 11898 11944 11976 11999 12065 12075 12077 12115 12157 12364 12410 12431 12577 12775 12786 12828 12831 12866 12914 12935 12955 12980 12993 13005 13128 13298 13338 13345 13389 13594
03382 0363713594
AUTO-FLIGHT - FAC - DEFINE NEW PIN PROGAM- MING FOR WEIGHT AND CG COMPUTATION BASED ON FMS REFERENCES
03603 05450 05465 05490 05584 05604 05633 05663 05667 05689 06009 06086 06294 06508 06563 06599 06652 06657 06682 06709 06751 06758 06766 06781 06822 06869 06987 06990 07029 07089 07139 07146 07166 07242 07274 07299 07516 07518 07858 07871 08101 08155 08168 08218 08257 08617 08727 08732 08737 08740 08794 08832 08896 08901 08906 08919 08937 08957 08967 09000 0904409045 09076 09079 09082 09091 09095 09109 09138 09155 09157 09326 09332 09358 09376 09415 09452 09467 09496 09567 10011 10125 10128 10143 10222 10259 10272 10275 10331 10346 10367 10375 10382 10723 10751 10854 10878 10947 10973 11037 11048 11052 11090 11103 11111 11130 11144 1114711148 11160 11163 11212 11249 11333 11353 11361 11390 11446 11464 11506 11622 11658 11704 11843 11898 11944 11976 11999 12065 12075 12077 12115 12157 12364 12410 12431 12577 12775 12786 12828 12831 12866 12914 12935 12955 12980 12993 13005 13128 13298 13338 13345 13389 13594
03603 0545013594
NAVIGATION - STANDBY DATA (ISIS) - INSTALL ISIS STANDARD VA01 WITH CORRECTION OF "OUT OF ORDER" MESSAGE & "NEW IMU STANDARD"
03382 03637 03673 03688 03738 04629 04643 04654 04665 04682 04695 04698 04706 04755 04761 04774 04779 04788 04790 05025 05077 05083 05118 05154 05205 05254 05388 05450 05465 05490 05584 05604 05633 05663 05667 05689 06009 06086 06294 06508 06563 06599 06652 06657 06682 06709 06751 06758 06766 06781 06822 06869 06987 06990 07029 07089 07139 07146 07166 07242 07274 07299 07516 07518 07858 07871 08101 08155 08168 08218 08257 08617 08727 08732 08737 08740 08794 08832 08896 08901 08906 08919 08937 08957 08967 09000 0904409045 09076 09079 09082 09091 09095 09109 09138 09155 09157 09326 09332 09358 09376 09415 09452 09467 09496 09567 10011 10125 10128 10143 10222 10259 10272 10275 10331 10346 10367 10375 10382 10723 10751 10854 10878 10947 10973 11037 11048 11052 11090 11103 11111 11130 11144 1114711148 11160 11163 11212 11249 11333 11353 11361 11390 11446 11464 11506 11622 11658 11704 11843 11898 11944 11976 11999 12065 12075 12077 12115 12157 12364 12410 12431 12577 12775 12786 12828 12831 12866 12914 12935 12955 12980 12993 13005 13128 13298 13338 13345 13389 13594
03382 03637 0367303688 0373813594
INFORMATION SYSTEMS - GENERAL - CERTIFY FANS A+ CONFIGURATIONS (OVERALL MODIFICATION)
05025 06009 06294
05025 06009 06294
INFORMATION SYSTEMS - ATIMS - UPGRADE SOFTWARE - ATSU A/C INTERFACE FOR FAN A+ IMPLEMENTATION CSB4.1
INFORMATION SYSTEMS - ATIMS INSTALL SOFTWARE - ATSU ATC FANS A+ APPLICATIONS
05025
05025
INDICATING RECORDING SYSTEM EIS INSTALL DMC SOFTWARE EIS2 S4-2 TO CORRECT TEMPORARY LOSS OF ALL EIS2 IMAGES
AUTO-FLIGHT - FMGC2G - INSTALL FMS2 THALES "S3" ASSOCIATED TO FG "I9" ON IAE ENGINES
03382 05025 06009 06294 07858 07871 08906 08937 09332 09358 09467 10011 10128 10272 10275 10331 10973 11037 11052 11090 11103 11111 11130 11144 11147 11160 11163 11249 11333 11361 11390 11446 11506 11658
03382 05025 06009 06294 0785807871 08906 08937 0933209358 09467 10011 10128 1027210331 1097311037 1105211147 1116011163 1124911333 1136111446 11506 11658
NAVIGATION - WEATHER RADAR SYSTEM - INSTALL COLLINS TRANSCEIVER FULLY COMPLIANT WITH MULTISCAN FUNCTION
03382 04629 04643 04654 04665 04682 04695 04698 04706 04755 04761 04774 04779 04788 04790 05025 05077 05083 05118 05154 05205 05254 05388 05450 05465 05490 05584 05633 05663 05667 05689 06009 06294
03382 0462905584 0563306009 06294
NAVIGATION - EGPWS - INSTALL AN EGPWC CAPABLE OF PEAKS/OBSTACLE FUNCTIONS WITH EIS1 & OF USING GPS LATERAL POSITION
NAVIGATION - TCAS - ACTIVATE OPTIONAL AURAL WARNINGS FOR T2CAS AND T3CAS (FAA)
07858 07871 09332 09358 09467 10011 11052 11111 11130 11160 11163 11333 11361 11446 11506
0785807871 0933209358 09467 10011 11052 1111111130 1116011163 11333 11361 11446 11506
NAVIGATION - EGPWS - INSTALL AN EGPWC CAPABLE OF PEAKS/OBSTACLE FUNCTIONS WITH EIS1 & OF USING GPS LATERAL POSITION
PNEUMATIC - ENGINE BLEED AIR SUPPLY - INTRODUCE BMC STD 9 CAPABLE OF A318 PW
INDICATING/RECORDING SYSTEM FWC ACQUISITION INTERFACE CONNECT FWC TO RPWS TO PREVENT DOOR OPENING WITH RESIDUAL CABIN PRESSURE
LANDING GEAR NORMAL BRAKING INSTALL BSCU STD L4.8 (EM2)
NAVIGATION - GPWS - GROUND PROXIMITY WARNING SYSTEM (GPWS) DEACTIVATE GEOMETRIC ALTITUDE FUNCTION (ANTI MOD 31426)
03382 05025 06009 06294 06508 06563 06599 06652 06657 06682 06709 06751 06758 06766 06781 06822 06869 06987 06990 07029 07089 07139 07146 07166 07242 07274 07299 07516 07518 07858 07871 08101 08155 08168 08218 08257 08617 08727 08732 08737 08740 08794 08832 08896 08901 08906 08919 08937 08957 08967 09000 0904409045 09076 09079 09082 09091 09095 09109 09138 09155 09157 09326 09332 09358 09376 09415 09452 09467 09496 09567 10011 10125 10128 10143 10222 10259 10272 10275 10331 10346 10367 10375 10382 10723 10751 10854 10878 10947 10973 11037 11048 11052 11090 11103 11111 11130 11144 1114711148 11160 11163 11212 11249 11333 11353 11361 11390 11446 11464 11506 11622 11658 11704 11843 11898 11944 11976 11999 12065 12075 12077 12115 12157 12364 12410 12431 12577 12775 12786 12828 12831 12866 12914 12935 12955 12980 12993 13005 13128 13298 13338 13345 13389 13594
03382 05025 06009 0629413594
AUTOFLIGHT-MULTIPURPOSE CONTROL AND DISPLAY UNIT (MCDU) - INSTALL HONEYWELL LCD MCDU
02999 03015 03126 03185 0320703208 03239 03257 03283 03303 03341 03350 03382 03405 03429 03525 03539 03558 03567 03603 03637 03654 03673 03688 0371803719 03738 04629 04643 04654 04665 04682 04695 04698 04706 04755 04761 04774 04779 04788 04790 05025 05077 05083 05118 05154 05205 05254 05388 05450 05465 05490 05584 05604 05633 05663 05667 05689 06009 06086 06294 06508 06563 06599 06652 06657 06682 06709 06751 06758 06766 06781 06822 06869 06987 06990 07029 07089 07139 07146 07166 07242 07274 07299 07516 07518 07858 07871 08101 08155 08168 08218 08257 08617 08727 08732 08737 08740 08794 08832 08896 08901 08906 08919 08937 08957 08967 09000 0904409045 09076 09079 09082 09091 09095 09109 09138 09155 09157 09326 09332 09358 09376 09415 09452 09467 09496 09567 10011 10125 10128 10143 10222 10259 10272 10275 10331 10346 10367 10375 10382 10723 10751 10854 10878 10947 10973 11037 11048 11052 11090 11103 11111 11130 11144 1114711148 11160 11163 11212 11249 11333 11353 11361 11390 11446 11464 11506 11622 11658 11704 11843 11898 11944 11976 11999 12065 12075 12077 12115 12157 12364 12410 12431 12577 12775 12786 12828 12831 12866 12914 12935 12955 12980 12993 13005 13128 13298 13338 13345 13389 13594
0299913594
NAVIGATION-T2CAS (TRAFFIC 2 COLLISION AVOIDANCE SYST) - ACTIVATE AUTOMATIC DEACTIVATION OF T2CAS - TAWS
03382 05025 06009 06294 06508 06563 06599 06652 06657 06682 06709 06751 06758 06766 06781 06822 06869 06987 06990 07029 07089 07139 07146 07166 07242 07274 07299 07516 07518 07858 07871 08101 08155 08168 08218 08257 08617 08727 08732 08737 08740 08794 08832 08896 08901 08906 08919 08937 08957 08967 09000 0904409045 09076 09079 09082 09091 09095 09109 09138 09155 09157 09326 09332 09358 09376 09415 09452 09467 09496 09567 10011 10125 10128 10143 10222 10259 10272 10275 10331 10346 10367 10375 10382 10723 10751 10854 10878 10947 10973 11037 11048 11052 11090 11103 11111 11130 11144 1114711148 11160 11163 11212 11249 11333 11353 11361 11390 11446 11464 11506 11622 11658 11704 11843 11898 11944 11976 11999 12065 12075 12077 12115 12157 12364 12410 12431 12577 12775 12786 12828 12831 12866 12914 12935 12955 12980 12993 13005 13128 13298 13338 13345 13389 13594
03382 05025 06009 0629413594
NAVIGATION-T2CAS (TRAFFIC 2 COLLISION AVOIDANCE SYST) - ACTIVATE ALTERNATE LATERAL POSITION T2CAS - TAWS
03382 05025 06009 06294 06508 06563 06599 06652 06657 06682 06709 06751 06758 06766 06781 06822 06869 06987 06990 07029 07089 07139 07146 07166 07242 07274 07299 07516 07518 07858 07871 08101 08155 08168 08218 08257 08617 08727 08732 08737 08740 08794 08832 08896 08901 08906 08919 08937 08957 08967 09000 0904409045 09076 09079 09082 09091 09095 09109 09138 09155 09157 09326 09332 09358 09376 09415 09452 09467 09496 09567 10011 10125 10128 10143 10222 10259 10272 10275 10331 10346 10367 10375 10382 10723 10751 10854 10878 10947 10973 11037 11048 11052 11090 11103 11111 11130 11144 1114711148 11160 11163 11212 11249 11333 11353 11361 11390 11446 11464 11506 11622 11658 11704 11843 11898 11944 11976 11999 12065 12075 12077 12115 12157 12364 12410 12431 12577 12775 12786 12828 12831 12866 12914 12935 12955 12980 12993 13005 13128 13298 13338 13345 13389 13594
03382 05025 06009 0629413594
INDICATING/RECORDING SYSTEM FLIGHT WARNING COMPUTER - FWC - INSTALL FWC STANDARD H2 F3
AUTOFLIGHT - FMGC INSTALL FMGC IAE / PW STD P1I10 (WITH FMS2 HONEYWELL) ON A/C FITTED WITH IAE AND PW PPS
NAVIGATION - ADIRS INTRODUCE AIR DATA MONITORING FUNCTION
04629 04643 04654 04665 04682 04695 04698 04706 04755 04761 04774 04779 04788 04790 05025 05077 05083 05118 05154 05205 05254 05388 05450 05465 05490 05584 05604 05633 05663 05667 05689 06009 06086 06294 06508 06563 06599 06652 06657 06682 06709 06751 06758 06766 06781 06822 06869 06987 06990 07029 07089 07139 07146 07166 07242 07274 07299 07516 07518 07858 07871 08101 08155 08168 08218 08257 08617 08727 08732 08737 08740 08794 08832 08896 08901 08906 08919 08937 08957 08967 09000 0904409045 09076 09079 09082 09091 09095 09109 09138 09155 09157 09326 09332 09358 09376 09415 09452 09467 09496 09567 10011 10125 10128 10143 10222 10259 10272 10275 10331 10346 10367 10375 10382 10723 10751 10854 10878 10947 10973 11037 11048 11052 11090 11103 11111 11130 11144 1114711148 11160 11163 11212 11249 11333 11353 11361 11390 11446 11464 11506 11622 11658 11704 11843 11898 11944 11976 11999 12065 12075 12077 12115 12157 12364 12410 12431 12577 12775 12786 12828 12831 12866 12914 12935 12955 12980 12993 13005 13128 13298 13338 13345 13389 13594
0462913594
NAVIGATION - STANDBY DATA (ISIS) INSTALL ISIS STD WB01 WITH CORRECTION OF "OUT OF ORDER" MESSAGE
03208 03239 03257 03283 03303 03341 03350 03382 03405 03429 03525 03539 03558 03567 03603 03637 03654 03673 03688 0371803719 03738 04629 04643 04654 04665 04682 04695 04698 04706 04755 04761 04774 04779 04788 04790 05025 05077 05083 05118 05154 05205 05254 05388 05450 05465 05490 05584 05604 05633 05663 05667 05689 06009 06086 06294 06508 06563 06599 06652 06657 06682 06709 06751 06758 06766 06781 06822 06869 06987 06990 07029 07089 07139 07146 07166 07242 07274 07299 07516 07518 07858 07871 08101 08155 08168 08218 08257 08617 08727 08732 08737 08740 08794 08832 08896 08901 08906 08919 08937 08957 08967 09000 0904409045 09076 09079 09082 09091 09095 09109 09138 09155 09157 09326 09332 09358 09376 09415 09452 09467 09496 09567 10011 10125 10128 10143 10222 10259 10272 10275 10331 10346 10367 10375 10382 10723 10751 10854 10878 10947 10973 11037 11048 11052 11090 11103 11111 11130 11144 1114711148 11160 11163 11212 11249 11333 11353 11361 11390 11446 11464 11506 11622 11658 11704 11843 11898 11944 11976 11999 12065 12075 12077 12115 12157 12364 12410 12431 12577 12775 12786 12828 12831 12866 12914 12935 12955 12980 12993 13005 13128 13298 13338 13345 13389 13594
0320813594
NAVIGATION - ATC / MODE S - CERTIFY EHS FUNCTION
02823 02868 02999 03015 03126 03185 0320703208 03239 03257 03283 03303 03341 03350 03382 03405 03429 03525 03539 03558 03567 03603 03637 03654 03673 03688 0371803719 03738 04629 04643 04654 04665 04682 04695 04698 04706 04755 04761 04774 04779 04788 04790 05025 05077 05083 05118 05154 05205 05254 05388 05450 05465 05490 05584 05604 05633 05663 05667 05689 06086 06508 06563 06599 06652 06657 06682 06709 06751 06758 06766 06781 06822 06869 06987 06990 07029 07089 07139 07146 07166 07242 07274 07299 07516 07518 07858 07871 08155 08257 08617 08727 08732 08740 08794 08906 08919 08937 08957 09000 09044 09076 09082 09095 09109 09138 09157 09326 09332 09358 09376 09415 09452 09467 09496 09567 10011 10125 10128 10143 10222 10259 10272 10275 10331 10346 10367 10375 10382 10723 10751 10854 10878 10947 11048 11052 11111 11130 11148 11160 11163 11212 11333 11353 11361 11446 11506
0282305689 06086 0650807871 08155 0825708732 0874008794 0890608957 0900009044 09076 09082 0909509138 0915710947 1104811052 1111111130 1114811212 1133311361 11446 11506
INDICATING / RECORDING SYSTEM : ELECTRONIC INSTRUMENT SYSTEM (EIS) - INSTALL DISPLAY MANAGEMENT COMPUTER SOFTWARE EIS2 S6-1
03126 03185 0320703208 03239 03257 03283 03303 03341 03350 03382 03405 03429 03525 03539 03558 03567 03603 03637 03654 03673 03688 0371803719 03738 04629 04643 04654 04665 04682 04695 04698 04706 04755 04761 04774 04779 04788 04790 05025 05077 05083 05118 05154 05205 05254 05388 05450 05465 05490 05584 05604 05633 05663 05667 05689 06009 06086 06294 06508 06563 06599 06652 06657 06682 06709 06751 06758 06766 06781 06822 06869 06987 06990 07029 07089 07139 07146 07166 07242 07274 07299 07516 07518 07858 07871 08101 08155 08168 08218 08257 08617 08727 08732 08737 08740 08794 08832 08896 08901 08906 08919 08937 08957 08967 09000 0904409045 09076 09079 09082 09091 09095 09109 09138 09155 09157 09326 09332 09358 09376 09415 09452 09467 09496 09567 10011 10125 10128 10143 10222 10259 10272 10275 10331 10346 10367 10375 10382 10723 10751 10854 10878 10947 10973 11037 11048 11052 11090 11103 11111 11130 11144 1114711148 11160 11163 11212 11249 11333 11353 11361 11390 11446 11464 11506 11622 11658 11704 11843 11898 11944 11976 11999 12065 12075 12077 12115 12157 12364 12410 12431 12577 12775 12786 12828 12831 12866 12914 12935 12955 12980 12993 13005 13128 13298 13338 13345 13389 13594
0312613594
NAVIGATION - GROUND PROXIMITY WARNING SYSTEM (GPWS) - ACTIVATE GEOMETRIC ALTITUDE FUNCTION ON EGPWS BY PIN PROGRAMMING
10723 10751 10854 10878 10947 11048 11148 11212 11353 11464 11622 11704 11843 11898 11944 11976 11999 12065 12075 12077 12115 12157 12364 12410 12431 12577 12775 12786 12828 12831 12866 12914 12935 12955 12980 12993 13005 13128 13298 13338 13345 13389 13594
1072310947 11048 11148 11212 11353 11464 11622 1170413594
NAVIGATION - ADIRU - INSTALL NORTHROP GRUMAN ADIRU P/N 465020-0303-0316
02823 02868 02999 03015 03126 03207 03283 03350 03382 03405 03429 03525 03539 03637 03673 03688 03738 04629 04643 04654 04665 04682 04695 04698 04706 04755 04761 04774 04779 04788 04790 05025 05077 05083 05118 05154 05205 05254 05388 05450 05465 05490 05584 05633 05663 05667 05689 06009 06294 06508 06563 06599 06652 06657 06682 06709 06751 06758 06766 06781 06822 06869 06987 06990 07029 07089 07139 07146 07166 07242 07274 07299 07516 07518
0282303126 03207 03283 0335003539 03637 0367303688 0373805584 0563306009 0629407518
NAVIGATION - AIR DATA/INERTIAL REFERENCE SYSTEM - INSTALL HONEYWELL ADIRU P/N HG2030-AE23
02823 02868 02999 03015 03126 03185 0320703208 03239 03257 03283 03303 03341 03350 03405 03429 03525 03539 03558 03567 03603 03637 03654 03673 03688 0371803719 03738 05604 06086 07858 07871 08101 08155 08168 08218 08257 08617 08727 08732 08737 08740 08794 08832 08896 08901 08906 08919 08937 08957 08967 09000 0904409045 09076 09079 09082 09091 09095 09109 09138 09155 09157 09326 09332 09358 09376 09415 09452 09467 09496 09567 10011 10125 10128 10143 10222 10259 10272 10275 10331 10346 10367 10375 10382 10723 10751 10854 10878 10947 10973 11037 11048 11052 11090 11103 11111 11130 11144 1114711148 11160 11163 11212 11249 11333 11353 11361 11390 11446 11464 11506 11622 11658 11704 11843 11898 11944 11976 11999 12065 12075 12077 12115 12157 12364 12410 12431 12577 12775 12786 12828 12831 12866 12914 12935 12955 12980 12993 13005 13128 13298 13338 13345 13389 13594
0282303350 0340503738 05604 06086 0785813594
NAVIGATION - WEATHER RADAR SYSTEM - REMOVE WXR TRANSCEIVER COLLINS "-623" AND DEACTIVATE (ANTI MOD 32740 AND 26560)
02823 02868 02999 03015 03126 03185 0320703208 03239 03257 03283 03303 03341 03350 03405 03429 03525 03539 03558 03567 03603 03637 03654 03673 03688 0371803719 03738
0282303350 0340503738
AUTO FLIGHT - FMGC - CERTIFY FLS FUNCTION
11658
11658
COMMUNICATIONS - SATELLITE COMMUNICATIONS - INSTALL AND ACTIVATE COLLINS AERO H+ SATCOM SRT 2100 (IN THE E/BAY)
05025
05025
INDICATING / RECORDING SYSTEM - EIS - PIN PROG LATERAL DEVIATION SCALE DISPLAY ON EIS2
04629 04643 04654 04665 04682 04695 04698 04706 04755 04761 04774 04779 04788 04790 05077 05083 05118 05154 05205 05254 05388 05450 05465 05490 05584 05633 05663 05667 05689 06009 06508 06563 06599 06652 06657 06682 06709 06751 06758 06766 06781 06822 06869 06987 06990 07029 07089 07139 07146 07166 07242 07274 07299 07516 07518 08155 08257 08617 08727 08732 08740 08794 08919 08957 09000 09044 09076 09082 09095 09109 09138 09157 09326 09376 09415 09452 09496 09567 10125 10143 10222 10259 10346 10367 10375 10382 10723 10751 10854 10878 10947 10973 11037 11048 11090 11103 11144 1114711148 11212 11249 11353 11390 11464 11622 11658 11704 11843 11898 11944 11976 11999 12065 12075 12077 12115 12157 12364 12410 12431 12577 12775 12786 12828 12831 12866 12914 12935 12955 12980 12993 13005 13128 13298 13338 13345 13389 13594
0462904790 0507705584 0563306009 0650807518 08155 0825708732 0874008794 08919 08957 0900009044 09076 09082 0909509138 0915709326 0937609452 0949609567 10125 1014310259 1034611048 1109011103 1114411148 1121211249 11353 11390 11464 1162213594
INFORMATION SYSTEMS - GENERAL CERTIFY FANS B CONFIGURATIONS (OVERALL MODIFICATION)
02823 02868 02999 03015 03126 03185 0320703208 03239 03257 03283 03303 03341 03350 03382 03405 03525 03539 03558 03567 03603 03637 03654 03673 03688 0371803719 03738 04629 04643 04654 04665 04682 04695 04698 04706 04755 04761 04774 04779 04788 04790
0282303405 0352504790
INFORMATION SYSTEM - ATIMS - INSTALL NEW ATSU HARDWARE A10
02823 02868 02999 03015 03126 03185 0320703208 03239 03257 03283 03303 03341 03350 03382 03405 03429 03525 03539 03558 03567 03603 03637 03654 03673 03688 0371803719 03738 04629 04643 04654 04665 04682 04695 04698 04706 04755 04761 04774 04779 04788 04790 05077 05083 05118 05154 05205 05254 05388 05450 05465 05490 05584 05604 05633 05663 05667 05689 06009 06086 06294 06508 06563 06599 06652 06657 06682 06709 06751 06758 06766 06781 06822 06869 06987 06990 07029 07089 07139 07146 07166 07242 07274 07299 07516 07518 07858 07871 08101 08155 08168 08218 08257 08617 08727 08732 08737 08740 08794 08832 08896 08901 08906 08919 08937 08957 08967 09000 0904409045 09076 09079 09082 09091 09095 09109 09138 09155 09157 09326 09332 09358 09376 09415 09452 09467 09496 09567 10011 10125 10128 10143 10222 10259 10272 10275 10331 10346 10367 10375 10382 10723 10751 10854 10878 10947 10973 11037 11048 11052 11090 11103 11111 11130 11144 1114711148 11160 11163 11212 11249 11333 11353 11361 11390 11446 11464 11506 11622 11658 11704 11843 11898 11944 11976 11999 12065 12075 12077 12115 12157 12364 12410 12431 12577 12775 12786 12828 12831 12866 12914 12935 12955 12980 12993 13005 13128 13298 13338 13345 13389 13594
0282304790 0507713594
INFORMATION SYSTEM - ATIMS - INSTALL SOFTWARE-ATSU ATC FANS B APPLICATIONS
02823 02868 02999 03015 03126 03185 0320703208 03239 03257 03283 03303 03341 03350 03382 03405 03429 03525 03539 03558 03567 03603 03637 03654 03673 03688 0371803719 03738 04629 04643 04654 04665 04682 04695 04698 04706 04755 04761 04774 04779 04788 04790 06009 06294 07871 10128 10272 10275 10331
0282304790 06009 06294 07871 10128 1027210331
ENGINE FUEL AND CONTROL - FADEC SYSTEM INTRODUCE EEC SOFTWARE 'SCN19' STANDARD ON V2500-A5 IAE ENGINES
02823 02868 02999 03015 03126 03185 0320703208 03239 03257 03283 03303 03341 03350 03382 03405 03429 03525 03539 03558 03567 03603 03637 03654 03673 03688 0371803719 03738 04629 04643 04654 04665 04682 04695 04698 04706 04755 04761 04774 04779 04788 04790 05025 05077 05083 05118 05154 05205 05254 05388 05450 05465 05490 05584 05604 05633 05663 05667 05689 06009 06086 06294 06508 06563 06599 06652 06657 06682 06709 06751 06758 06766 06781 06822 06869 06987 06990 07029 07089 07139 07146 07166 07242 07274 07299 07516 07518
0282307518
INDICATING/RECORDING SYSTEMS - SDAC - ACQUISITION/INTERFACE CONFIGURATION CABIN FOR NO PED FLIGHTS
05025 06009 06294 08155 08257 08617 08727 08732 08740 08794 08919 08957 09000 09044 09076 09082 09095 09109 09138 09157 09326 09376 09415 09452 09496 09567 10125 10143 10222 10259 10346 10367 10375 10382 10723 10751 10854 10878 10947 10973 11037 11048 11090 11103 11144 1114711148 11212 11249 11353 11390 11464 11622 11658 11704 11843 11898 11944 11976 11999 12065 12075 12077 12115 12157 12364 12410 12431 12577 12775 12786 12828 12831 12866 12914 12935 12955 12980 12993 13005
05025 06009 06294 08155 0825708732 0874008794 08919 08957 0900009044 09076 09082 0909509138 0915709326 0937609452 0949609567 10125 1014310259 1034611048 1109011103 1114411148 1121211249 11353 11390 11464 1162213005
AUTO FLIGHT - MCDU ACTIVATE BACK UP NAV FUNCTION
03382 03603 03637 03654 03673 03688 0371803719 03738 04629 04643 04654 04665 04682 04695 04698 04706 04755 04761 04774 04779 04788 04790 05025 05077 05083 05118 05154 05205 05254 05388 05450 05465 05490 05584 05604 05633 05663 05667 05689 06009 06086 06294 06508 06563 06599 06652 06657 06682 06709 06751 06758 06766 06781 06822 06869 06987 06990 07029 07089 07139 07146 07166 07242 07274 07299 07516 07518 07858 07871 08101 08155 08168 08218 08257 08617 08727 08732 08737 08740 08794 08832 08896 08901 08906 08919 08937 08957 08967 09000 0904409045 09076 09079 09082 09091 09095 09109 09138 09155 09157 09326 09332 09358 09376 09415 09452 09467 09496 09567 10011 10125 10128 10143 10222 10259 10272 10275 10331 10346 10367 10375 10382 10723 10751 10854 10878 10947 10973 11037 11048 11052 11090 11103 11111 11130 11144 1114711148 11160 11163 11212 11249 11333 11353 11361 11390 11446 11464 11506 11622 11658 11704 11843 11898 11944 11976 11999 12065 12075 12077 12115 12157 12364 12410 12431 12577 12775 12786 12828 12831 12866 12914 12935 12955 12980 12993 13005 13128 13298 13338 13345 13389 13594
03382 0360313594
COMMUNICATION - SATELLITE COMMUNICATION - ACTIVATE COCKPIT VOICE FOR ROCKWELL COLLINS AERO H+ SATCOM
05025
05025
NAVIGATION - GENERAL - MODIFY FLIGHT MANUAL TO EXTEND RNP < 0.18 RNAV CAPABILITY (STEP 2)
04629 04643 04654 04665 04682 04695 04698 04706 04755 04761 04774 04779 04788 04790 05077 05083 05118 05154 05205 05254 05388 05450 05465 05490 05584 05633 05663 05667 05689 06009 06508 06563 06599 06652 06657 06682 06709 06751 06758 06766 06781 06822 06869 06987 06990 07029 07089 07139 07146 07166 07242 07274 07299 07516 07518
0462904790 0507705584 0563306009 0650807518
PNEUMATIC LEAK DETECTION ACTIVATE PYLON LEAK DETECTION MONITORING
04629 04643 04654 04665 04682 04695 04698 04706 04755 04761 04774 04779 04788 04790 05025 05077 05083 05118 05154 05205 05254 05388 05450 05465 05490 05584 05604 05633 05663 05667 05689 06009 06086 06294 06508 06563 06599 06652 06657 06682 06709 06751 06758 06766 06781 06822 06869 06987 06990 07029 07089 07139 07146 07166 07242 07274 07299 07516 07518 07858 07871 08101 08155 08168 08218 08257 08617 08727 08732 08737 08740 08794 08832 08896 08901 08906 08919 08937 08957 08967 09000 0904409045 09076 09079 09082 09091 09095 09109 09138 09155 09157 09326 09332 09358 09376 09415 09452 09467 09496 09567 10011 10125 10128 10143 10222 10259 10272 10275 10331 10346 10367 10375 10382 10723 10751 10854 10878 10947 10973 11037 11048 11052 11090 11103 11111 11130 11144 1114711148 11160 11163 11212 11249 11333 11353 11361 11390 11446 11464 11506 11622 11658 11704 11843 11898 11944 11976 11999 12065 12075 12077 12115 12157 12364 12410 12431 12577 12775 12786 12828 12831 12866 12914 12935 12955 12980 12993 13005 13128 13298 13338 13345 13389 13594
0462913594
ELECTRICAL POWER - GALLEY SUPPLY CONTROL PERFORM IFE POWER SUPPLY WITH MONO GENERATOR
03637 03673 03688 03738
03637 0367303688 03738
NAVIGATION TRAFFIC AND TERRAIN COLLISION AVOIDANCE SYSTEM(T2CAS) - INSTALL T2CAS STD 2(-11111)
03382 05025
03382 05025
INFORMATION SYSTEM - ATIMS - INSTALL ATSU ATC ARINC 623 APPLICATIONS SOFTWARE P/N LA2T0K10000K0F1
05025
05025
NAVIGATION EGPWS RE-INSTALL EGPWS P/N 965-1676-001 (ANTI-MOD 34634)
03382 05025 06009 06294 06508 06563 06599 06652 06657 06682 06709 06751 06758 06766 06781 06822 06869 06987 06990 07029 07089 07139 07146 07166 07242 07274 07299 07516 07518 07858 07871 08101 08155 08168 08218 08257 08617 08727 08732 08737 08740 08794 08832 08896 08901 08906 08919 08937 08957 08967 09000 0904409045 09076 09079 09082 09091 09095 09109 09138 09155 09157 09326 09332 09358 09376 09415 09452 09467 09496 09567 10011 10125 10128 10143 10222 10259 10272 10275 10331 10346 10367 10375 10382 10723 10751 10854 10878 10947 10973 11037 11048 11052 11090 11103 11111 11130 11144 1114711148 11160 11163 11212 11249 11333 11353 11361 11390 11446 11464 11506 11622 11658 11704 11843 11898 11944 11976 11999 12065 12075 12077 12115 12157 12364 12410 12431 12577 12775 12786 12828 12831 12866 12914 12935 12955 12980 12993 13005 13128 13298 13338 13345 13389 13594
03382 05025 06009 0629413594
LANDING GEAR NORMAL BRAKING INSTALL BSCU SOFTWARE STD "L4.9" (EM2)
02868 03283 03303 03341 03603 03637 03654 03673 03688 0371803719 03738 04629 04643 04654 04665 04682 04695 04698 04706 04755 04761 04774 04779 04788 04790 05025 05077 05083 05118 05154 05205 05254 05388 05450 05465 05490 05584 05604 05633 05663 05667 05689 06009 06086 06294 06508 06563 06599 06652 06657 06682 06709 06751 06758 06766 06781 06822 06869 06987 06990 07029 07089 07139 07146 07166 07242 07274 07299 07516 07518 07858 07871 08101 08155 08168 08218 08257 08617 08727 08732 08737 08740 08794 08832 08896 08901 08906 08919 08937 08957 08967 09000 0904409045 09076 09079 09082 09091 09095 09109 09138 09155 09157 09326 09332 09358 09376 09415 09452 09467 09496 09567 10011 10125 10128 10143 10222 10259 10272 10275 10331 10346 10367 10375 10382 10723 10751 10854 10878 10947 10973 11037 11048 11052 11090 11103 11111 11130 11144 1114711148 11160 11163 11212 11249 11333 11353 11361 11390 11446 11464 11506 11622 11658 11704 11843 11898 11944 11976 11999 12065 12075 12077 12115 12157 12364 12410 12431 12577 12775 12786 12828 12831 12866 12914 12935 12955 12980 12993 13005 13128 13298 13338 13345 13389 13594
02868 0328303341 0360313594
COMMUNICATIONS - CVR - DEACTIVATE " CVR BULK ERASE FACILITY "
03637 03673 03688 03738 07858 07871 08101 08168 08218 08737 08832 08896 08901 08967 09045 09079 09091 09155 09332 09358 09467 10011
03637 0367303688 03738 0785808101 0816808218 08737 0883208901 08967 09045 09079 09091 09155 0933209358 09467 10011
NAVIGATION - GPWS - ACTIVATE RUNWAY AWARENESS AND ADVISORY SYSTEM (RAAS) FUNCTION ON HWL EGPWS-002
04629 04643 04654 04665 04682 04695 04698 04706 04755 04761 04774 04779 04788 04790 05077 05083 05118 05154 05205 05254 05388 05450 05465 05490 05584 05633 05663 05667 05689
0462904790 0507705584 0563305689
AUTO FLIGHT - FMGC - INSTALL FMGC STANDARD S4I11 ON IAE & PW A/C
03382 05025 06009 06294 07858 07871 08906 08937 09332 09358 09467 10011 10128 10272 10275 10331 10973 11037 11052 11090 11103 11111 11130 11144 11147 11160 11163 11249 11333 11361 11390 11446 11506 11658
03382 05025 06009 06294 0785807871 08906 08937 0933209358 09467 10011 10128 1027210331 1097311037 1105211147 1116011163 1124911333 1136111446 11506 11658
AUTO-FLIGHT - FMGC - INSTALL FMGC STANDARD P1I11 ON IAE & PW A/C
02823 02868 02999 03015 03126 03185 0320703208 03239 03257 03283 03303 03341 03350 03405 03429 03525 03539 03558 03567 03603 03637 03654 03673 03688 0371803719 03738 04629 04643 04654 04665 04682 04695 04698 04706 04755 04761 04774 04779 04788 04790 05025 05077 05083 05118 05154 05205 05254 05388 05450 05465 05490 05584 05604 05633 05663 05667 05689 06009 06086 06294 06508 06563 06599 06652 06657 06682 06709 06751 06758 06766 06781 06822 06869 06987 06990 07029 07089 07139 07146 07166 07242 07274 07299 07516 07518 07858 07871 08101 08155 08168 08218 08257 08617 08727 08732 08737 08740 08794 08832 08896 08901 08906 08919 08937 08957 08967 09000 0904409045 09076 09079 09082 09091 09095 09109 09138 09155 09157 09326 09332 09358 09376 09415 09452 09467 09496 09567 10011 10125 10128 10143 10222 10259 10272 10275 10331 10346 10367 10375 10382 10723 10751 10854 10878 10947 10973 11037 11048 11052 11090 11103 11111 11130 11144 1114711148 11160 11163 11212 11249 11333 11353 11361 11390 11446 11464 11506 11622 11658 11704 11843 11898 11944 11976 11999 12065 12075 12077 12115 12157 12364 12410 12431 12577 12775 12786 12828 12831 12866 12914 12935 12955 12980 12993 13005 13128 13298 13338 13345 13389 13594
0282303350 0340513594
INDICATING/RECORDING SYSTEMS - ELECTRONIC INSTRUMENT SYSTEM(EIS)- INSTALL DISPLAY MANAGEMENT COMPUTER SOFTWARE EIS2 S7
NAVIGATION - GPWS - DEACTIVATE PEAKS AND OBSTACLE FUNCTIONS ON THE EGPWS (ANTI MODS 31367/P7186 AND 31375/P
03382 05025 06009 06294 06508 06563 06599 06652 06657 06682 06709 06751 06758 06766 06781 06822 06869 06987 06990 07029 07089 07139 07146 07166 07242 07274 07299 07516 07518 07858 07871 08101 08155 08168 08218 08257 08617 08727 08732 08737 08740 08794 08832 08896 08901 08906 08919 08937 08957 08967 09000 0904409045 09076 09079 09082 09091 09095 09109 09138 09155 09157 09326 09332 09358 09376 09415 09452 09467 09496 09567 10011 10125 10128 10143 10222 10259 10272 10275 10331 10346 10367 10375 10382 10723 10751 10854 10878 10947 10973 11037 11048 11052 11090 11103 11111 11130 11144 1114711148 11160 11163 11212 11249 11333 11353 11361 11390 11446 11464 11506 11622 11658 11704 11843 11898 11944 11976 11999 12065 12075 12077 12115 12157 12364 12410 12431 12577 12775 12786 12828 12831 12866 12914 12935 12955 12980 12993 13005 13128 13298 13338 13345 13389 13594
03382 05025 06009 0629413594
INDICATING RECORDING SYSTEM SDAC INSTALL SDAC STANDARD H2-E2
AUTO FLIGHT - FMGC - INSTALL FMS2 THALES S4 (REV2+) STD ON IAE AND PW A/C ASSOCIATED WITH FG I10
03382 05025 06009 06294 07858 07871 08906 08937 09332 09358 09467 10011 10128 10272 10275 10331 10973 11037 11052 11090 11103 11111 11130 11144 11147 11160 11163 11249 11333 11361 11390 11446 11506 11658
03382 05025 06009 06294 0785807871 08906 08937 0933209358 09467 10011 10128 1027210331 1097311037 1105211147 1116011163 1124911333 1136111446 11506 11658
AUTO FLIGHT - FLIGHT AUGMENTATION COMPUTER - INTRODUCE TAIL STRIKE INDICATION ON PFD FOR A320 & A321 A/C
02823 02868 02999 03015 03126 03185 0320703208 03239 03257 03283 03303 03341 03350 03382 03405 03429 03525 03539 03558 03567 03603 03637 03654 03673 03688 0371803719 03738 04643 04654 04682 04698 04706 04761 04779 04788 05025 05077 05083 05118 05154 05205 05254 05388 05450 05465 05490 05584 05604 05633 05663 05667 05689 06009 06086 06294 06508 06563 06599 06652 06657 06682 06709 06751 06758 06766 06781 06822 06869 06987 06990 07029 07089 07139 07146 07166 07242 07274 07299 07516 07518 07858 07871 08101 08155 08168 08218 08257 08617 08727 08732 08737 08740 08794 08832 08896 08901 08906 08919 08937 08957 08967 09000 0904409045 09076 09079 09082 09091 09095 09109 09138 09155 09157 09326 09332 09358 09376 09415 09452 09467 09496 09567 10011 10125 10128 10143 10222 10259 10272 10275 10331 10346 10367 10375 10382 10723 10751 10854 10878 10947 10973 11037 11048 11052 11090 11103 11111 11130 11144 1114711148 11160 11163 11212 11249 11333 11353 11361 11390 11446 11464 11506 11622 11658 11704 11843 11898 11944 11976 11999 12065 12075 12077 12115 12157 12364 12410 12431 12577 12775 12786 12828 12831 12866 12914 12935 12955 12980 12993 13005 13128 13298 13338 13345 13389 13594
0282303738 0464304654 04682 0469804706 04761 0477904788 0502513594
AUTO FLIGHT - FLIGHT AUGMENTATION COMPUTER - INTRODUCE TAIL STRIKE "PITCH-PITCH" CALL-OUT FOR A320 & A321 AIRCRAFT
02823 02868 02999 03015 03126 03185 0320703208 03239 03257 03283 03303 03341 03350 03382 03405 03429 03525 03539 03558 03567 03603 03637 03654 03673 03688 0371803719 03738 04643 04654 04682 04698 04706 04761 04779 04788 05025 05077 05083 05118 05154 05205 05254 05388 05450 05465 05490 05584 05604 05633 05663 05667 05689 06009 06086 06294 06508 06563 06599 06652 06657 06682 06709 06751 06758 06766 06781 06822 06869 06987 06990 07029 07089 07139 07146 07166 07242 07274 07299 07516 07518 07858 07871 08101 08155 08168 08218 08257 08617 08727 08732 08737 08740 08794 08832 08896 08901 08906 08919 08937 08957 08967 09000 0904409045 09076 09079 09082 09091 09095 09109 09138 09155 09157 09326 09332 09358 09376 09415 09452 09467 09496 09567 10011 10125 10128 10143 10222 10259 10272 10275 10331 10346 10367 10375 10382 10723 10751 10854 10878 10947 10973 11037 11048 11052 11090 11103 11111 11130 11144 1114711148 11160 11163 11212 11249 11333 11353 11361 11390 11446 11464 11506 11622 11658 11704 11843 11898 11944 11976 11999 12065 12075 12077 12115 12157 12364 12410 12431 12577 12775 12786 12828 12831 12866 12914 12935 12955 12980 12993 13005 13128 13298 13338 13345 13389 13594
0282303738 0464304654 04682 0469804706 04761 0477904788 0502513594
NAVIGATION - WEATHER RADAR SYSTEM - INSTALL COLLINS WXR MULTISCAN WRT -2100 P/N 822-1710-213
04629 04643 04654 04665 04682 04695 04698 04706 04755 04761 04774 04779 04788 04790 05025 05077 05083 05118 05154 05205 05254 05388 05450 05465 05490 05584 05633 05663 05667 05689 06009 06294
0462905584 0563306009 06294
GENERAL - TECHNICAL DOCUMENTATION EXTENSION OF FLEX TEMPERATURE - UPDATE FM & FCOM DOCUMENTATION
03382
03382
NAVIGATION - ATC/MODE S (SELECT) CERTIFY ADS-B OUT CAPABILITY THROUGH EXTENDED SQUITTER 1090 MHZ
02823 02868 02999 03015 03126 03185 0320703208 03239 03257 03283 03303 03341 03350 03405 03429 03525 03539 03558 03567 03603 03654 0371803719 04629 04643 04654 04665 04682 04695 04698 04706 04755 04761 04774 04779 04788 04790 05025 05077 05083 05118 05154 05205 05254 05388 05450 05465 05490 05584 05633 05663 05667 05689 06009 06294 06508 06563 06599 06652 06657 06682 06709 06751 06758 06766 06781 06822 06869 06987 06990 08101 08168 08218
0282303350 0340503603 03654 0371803719 0462905584 0563306009 0629406990 08101 0816808218
CERTIFICATION - CERTIFY TAKE-OFF OPERATIONS WITH 15 KNOTS TAILWIND
02823 02868 02999 03015 03126 03185 0320703208 03239 03257 03283 03303 03341 03350 03405 03429 03525 03539 03558 03567 03603 03654 0371803719 04629 04643 04654 04665 04682 04695 04698 04706 04755 04761 04774 04779 04788 04790 05077 05083 05118 05154 05205 05254 05388 05450 05465 05490 05584 05633 05663 05667 05689
0282303350 0340503603 03654 0371803719 0462904790 0507705584 0563305689
CERTIFICATION - CERTIFY LANDING OPERATIONS WITH 15 KNOTS TAILWIND
02823 02868 02999 03015 03126 03185 0320703208 03239 03257 03283 03303 03341 03350 03382 03405 03429 03525 03539 03558 03567 03603 03654 0371803719 04629 04643 04654 04665 04682 04695 04698 04706 04755 04761 04774 04779 04788 04790 05077 05083 05118 05154 05205 05254 05388 05450 05465 05490 05584 05633 05663 05667 05689
0282303603 03654 0371803719 0462904790 0507705584 0563305689
DESIGN WEIGHTS - INCREASE FROM WV000 (MTOW 89T/MLW 75.5T/MZFW 71.5T) TO WV011 (MTOW 93.5T/MLW 77.8T/MZFW 73.8T)
06009 06294
06009 06294
GENERAL - CERTIFY AIRCRAFT FOR OPERATION ON RUNWAYS LESS THAN 45M WIDTH
02823 02868 02999 03015 03126 03185 0320703208 03239 03257 03283 03303 03341 03350 03405 03429 03525 03539 03558 03567 03603 03637 03654 03673 03688 0371803719 03738
0282303350 0340503738
DESIGN WEIGHTS - INCREASE FROM WV050 (MTOW 89T MLW 77.3T MZFW 73.3T) TO WV051 (MTOW 89T MLW 79.2T MZFW 75.6T)
10128 10272 10275 10331
10128 1027210331
DESIGN WEIGHTS - INCREASE FROM WV050 (MTOW 73.5T MLW 66.3T MZFW 62.8T) TO WV055 (MTOW 79T MLW 67.4T MZFW 64.3T)
08101 08168
08101 08168
DESIGN WEIGHTS - VALIDATE MULTIPLE OPERATIONAL WEIGHTS WV055/075/057 (MTOW 79/74/70T MLW 67.4T MZFW 64.3T)
08101 08168
08101 08168
AVIONICS EQUIPMENT VENTILATION - INTRODUCE AVIONICS COMFORT DUCT TEMPERATURE SENSOR (FIN 34HQ)
05604
05604
AIR CONDITIONING - PACK TEMPERATURE CONTROL - INTRODUCE IMPROVED AIR CONDITIONING SYSTEM CONTROLLER
02823 02868 02999 03126 03185 0320703208 03239 03257 03283 03303 03341 03350 03382 03405 03429 03525 03539 03558 03637 03654 03673 03688 0371803719 04643 04665 04682 04695 04698 04706 04755 04774 04788 05077 05083 05154 05205 05254 05388 05465 05584 05633 05663 05667 05689 06508 06599 06652 06657 06682 06751 06758 06766 06781 06822 06987 06990 07029 07166 07274 07518
0282302999 0312603558 0363703719 04643 0466504755 04774 04788 0507705083 0515405388 05465 05584 0563305689 06508 0659906682 0675106822 0698707029 07166 07274 07518
ADAPT AEVS CONTROL LOGIC FOR IMPROVEMENT OF SAOV RE-CONFIGURATION (CEO)
02823 02868 02999 03015 03126 03185 0320703208 03239 03257 03283 03303 03341 03350 03382 03405 03429 03525 03539 03558 03567 03603 03637 03654 03673 03688 0371803719 03738 04629 04643 04654 04665 04682 04695 04698 04706 04755 04761 04774 04779 04788 04790 05025 05077 05083 05118 05154 05205 05254 05388 05450 05465 05490 05584 05604 05633 05663 05667 05689 06009 06086 06294 06508 06563 06599 06652 06657 06682 06709 06751 06758 06766 06781 06822 06869 06987 06990 07029 07089 07139 07146 07166 07242 07274 07299 07516 07518
0282307518
ADAPT AEVS CONTROL LOGIC FOR IMPROVEMENT OF SAOV RE-CONFIGURATION (NEO)
08155 08257 08617 08732 08740 08919 08957 09000 09044 09076 09082 09095 09109 09138 09157 09326 09376 09415 09452 09496 09567 10125 10128 10143 10222 10259 10272 10275 10331 10346 10367 10375 10382 10723 10751 10854 10878 10973 11048 11103 11144 11390
08155 0825708617 08732 08740 08919 08957 0900009044 09076 09082 0909509138 0915709326 0937609452 0949609567 1012510878 10973 11048 11103 11144 11390
GENERAL - DE-ACTIVATE "GUIDED RADAR APPROACH WITH AUTOPILOT ENGAGED" PROCEDURE (MUH 250 FT)
06009 06294
06009 06294
AUTOFLIGHT - FMGC - INSTALL FMGC IAE STD P1I10 (WITH FMS2 HONEYWELL) ON A/C FITTED WITH IAE POWERPLANTS.
02823 02868
0282302868
AUTO-FLIGHT - FLIGHT MANAGEMENT AND GUIDANCE COMPUTER (FMGC) - INSTALL FMGC STD P1I11 ON IAE AND PW ENGINED A/C.
02823 02868 02999 03015 03126 03185 0320703208 03239 03257 03283 03303 03341 03350 03405 03429 03525 03539
0282303350 0340503539
AUTO-FLIGHT - FMGC - INSTALL HONEYWELL PERFORMANCE DATABASE RELEASE 1A (PS4087592-901).
02823 02868 02999 03015 03126 03185 0320703208 03239 03257 03283 03303 03341 03350 03405 03429 03525 03539 03558 03567 03603 03637 03654 03673
0282303350 0340503673
AUTO FLIGHT - FMGC - INSTALL FMGC HWL H2I11 (RELEASE 1A) ON IAE AND PW A/C.
02823 02868 02999 03015 03126 03185 0320703208 03239 03257 03283 03303 03341 03350 03405 03429 03525 03539 03558 03567 03603 03637 03654 03673 03688 0371803719 03738
0282303350 0340503738
AUTO FLIGHT - GENERAL - REMOVE AFM LIMITATION ON NON-PRECISION APPROACHES WITH ONE ENGINE OUT ON A320/A318 A/C.
03185 03208 03239 03257 03341 03558 03567 03603 03654 0371803719
03185 0320803257 03341 0355803603 03654 0371803719
AUTO-FLIGHT - FLIGHT AUGMENTATION - INTRODUCE TAIL STRIKE INDICATION ON PFD AND PITCH PITCH CALL-OUT ON LANDING
02823 02868 02999 03015 03126 03185 0320703208 03239 03257 03283 03303 03341 03350 03382 03405 03429 03525 03539 03558 03567
0282303567
AUTO-FLIGHT - FMGC - ACTIVATE MOD NAV GO AROUND ON FMGC
02823 02868 02999 03015 03126 03185 0320703208 03239 03257 03283 03303 03341 03350 03382 03429
0282303382 03429
AUTO FLIGHT- FLIGHT MANAGEMENT SYSTEM - ACTIVATE NO AP DISCONNECTION BELOW MDA/MDH UNTIL MISSED APPROACH POINT AND ACTIVATE BARO RADIO SETTING FUNCTION.
02823 02868 02999 03015 03126 03185 0320703208 03239 03257 03283 03303 03341 03350 03382 03405 03429 03525 03539 03558 03567 03603 03637 03654 03673 03688 0371803719 03738
0282303738
AUTOFLIGHT - FMGC - INSTALL FMS THALES RELEASE 1A S6 (WITH FG I11) ON IAE&PW A/C
03382
03382
AUTO FLIGHT - FLIGHT AUGMENTATION COMPUTER (FAC) - INTRODUCE FAC SOFTWARE STANDARD BAM0621 (ROPS FUNCTION).
02823 02868 02999 03015 03126 03185 0320703208 03239 03257 03283 03303 03341 03350 03382 03405 03429 03525 03539 03558 03567 03603 03637 03654 03673 03688 0371803719 03738 04629 04643 04654 04665 04682 04695 04698 04706 04755 04761 04774 04779 04788 04790 05025 05077 05083 05118 05154 05205 05254 05388 05450 05465 05490 05584 05633 05663 05667 05689
0282305584 0563305689
AUTO FLIGHT - FMGC - INSTALL FMGC H2I12 HONEYWELL ON IAE/PW AIRCRAFT
02823 02868 0320703208 03257 03303 03429 03654 03673 03688 03719 04682 04698 05077 05083 05490 05604 06086
0282302868 0320703208 03257 03303 03429 0365403688 03719 04682 04698 0507705083 05490 05604 06086
AUTO FLIGHT - FLIGHT AUGMENTATION COMPUTER (FAC) - INSTALL FAC B623 (SHARKLET PROJECT)
03185 03208 03239 03257 03303 03341 03567 03603 03654 0371803719 04629 04665 04695 04755 04774 04790 05450 05465 05490 05584 05633 05663 05667 05689
03185 0320803257 0330303341 0356703603 03654 0371803719 04629 04665 04695 04755 04774 04790 0545005584 0563305689
AUTO FLIGHT - FMGC - INSTALL FMS THALES RELEASE 1A STANDARD S7A (WITH FG I12) ON IAE/PW AIRCRAFT
03382 05025
03382 05025
AUTO FLIGHT - FLIGHT MANAGEMENT AND GUIDANCE COMPUTER (FMGC) - INSTALL FMGC S7API12 ON IAE A/C
06009
06009
AUTO FLIGHT-FLIGHT AUGMENTATION (FAC) DEFINE STOP RUDDER INPUT WARNING FUNCTION ON AIRCRAFT
02823 02868 02999 03015 03126 03185 0320703208 03239 03257 03283 03303 03341 03350 03382 03405 03429 03525 03539 03558 03567 03603 03637 03654 03673 03688 0371803719 03738 04629 04643 04654 04665 04682 04695 04698 04706 04755 04761 04774 04779 04788 04790 05025 05077 05083 05118 05154 05205 05254 05388 05450 05465 05490 05584 05604 05633 05663 05667 05689
0282305689
AUTO FLIGHT - GENERAL - REMOVE AFM LIMITATION ON NON PRECISION APPROACHES WITH ONE ENGINE OUT ON A321
06009 06294
06009 06294
AUTO FLIGHT - FLIGHT MANAGEMENT AND GUIDANCE COMPUTER (FMGC) - INSTALL FMGC S7A I15 THALES ON IAE A/C
03382 05025
03382 05025
FLIGHT MANAGEMENT AND GUIDANCE COMPUTER (FMGC) - INSTALL FMGC H2CI15 HONEYWELL ON IAE AND PW ENGINE
02823 02868 02999 03015 03126 03185 0320703208 03239 03257 03283 03303 03341 03350 03405 03429 03525 03539 03558 03567 03603 03637 03654 03673 03688 0371803719 03738 04629 04643 04654 04665 04682 04695 04698 04706 04755 04761 04774 04779 04788 04790 05077 05083 05118 05154 05205 05254 05388 05450 05465 05490 05584 05604 05633 05663 05667 05689 06086
0282303350 0340504790 0507705689 06086
INTRODUCE FAC B624 (ROPS AND SHARKLET)
02823 02868 02999 03015 03126 03185 0320703208 03239 03257 03283 03303 03341 03350 03382 03405 03429 03525 03539 03558 03567 03603 03637 03654 03673 03688 0371803719 03738 04629 04643 04654 04665 04682 04695 04698 04706 04755 04761 04774 04779 04788 04790 05025 05077 05083 05118 05154 05205 05254 05388 05450 05465 05490 05584 05604 05633 05663 05667 05689 06086
0282305689 06086
AUTO-FLIGHT - FLIGHT AUGMENTATION COMPUTER (FAC) - INSTALL FAC CAA03 STANDARD
06009 06294 06508 06563 06599 06652 06657
06009 0629406657
FMGC - ACTIVATE DPO FUNCTION FOR CEO AIRCRAFT
07139 07242
07139 07242
AUTO FLIGHT - FLIGHT MANAGEMENT - INTRODUCE FM THALES S7B ASSOCIATED TO FG 2G I15 (IAE/PW ENGINES)
03382 05025
03382 05025
AUTO-FLIGHT - FAC - INSTALL FAC CAA06 FOR CEO AIRCRAFT
06009 06294 06508 06563 06599 06652 06657 06682 06709 06751 06758 06766 06781 06822 06869 06987 06990 07029 07089 07139 07146 07166 07242 07274 07299 07516 07518
06009 0629407518
AUTO FLIGHT - FMGC - INSTALL FG PI16 ASSOCIATED WITH HONEYWELL FM H2C FOR NEO AIRCRAFT FITTED WITH PW ENGINES
08101 08168
08101 08168
INSTALL FG PI16 ASSOCIATED WITH HONEYWELL FM H2C ON CEO AIRCRAFT FITTED WITH IAE/PW ENGINES
06508 06563 06599 06652 06657 06682 06709 06751 06758 06766 06781 06822 06869 06987 06990 07029 07089 07139 07146 07166 07242 07274 07299 07516 07518
0650807518
AUTO FLIGHT - FMGC - INSTALL FG PI16 ASSOCIATED WITH THALES FM S7B FOR NEO AIRCRAFT
07858 07871
0785807871
AUTO FLIGHT - FMGC - INSTALL FG PI16 ASSOCIATED WITH THALES FM S7B ON CEO AIRCRAFT
06009 06294
06009 06294
FLIGHT MANAGEMENT AND GUIDANCE COMPUTER (FMGC) - ACTIVATE SOFT GO AROUND FUNCTION FOR NEO
07858 07871 08101
0785808101
FLIGHT AUGMENTATION COMPUTER (FAC) - INSTALL FAC CAA09 FOR CEO AIRCRAFT
06009 06294 06508 06563 06599 06652 06657 06682 06709 06751 06758 06766 06781 06822 06869 06987 06990 07029 07089 07139 07146 07166 07242 07274 07299 07516 07518
06009 0629407518
FLIGHT AUGMENTATION COMPUTER (FAC) - INSTALL FAC CAA09 FOR NEO AIRCRAFT
07858 07871 08101 08168 08218
0785808101 0816808218
FLIGHT MANAGEMENT AND GUIDANCE COMPUTER (FMGC)- INTRODUCE HONEYWELL FMS RELEASE 2 STANDARD H3 ON PEG I ASSOCIATED TO FG 2G I15
02823 02868 02999 03015 03126 03185 0320703208 03239 03257 03283 03303 03341 03350 03405 03429 03525 03539 03558 03567 03603 03637 03654 03673 03688 0371803719 03738 04629 04643 04654 04665 04682 04695 04698 04706 04755 04761 04774 04779 04788 04790 05077 05083 05118 05154 05205 05254 05388 05450 05465 05490 05584 05604 05633 05663 05667 05689 06086
0282303350 0340504790 0507705689 06086
FLIGHT MANAGEMENT AND GUIDANCE COMPUTER (FMGC) - INSTALL NEO PDB FOR HONEYWELL AND THALES (SA17)
07858 07871 08101 08155 08168 08218 08257 08617 08727 08732 08737 08740 08794 08832 08896 08901 08919 08957 08967 09000 0904409045 09076 09079 09082 09091 09095 09109 09138 09155 09157 09326 09332 09358 09376 09415 09452 09467 09496 09567 10011 10125 10143 10222 10259 10346 10367 10375 10382
0785808901 08919 0895710125 1014310259 1034610382
FAC - INSTALL FAC CAA12
06009 06294 06508 06563 06599 06652 06657 06682 06709 06751 06758 06766 06781 06822 06869 06987 06990 07029 07089 07139 07146 07166 07242 07274 07299 07516 07518
06009 0629407518
FAC - INSTALL FAC CAA12
07858 07871 08101 08155 08168 08218 08257 08617 08727 08732 08737 08740 08794 08832 08896 08901 08906 08919 08937 08957 08967 09000 0904409045 09076 09079 09082 09091 09095 09109 09138 09155 09157 09326 09332 09358 09376 09415 09452 09467 09496 09567 10011 10125 10128 10143
0785810143
INSTALL FAC CAA13 SUPPORTING ROPS EVOLUTION FUNCTIONS ON CEO AIRCRAFT
06009 06294 06508 06563 06599 06652 06657 06682 06709 06751 06758 06766 06781 06822 06869 06987 06990 07029 07089 07139 07146 07166 07242 07274 07299 07516 07518
06009 0629407518
INSTALL FAC CAA13 SUPPORTING ROPS EVOLUTION FUNCTIONS ON NEO AIRCRAFT
07858 07871 08101 08155 08168 08218 08257 08617 08727 08732 08737 08740 08794 08832 08896 08901 08906 08919 08937 08957 08967 09000 0904409045 09076 09079 09082 09091 09095 09109 09138 09155 09157 09326 09332 09358 09376 09415 09452 09467 09496 09567 10011 10125 10128 10143 10222 10259 10346 10367 10375 10382
0785810259 1034610382
INSTALL FM HONEYWELL H4 ASSOCIATED TO FG PI18 (CEO)
06508 06563 06599 06652 06657 06682 06709 06751 06758 06766 06781 06822 06869 06987 06990 07029 07089 07139 07146 07166 07242 07274 07299 07516 07518
0650807518
INSTALL FM HONEYWELL H4 ASSOCIATED TO FG PI18 (NEO)
08101 08155 08168 08218 08257 08617 08727 08732 08737 08740 08794 08832 08896 08901 08919 08957 08967 09000 0904409045 09076 09079 09082 09091 09095 09109 09138 09155 09157 09326 09376 09415 09452 09496 09567 10125 10143 10222 10259 10346 10367 10375 10382 10723 10751
0810108901 08919 0895709326 0937609452 0949609567 10125 1014310259 1034610751
INSTALL FMS S8A (HW1) ASSOCIATED TO FG PI18 (NEO)
07858 07871 08906 08937 09332 09358 09467 10011
0785807871 08906 08937 0933209358 09467 10011
INSTALL FMS S8A (HW1) ASSOCIATED TO FG PI18 (CEO)
06009 06294
06009 06294
RADIO MANAGEMENT - INSTALL THIRD RMP THALES
11037
11037
COCKPIT VOICE RECORDER - ACTIVATION OF DATALINK RECORDING FUNCTION
10011 10128 10275
10011 10128 10275
INSTALL COCKPIT VOICE RECORDER (CVR) CAPABLE OF 25 HOURS VOICE RECORDING
10128 10275
10128 10275
COCKPIT VOICE RECORDER - ACTIVATION OF DATALINK RECORDING FUNCTION
07871
07871
INSTALL SW L4.3 STD AND ASSOCIATED WIRING FOR DIGITAL AUDIO
11464 11622 11658 11704 11898 11944 11976 11999 12065 12075 12077 12115 12157 12364 12410 12431
11464 1162211704 1189812431
ELECTRICAL POWER - AC ESSENTIAL GENERATION SWITCHING - INSTALL AUTO SWITCHING SYSTEM FOR AC AND DC ESS BUS.
02823 02868 02999 03015
0282303015
EQUIPMENT/FURNISHINGS - FLIGHT CREW FOOT WARMERS - INSTALL HEATING PANELS ON THE RUDDER PEDALS.
04643 04654 04682 04706 04761 04779 04788 05077 05083 05118 05154 05205 05254 05388 05450 05465 05490 05584 05633 05663 05667 05689
0464304654 04682 04706 04761 0477904788 0507705584 0563305689
COCKPIT - REINFORCE COCKPIT DOCUMENTS STOWAGE BOX
02823 02868 02999 03015 03126 03185 0320703208 03239 03257 03283 03303 03341 03350 03382 03405 03429 03525 03539 03558 03567 03603 03637 03654 03673 03688 0371803719 03738 04629 04643 04654 04665 04682 04695 04698 04706 04755 04761 04774 04779 04788 04790 05025 05077 05083 05118 05154 05205 05254 05388 05450 05465 05490 05584 05604 05633 05663 05667 05689 06009 06086 06294 06508 06563 06599 06652 06657 06682 06709 06751 06758 06766 06781 06822 06869 06987 06990 07029 07089 07139 07146 07166 07242 07274 07299 07516 07518
0282307518
COCKPIT - REINFORCE COCKPIT DOCUMENTS STOWAGE BOX
07871 08155 08257 08617 08727 08732 08740 08794 08919 08957 09000 09044 09076 09082 09095 09109
07871 08155 0825708732 0874008794 08919 08957 0900009044 09076 09082 0909509109
FLIGHT CONTROL - ELAC SYSTEM - INTRODUCE ELAC L93 SOFTWARE STANDARD.
02823 02868 02999 03015 03126 03185 0320703208 03239 03257 03283 03303 03341 03350 03382 03405 03429 03525 03539 03558 03567 03603 03637 03654 03673 03688 0371803719 03738
0282303738
FLIGHT CONTROL - ELAC - ACTIVATE HIGH ALTITUDE UPSETS VMO/MMO OVERSHOOT PROTECTION FUNCTION ON ELAC
02823 02868 02999 03015 03126 03185 0320703208 03239 03257 03283 03303 03341 03350 03382 03405 03429 03525 03539 03558 03567 03603 03637 03654 03673 03688 0371803719 03738
0282303738
SPOILER AND ELEVATOR COMPUTER - INSTALL SEC 121 HARDWARE B'
04629 04643 04654 04665 04682 04695 04698 04706 04755 04761 04774 04779 04788 04790 05025 05077 05083 05118 05154 05205 05254 05388
0462905388
FLIGHT CONTROLS - ELEVATOR AILERON COMPUTER SYSTEM - INSTALL ELAC B L96 (SHARKLET PROJECT)
05450 05465 05490 05584 05633 05663 05667 05689
0545005584 0563305689
SPOILER AND ELEVATOR COMPUTER (SEC) - INSTALL SEC 123 HARDWARE B
02823 02868 02999 03015 03126 03185 0320703208 03239 03257 03283 03303 03341 03350 03382 03405 03429 03525 03539 03558 03567 03603 03637 03654 03673 03688 0371803719 03738
0282303738
FLIGHT CONTROL - ELEVATOR AILERON COMPUTER SYSTEM (ELAC)-INSTALL L97 STANDARD ON ELAC B WITH DATA LOADING CAPABILITY
04629 04643 04654 04665 04682 04695 04698 04706 04755 04761 04774 04779 04788 04790 05025 05604
0462905025 05604
FLIGHT CONTROLS - ELAC - INSTALL L97 STANDARD ON ELAC B WITHOUT DATALOADING CAPABILITY
02823 02868 02999 03015 03126 03185 0320703208 03239 03257 03283 03303 03341 03350 03382 03405 03429 03525 03539 03558 03567 03603 03637 03654 03673 03688 0371803719 03738
0282303738
FLIGHT CONTROLS - ELEVATOR AILERON COMPUTER SYSTEM (ELAC) - INSTALL ELAC B L97+ WITH DATA LOADING CAPABILITY
04629 04643 04654 04665 04682 04695 04698 04706 04755 04761 04774 04779 04788 04790 05025 05077 05083 05118 05154 05205 05254 05388 05450 05465 05490 05584 05604 05633 05663 05667 05689 06009 06086 06294
0462906294
FLIGHT CONTROLS - ELEVATOR AILERON COMPUTER SYSTEM (ELAC) - INSTALL ELAC B L97+ WITHOUT DATALOADING
02823 02868 02999 03015 03126 03185 0320703208 03239 03257 03283 03303 03341 03350 03382 03405 03429 03525 03539 03558 03567 03603 03637 03654 03673 03688 0371803719 03738
0282303738
FLIGHT CONTROLS - ELEVATOR AILERON COMPUTER SYSTEM (ELAC) - INSTALL SOFTWARE STANDARD L98 ON ELAC B WITH DATA LOADING CAPABILITY
04629 04643 04654 04665 04682 04695 04698 04706 04755 04761 04774 04779 04788 04790 05025 05077 05083 05118 05154 05205 05254 05388 05450 05465 05490 05584 05604 05633 05663 05667 05689 06009 06086 06294 06508 06563 06599 06652 06657 06682 06709 06751 06758 06766 06781 06822 06869
0462906869
FLIGHT CONTROLS - ELEVATOR AILERON COMPUTER SYSTEM (ELAC) - INSTALL SOFTWARE STANDARD L98 ON ELAC B WITHOUT DATA LOADING CAPABILITY
02823 02868 02999 03015 03126 03185 0320703208 03239 03257 03283 03303 03341 03350 03382 03405 03429 03525 03539 03558 03567 03603 03637 03654 03673 03688 0371803719 03738
0282303738
FLIGHT CONTROLS - ELEVATOR AILERON COMPUTER SYSTEM (ELAC) - INSTALL SOFTWARE STANDARD L101 ON ELAC B WITHOUT DATA LOADING CAPABILITY
02823 02868 02999 03015 03126 03185 0320703208 03239 03257 03283 03303 03341 03350 03382 03405 03429 03525 03539 03558 03567 03603 03637 03654 03673 03688 0371803719 03738
0282303738
ELEVATOR AILERON COMPUTER SYSTEM (ELAC) - INSTALL SOFTWARE STANDARD L101 ON ELAC B WITH DATA LOADING CAPABILITY
07858
07858
ELEVATOR AILERON COMPUTER SYSTEM (ELAC) - INSTALL SOFTWARE STANDARD L101 ON ELAC B WITH DATA LOADING CAPABILITY
04629 04643 04654 04665 04682 04695 04698 04706 04755 04761 04774 04779 04788 04790 05025 05077 05083 05118 05154 05205 05254 05388 05450 05465 05490 05584 05604 05633 05663 05667 05689 06009 06086 06294 06508 06563 06599 06652 06657 06682 06709 06751 06758 06766 06781 06822 06869 06987 06990 07029 07089 07139 07146 07166 07242 07274 07299 07516 07518
0462907518
ELEVATOR AILERON COMPUTER SYSTEM - INSTALL ELAC B L103 - DATA LOADABLE
07858 07871 08101 08155 08168 08218 08257 08617 08727 08732 08737 08740 08794 08832 08896 08901 08906 08919 08937 08957 08967 09000 0904409045 09076 09079 09082 09091 09095 09109 09138 09155 09157 09326 09332 09358 09376
0785809376
INSTALL SOFTWARE STANDARD L104 ON ELAC B WITH DATA LOADING CAPABILITY ON CEO, SUPPORTING SAFETY BEYOND STANDARD FUNCTIONS
05604 06086
05604 06086
INSTALL SOFTWARE STANDARD L104 ON ELAC B WITH DATA LOADING CAPABILITY ON NEO, SUPPORTING SAFETY BEYOND STANDARD FUNCTIONS
09079 09155
09079 09155
RE-INSTALL SOFTWARE STANDARD L103+ ON ELAC B WITH DATA LOADING CAPABILITY ON CEO
05604 06086
05604 06086
RE-INSTALL SOFTWARE STANDARD L103+ ON ELAC B WITH DATA LOADING CAPABILITY ON NEO
09079 09155 11390 11464 11506 11622 11658 11704 11843 11898 11944 12077
09079 09155 11390 1146411944 12077
FUEL - QUANTITY INDICATING - INTRODUCE FUEL QUANTITY INDICATING COMPUTER (FQIC) P/N 30320-0202
06652 06657 06682 06709
0665206709
INDICATING RECORDING SYSTEM - ACTIVATION OF FWC HARD PIN PROGRAMMED FUNCTIONS.
02823 02868 02999 03015 03126 03185 03207
0282303207
INDICATING/RECORDING SYSTEMS - FLIGHT WARNING COMPUTER (FWC) - INSTALL FWC STANDARD H2F3.
02823 02868 02999 03015 03126 03185 0320703208 03239
0282303239
INDICATING/RECORDING SYSTEMS - ELECTRONIC INSTRUMENT SYSTEM(EIS) - INSTALL DISPLAY MANAGEMENT COMPUTER SOFTWARE EIS2 S7
02823 02868 02999 03015
0282303015
INDICATING RECORDING SYSTEM - SYSTEM DATA ACQUISITION CONCENTRATOR (SDAC) - INSTALL SDAC STANDARD H2-E2.
02823 02868 02999 03015
0282303015
INDICATING/RECORDING SYSTEMS - FLIGHT WARNING COMPUTER (FWC) - INSTALL FWC STANDARD H2-F3P.
02823 02868 02999 03015 03126 03185 0320703208 03239
0282303239
GENERAL - USE METRIC UNITS IN PLACE OF US UNITS
06009 06294
06009 06294
INDICATING/RECORDING SYSTEMS - FLIGHT WARNING COMPUTER (FWC) - INSTALL FWC STANDARD H2-F5
02823 02868 02999 03015 03126 03185 0320703208 03239 03257 03283 03303 03341 03350 03382 03405 03429 03525 03539 03558 03567 03603 03637 03654 03673 03688 0371803719 03738
0282303738
INDICATING/RECORDING SYSTEMS - FLIGHT WARNING COMPUTER (FWC) - INSTALL FWC STANDARD H2-F6
02823 02868 02999 03015 03126 03185 0320703208 03239 03257 03283 03303 03341 03350 03382 03405 03429 03525 03539 03558 03567 03603 03637 03654 03673 03688 0371803719 03738 04629 04643 04654 04665 04682 04695 04698 04706 04755 04761 04774 04779 04788 04790 05025 05077 05083 05118 05154 05205 05254 05388
0282305388
INDICATING RECORDING SYSTEMS-SYSTEM DATA ACQUISITION CONCENTRATOR - INSTALL SDAC H2-E3.
02823 02868 02999 03015 03126 03185 0320703208 03239 03257 03283 03303 03341 03350 03382 03405 03429 03525 03539 03558 03567 03603 03637 03654 03673 03688 0371803719 03738 04629 04643 04654 04665 04682 04695 04698 04706 04755 04761 04774 04779 04788 04790
0282304790
INDICATING RECORDING SYSTEMS - FWC - INTRODUCE FWC STANDARD H2-F7
02823 02868 02999 03015 03126 03185 0320703208 03239 03257 03283 03303 03341 03350 03382 03405 03429 03525 03539 03558 03567 03603 03637 03654 03673 03688 0371803719 03738 04629 04643 04654 04665 04682 04695 04698 04706 04755 04761 04774 04779 04788 04790 05025 05077 05083 05118 05154 05205 05254 05388 05450 05465 05490 05584 05633
0282305584 05633
INDICATING/RECORDING SYSTEMS - ELECTRONIC INSTRUMENT SYSTEM (EIS) - INTRODUCE NEW EIS2 STANDARD S10
02823 02868 02999 03015 03126 03185 0320703208 03239 03257 03283 03303 03341 03350 03382 03405 03429 03525 03539 03558 03567 03603 03637 03654 03673 03688 0371803719 03738 04629 04643 04654 04665 04682 04695 04698 04706 04755 04761 04774 04779 04788 04790 05077 05083 05118 05154 05205 05254 05388 05450 05465 05490 05584 05633 05663 05667 05689
0282304790 0507705584 0563305689
INDICATING/RECORDING SYSTEMS - ELECTRONIC INSTRUMENT SYSTEM (EIS) - INTRODUCE EIS2 STANDARD S11
02823 02868 02999 03015 03126 03185 0320703208 03239 03257 03283 03303 03341 03350 03382 03405 03429 03525 03539 03558 03567 03603 03637 03654 03673 03688 0371803719 03738 04629 04643 04654 04665 04682 04695 04698 04706 04755 04761 04774 04779 04788 04790 05025 05077 05083 05118 05154 05205 05254 05388 05450 05465 05490 05584 05604 05633 05663 05667 05689
0282305689
INDICATING/RECORDING SYSTEMS - SDAC ACQUISITION/INTERFACE - INSTALL SDAC STANDARD H2-E4
02823 02868 02999 03015 03126 03185 0320703208 03239 03257 03283 03303 03341 03350 03382 03405 03429 03525 03539 03558 03567 03603 03637 03654 03673 03688 0371803719 03738 04629 04643 04654 04665 04682 04695 04698 04706 04755 04761 04774 04779 04788 04790 05025 05077 05083 05118 05154 05205 05254 05388 05450 05465 05490 05584 05604 05633 05663 05667 05689 06009 06086 06294
0282306294
DMC - INTRODUCE EIS2 S13-2 STANDARD FOR CEO CONFIGURATION
02823 02868 02999 03015 03126 03185 0320703208 03239 03257 03283 03303 03341 03350 03382 03405 03429 03525 03539 03558 03567 03603 03637 03654 03673 03688 0371803719 03738 04629 04643 04654 04665 04682 04695 04698 04706 04755 04761 04774 04779 04788 04790 05025 05077 05083 05118 05154 05205 05254 05388 05450 05465 05490 05584 05604 05633 05663 05667 05689 06009 06086 06294 06508 06563 06599 06652 06657 06682 06709 06751 06758 06766 06781 06822 06869 06987 06990 07029 07089 07139 07146 07166 07242 07274 07299 07516 07518
0282307518
INDICATING/RECORDING SYSTEMS - FLIGHT WARNING COMPUTER (FWC) - INSTALL FWC H2-F9D FOR CEO AIRCRAFT
02823 02868 02999 03015 03126 03185 0320703208 03239 03257 03283 03303 03341 03350 03382 03405 03429 03525 03539 03558 03567 03603 03637 03654 03673 03688 0371803719 03738 04629 04643 04654 04665 04682 04695 04698 04706 04755 04761 04774 04779 04788 04790 05025 05077 05083 05118 05154 05205 05254 05388 05450 05465 05490 05584 05604 05633 05663 05667 05689 06009 06086 06294 06508 06563 06599 06652 06657 06682 06709 06751 06758 06766 06781 06822 06869 06987 06990 07029 07089 07139 07146 07166 07242 07274 07299
0282307299
FLIGHT WARNING COMPUTER (FWC) - INSTALL FWC H2-F9E FOR CEO AIRCRAFT
02823 02868 02999 03015 03126 03185 0320703208 03239 03257 03283 03303 03341 03350 03382 03405 03429 03525 03539 03558 03567 03603 03637 03654 03673 03688 0371803719 03738 04629 04643 04654 04665 04682 04695 04698 04706 04755 04761 04774 04779 04788 04790 05025 05077 05083 05118 05154 05205 05254 05388 05450 05465 05490 05584 05604 05633 05663 05667 05689 06086 06508 06563 06599 06652 06657 06682 06709 06751 06758 06766 06781 06822 06869 06987 06990 07029 07089 07139 07146 07166 07242 07274 07299 07516 07518
0282305689 06086 0650807518
INDICATING/RECORDING SYSTEMS - FLIGHT WARNING COMPUTER (FWC) - INSTALL FWC H2-F10
02823 02868 02999 03015 03126 03185 0320703208 03239 03257 03283 03303 03341 03350 03382 03405 03429 03525 03539 03558 03567 03603 03637 03654 03673 03688 0371803719 03738 04629 04643 04654 04665 04682 04695 04698 04706 04755 04761 04774 04779 04788 04790 05025 05077 05083 05118 05154 05205 05254 05388 05450 05465 05490 05584 05604 05633 05663 05667 05689 06086 06508 06563 06599 06652 06657 06682 06709 06751 06758 06766 06781 06822 06869 06987 06990 07029 07089 07139 07146 07166 07242 07274 07299 07516 07518
0282305689 06086 0650807518
INSTALL FWC H2-F12E (CEO)
02823 02868 02999 03015 03126 03185 0320703208 03239 03257 03283 03303 03341 03350 03382 03405 03429 03525 03539 03558 03567 03603 03637 03654 03673 03688 0371803719 03738 04629 04643 04654 04665 04682 04695 04698 04706 04755 04761 04774 04779 04788 04790 05025 05077 05083 05118 05154 05205 05254 05388 05450 05465 05490 05584 05604 05633 05663 05667 05689 06009 06086 06294 06508 06563 06599 06652 06657 06682 06709 06751 06758 06766 06781 06822 06869 06987 06990 07029 07089 07139 07146 07166 07242 07274 07299 07516 07518
0282307518
INSTALL FWC H2-F12E (NEO)
08155 08218 08257 08617 08727 08732 08740 08794 08832 08901 08919 08957 09000 09044 09076 09082 09095 09109 09138 09157 09326 09376 09415 09452 09496 09567 10125 10128 10143 10222 10259 10272 10275 10331 10346 10367 10375 10382
08155 0821808732 0874008832 08901 08919 08957 0900009044 09076 09082 0909509138 0915709326 0937609452 0949609567 1012510382
ELECTRONIC INSTRUMENT SYSTEM (EIS) - INTRODUCE EIS2 STANDARD S16 (SAFETY BEYOND STANDARD STEP 1)
02823 02868 02999 03015 03126 03185 0320703208 03239 03257 03283 03303 03341 03350 03382 03405 03429 03525 03539 03558 03567 03603 03637 03654 03673 03688 0371803719 03738 04629 04643 04654 04665 04682 04695 04698 04706 04755 04761 04774 04779 04788 04790 05025 05077 05083 05118 05154 05205 05254 05388 05450 05465 05490 05584 05604 05633 05663 05667 05689 06009 06086 06508 06563 06599 06652 06657 06682 06709 06751 06758 06766 06781 06822 06869 06987 06990 07029 07089 07139 07146 07166 07242 07274 07299 07516 07518
0282306086 0650807518
ELECTRONIC INSTRUMENT SYSTEM (EIS) - INTRODUCE EIS2 STANDARD S16 (SAFETY BEYOND STANDARD STEP 1)
07858 07871 08101 08155 08168 08218 08257 08617 08727 08732 08737 08740 08794 08832 08896 08901 08919 08957 08967 09000 0904409045 09076 09079 09082 09091 09095 09109 09138 09155 09157 09326 09332 09358 09376 09415 09452 09467 09496 09567 10011 10125 10128 10143 10222 10259 10272 10275 10331 10346 10367 10375 10382
0785808901 08919 0895710382
INTRODUCE FWS S/W STANDARD F13 (CEO)
02823 02868 02999 03015 03126 03185 0320703208 03239 03257 03283 03303 03341 03350 03382 03405 03429 03525 03539 03558 03567 03603 03637 03654 03673 03688 0371803719 03738 04629 04643 04654 04665 04682 04695 04698 04706 04755 04761 04774 04779 04788 04790 05025 05077 05083 05118 05154 05205 05254 05388 05450 05465 05490 05584 05604 05633 05663 05667 05689 06009 06086 06294 06508 06563 06599 06652 06657 06682 06709 06751 06758 06766 06781 06822 06869 06987 06990 07029 07089 07139 07146 07166 07242 07274 07299 07516 07518
0282307518
INTRODUCE FWS S/W STANDARD F13 (NEO)
08155 08218 08257 08617 08732 08740 08794 08832 08901 08919 08957 09000 09044 09076 09082 09095 09109 09138 09157 09326 09376 09415 09452 09496 09567 10125 10128 10143 10222 10259 10272 10275 10331 10346 10367 10375 10382 10723 10751
08155 0821808617 08732 0874008832 08901 08919 08957 0900009044 09076 09082 0909509138 0915709326 0937609452 0949609567 1012510751
CVDR - ACTIVATION OF DATALINK RECORDING FUNCTION
10272 10331
10272 10331
EIS - DEACTIVATE HPFD FUNCTION
11464
11464
LANDING GEAR - NORMAL BRAKING - INSTALL BSCU SOFTWARE STD "L4.9".
02868
02868
LANDING GEAR - PARKING/ULTIMATE EMERGENCY BRAKING - ACTIVATE PARKING BRAKE MONITORING FUNCTION ON SA A/C.
02823 02868 02999 03015 03126 03185 0320703208 03239 03257 03283 03303 03341 03350 03382 03525 03539 03558 03567 03603 03637 03654 03673 03688 03718 03738
0282303382 0352503718 03738
LANDING GEAR - NORMAL BRAKING - INSTALL BSCU SOFTWARE STANDARD L4.10
02823 02868 02999 03015 03126 0320703208 03257 03283 03303 03341 03350 03382 03405 03429 03525 03539 03558 03567 03603 03637 03654 03673 03688 03719 03738 04629 04643 04654 04665 04682 04695 04698 04706 04755 04761 04774 04779 04788 04790 05025 05077 05083 05118 05154 05205 05254 05388 05450 05465 05490 05584 05604 05633 05663 05667 05689 06009 06086 06294 06508 06563 06599 06652 06657 06682 06709 06751 06758 06766 06781 06822 06869 06987 06990 07029
0282303126 0320703208 0325703688 0371907029
NORMAL BRAKING - MODIFY AUTOBRAKE LOW MODE SETTINGS
03185 03239 03257 03303 03341 03558 03567 03603 03654 0371803719 04629 04665 04695 04755 04774 04790 05604 06086
03185 0323903257 0330303341 0355803603 03654 0371803719 04629 04665 04695 04755 04774 04790 05604 06086
LANDING GEAR - NORMAL BRAKING - MODIFY AUTOBRAKE LOW MODE SETTINGS FOR NEO AIRCRAFT
07858 07871 08101 08168 08218 08737 08832 08896 08901 09045 09079 09155
0785808101 0816808218 08737 0883208901 09045 09079 09155
MODIFY AUTOBRAKE LOW MODE SETTINGS
02823 02868 02999 03015 03126 03207 03283 03350 03382 03405 03429 03525 03539 03637 03673 03688 03738 04643 04654 04682 04698 04706 04761 04779 04788 05025 05077 05083 05118 05154 05205 05254 05388 05450 05465 05490 05584 05633 05663 05667 05689 06009 06294 06508 06563 06599 06652 06657 06682 06709 06751 06758 06766 06781 06822 06869 06987 06990 07029 07089 07139 07146 07166 07242 07274 07299 07516 07518
0282303126 03207 03283 0335003539 03637 0367303688 03738 0464304654 04682 0469804706 04761 0477904788 0502505584 0563306009 0629407518
LANDING GEAR - NORMAL BRAKING - MODIFY AUTOBRAKE LOW MODE SETTINGS FOR NEO AIRCRAFT
08155 08257
08155 08257
LIGHTS - INSTRUMENT AND PANEL INTEGRAL LIGHTING - ENSURE EMERGENCY LIGHTING FOR STAND-BY INSTRUMENTS.
02823 02868 02999 03015 03126
0282303126
AIR DATA - DELETE QFE SELECTION
10128 10272 10275 10331 10973 11037 11090 11103 11144 11147 11249 11390
10128 1027210331 1097311037 1109011103 1114411147 11249 11390
INSTALL EGPWS CAPABLE OF USING THE GPS LATERAL POSITION AND ACTIVATION OF PEAKS AND OBSTACLES FUNCTIONS.
02823
02823
NAVIGATION - GPWS - USE LATERAL GPS POSITION WITH AUTOMATIC DESELECTION OF TERRAIN MODES.
02823
02823
ADIRU - INSTALL HONEYWELL ADIRU P/N HG2030-AE23
02823 02868 02999 03015 03126 03207 03283 03350 03405 03429 03525 03539
0282303126 03207 03283 03350 0340503539
NAVIGATION - ATC/MODE S (SELECT) - CERTIFY EHS FUNCTION.
02823 02868
0282302868
ATC/MODE S (SELECT) - CERTIFY EHS FUNCTION.
03637 03673 03688 03738
03637 0367303688 03738
ATC/MODE S (SELECT) - CERTIFY ADS-B OUT CAPABILITY THROUGH EXTENDED SQUITTER 1090 MHZ
02823 02868 02999 03015 03126 03185 0320703208 03239 03257 03283 03303 03341 03350 03405 03429 03525 03539 03558 03567 03603 03654 0371803719
0282303350 0340503603 03654 0371803719
NAVIGATION - TCAS - INSTALL A NEW HONEYWELL TCAS TPA-100B
02823 02868 02999 03015 03126 03185 0320703208 03239 03257 03283 03303 03341 03350 03405 03429 03525 03539 03558 03567 03603 03637 03654 03673 03688 0371803719 03738
0282303350 0340503738
NAVIGATION - TRAFFIC COLLISION AVOIDANCE SYSTEM (TCAS) - INSTALL ACSS T2CAS STANDARD 3 CHANGE 7.0
03382 05025
03382 05025
TCAS - INSTALL ROCKWELL COLLINS TCAS CHANGE 7.1 (-332)
04629 04643 04654 04665 04682 04695 04698 04706 04755 04761 04774 04779 04788 04790
0462904790
T2CAS - INSTALL ACSS T2CAS CHANGE 7.1
03382 05025
03382 05025
WEATHER RADAR SYSTEM - INSTALL COLLINS WXR CAPABLE MULTISCAN WITH TRANSCEIVER WRT-2100 (PN 822-1710-214)
04755 05025
04755 05025
ATC/MODE S (SELECT) - ACTIVATE ADS-B OUT DO-260B CAPABILITY FOR ATC TRANSPONDER
02823 02868 02999 03015 03126 03185 0320703208 03239 03257 03283 03303 03341 03350 03405 03429 03525 03539 03558 03567 03603 03637 03654 03673 03688 0371803719 03738 05025 08101 08168 08218
0282303350 0340503738 05025 08101 0816808218
NAVIGATION - AIR DATA/INERTIAL REFERENCE SYSTEM - INSTALL NORTHROP GRUMMAN ADIRU STANDARD -318 WITH H/W -303
03382
03382
ATC/MODE S (SELECT) - ACTIVATE ADS-B OUT DO-260B CAPABILITY FOR ATC TRANSPONDER
03382 04629 04643 04654 04665 04682 04695 04698 04706 04755 04761 04774 04779 04788 04790 05077 05083 05118 05154 05205 05254 05388 05450 05465 05490 05584 05633 05663 05667 05689 06009 06294 06508 06563 06599 06652 06657 06682 06709 06751 06758 06766 06781 06822 06869 06987 06990
03382 0462904790 0507705584 0563306009 0629406990
ATC - INSTALLATION OF ATC TRANSPONDER TPR901 COMPLIANT ADS-B OUT DO-260B
04629 04643 04654 04665 04682 04695 04698 04706 04755 04761 04774 04779 04788 04790 05077 05083 05118 05154 05205 05254 05388 05450 05465 05490 05584 05633 05663 05667 05689 06508 06563 06599 06652 06657 06682 06709 06751 06758 06766 06781 06822 06869 06987 06990
0462904790 0507705584 0563305689 0650806990
ADIRU - OPERATION IN EXTENDED MAGVAR DOMAIN FOR HONEYWELL ADIRU
05025
05025
ATC - INSTALL ACSS TRANSPONDERS NXT-800 COMPLIANT WITH ADS-B OUT DO-260B
02823 02868 02999 03015 03126 03185 0320703208 03239 03257 03283 03303 03341 03350 03405 03429 03525 03539 03558 03567 03603 03637 03654 03673 03688 0371803719 03738
0282303350 0340503738
T/TISS - INSTALL ACSS T3CAS STD 2 P/N 9005000-11203 CAPABLE DO-260B AND ROPS AND ACSS TRANSPONDER XS950 P/N 7517800-12402 CAPABLE DO-260B
06009 06294
06009 06294
ATC - INSTALL ACSS TRANSPONDERS XS950 P/N 7517800-12402 COMPLIANT WITH ADS-B OUT DO-260B
03382 05025
03382 05025
GENERAL - FLIGHT MANUAL EXTENSION TO RNP STEP 3
06009
06009
ATC - INSTALL ATC TRANSPONDER HONEYWELL TRA-100B P/N -0102 COMPLIANT ADS-B OUT DO-260B
08101 08168 08218
08101 0816808218
INSTALL SOFTWARE ADIRU HONEYWELL BLOCK II AE25
03239 03257 03303 03341 03603 03654 0371803719 03738
0323903257 0330303341 03603 03654 0371803738
INSTALL ADIRU HONEYWELL BLOCK II AE45
02823 02868 02999 03015 03126 03185 03207 03283 03350 03405 03429 03525 03539 03558 03567 03637 03673 03688
0282303207 03283 03350 0340503567 03637 0367303688
OXYGEN - CONTROL AND INDICATING - ADAPT PASSENGER INFORMATION RELAY, RELAY SOCKET AND WIRINGS FOR CHEMICAL OXYGEN SYSTEM
05604
05604
PNEUMATIC - ENGINE BLEED AIR SUPPLY SYSTEM - INSTALL BMC STD 9 CAPABLE OF A318 PW.
02823 02868 02999 03015 03126 03185
0282303185
ENGINE BLEED AIR SUPPLY SYSTEM - DEFINE AND INSTALL BMC STD 12 SW
02823 02868 02999 03015 03126 03185 0320703208 03239 03257 03283 03303 03341 03350 03382 03405 03429 03525 03539 03558 03567 03603 03637 03654 03673 03688 0371803719 03738 04629 04643 04654 04665 04682 04695 04698 04706 04755 04761 04774 04779 04788 04790 05077 05083 05118 05154 05205 05254 05388 05450 05465 05490 05584 05604 05633 05663 05667 05689 06009 06086 06294 06508 06563 06599 06652 06657 06682 06709 06751 06758 06766 06781 06822 06869 06987 06990 07029 07089 07139 07146 07166 07242 07274 07299 07516 07518
0282304790 0507707518
PNEUMATIC - ENGINE BLEED AIR SUPPLY SYSTEM - INCREASE OVERPRESSURE VALVE INTERNAL LEAKAGE AND RE-OPENING SETTING VALUES
05604 06086
05604 06086
ENGINE BLEED AIR SUPPLY SYSTEM - INSTALL DISCRETE SIGNAL WIRING BETWEEN BMC AND PACKS PUSH BUTTON
05604 06086
05604 06086
ENGINE BLEED AIR SUPPLY SYSTEM - INTRODUCE NEO BMC SOFTWARE STANDARD 4.3
07858
07858
INFORMATION SYSTEMS - ATIMS - FANS B INSTALLATION AND ACTIVATION
02823 02868 02999 03015 03126 03185 0320703208 03239 03257 03283 03303 03341 03350 03405 03525 03539 03558 03567 03603 03637 03654 03673 03688 0371803719 03738
0282303350 03405 0352503738
INFORMATION SYSTEMS - ATIMS - INSTALL ATSU CSB5/HW-A10 WITH FANS B APPLICATIONS WITH VDL MODE 2 ACTIVATED
02823 02868 02999 03015 03126 03185 0320703208 03239 03257 03283 03303 03341 03350 03405 03429 03525 03539 03558 03567 03603 03637 03654 03673 03688 0371803719 03738
0282303350 0340503738
INFORMATION SYSTEMS - ATIMS - INSTALL ATSU CSB6/HW-A10 WITH FANS B+ APPLICATIONS AND WITH VDL MODE 2 ACTIVATED
02823 02868 02999 03015 03126 03185 0320703208 03239 03257 03283 03303 03341 03350 03382 03405 03429 03525 03539 03558 03567 03603 03637 03654 03673 03688 0371803719 03738
0282303738
GENERAL - CERTIFY FANS B+ CONFIGURATION (OVERALL MODIFICATION)
02823 02868 02999 03015 03126 03185 0320703208 03239 03257 03283 03303 03341 03350 03382 03405 03429 03525 03539 03558 03567 03603 03637 03654 03673 03688 0371803719 03738 06009 06294
0282303738 06009 06294
INFORMATION SYSTEMS - ATIMS - INSTALL ATSU CSB6/HW-A10 WITH FANS B+ APPLICATIONS AND WITH VDL MODE 2 ACTIVATED
04629 04643 04654 04665 04682 04695 04698 04706 04755 04761 04774 04779 04788 04790
0462904790
GENERAL - CERTIFY FANS B+ CONFIGURATION (OVERALL MODIFICATION)
04629 04643 04654 04665 04682 04695 04698 04706 04755 04761 04774 04779 04788 04790 07871 10128 10272 10275 10331
0462904790 07871 10128 1027210331
ATIMS - INSTALL ATSU CSB8 CORRECTIVE STANDARD
02823 02868 02999 03015 03126 03185 0320703208 03239 03257 03283 03303 03341 03350 03382 03405 03429 03525 03539 03558 03567 03603 03637 03654 03673 03688 0371803719 03738 04629 04643 04654 04665 04682 04695 04698 04706 04755 04761 04774 04779 04788 04790 05077 05083 05118 05154 05205 05254 05388 05450 05465 05490 05584 05604 05633 05663 05667 05689 06086 06508 06563 06599
0282304790 0507705689 06086 0650806599
ATIMS - INSTALL ATSU CSB8.3/HW-A10 WITH FANS B+ APPLICATIONS AND WITH VDL MODE 2 ACTIVATED
06009 06294
06009 06294
ATIMS - COMPONENTS AND INTERFACES - INSTALL SOFTWARE ATSU ATC ARINC 623 APPLICATION FOR FANS B+ CSB8
06009 06294 10128 10272 10275 10331
06009 06294 10128 1027210331
ATIMS - INSTALL ATSU CSB8.3/HW-A10 WITH FANS B+ APPLICATIONS AND WITH VDL MODE 2 ACTIVATED
07871 10128 10272 10275 10331
07871 10128 1027210331
AIR TRAFFIC AND INFORMATION SYSTEM (ATIMS)- INSTALL BRAKING ACTION COMPUTATION SOFTWARE PACKAGE APPLICATION IN ATSU SYSTEM (CEO WITH FANSB+)
02823 02868 02999 03015 03126 03185 0320703208 03239 03257 03283 03303 03341 03350 03382 03405 03429 03525 03539 03558 03567 03603 03637 03654 03673 03688 0371803719 03738 04629 04643 04654 04665 04682 04695 04698 04706 04755 04761 04774 04779 04788 04790 05077 05083 05118 05154 05205 05254 05388 05450 05465 05490 05584 05604 05633 05663 05667 05689 06086 06508 06563 06599 06652 06657 06682 06709 06751 06758 06766 06781 06822 06869 06987 06990 07029 07089 07139 07146 07166 07242 07274 07299 07516 07518
0282304790 0507705689 06086 0650807518
AIR TRAFFIC AND INFORMATION SYSTEM (ATIMS)- INSTALL BRAKING ACTION COMPUTATION SOFTWARE PACKAGE APPLICATION IN ATSU SYSTEM (NEO WITH ATSU CSB 7 STANDARD)
07858 07871 08101 08168 09091 09155 09332 09358 09467 10011
0785808101 08168 09091 09155 0933209358 09467 10011
ATIMS - INSTALL ATSU CSB 9.4 WITH FANS A+B APPLICATIONS
10011
10011
AIRBORNE AUXILIARY POWER-CONTROL AND MONITORING - INTRODUCE ECB SOFTWARE VERSION 06.00.000
02823
02823
AIRBORNE AUXILIARY POWER - POWER PLANT - REPLACE APU HONEYWELL 131-9(A) BY APIC APS 3200
03382 03637 03673 03688 03738
03382 03637 0367303688 03738
WINGTIP - INTRODUCE SHARKLET DEVICE FOR A321 AIRCRAFT
05450 05465 05490 05584 05633 05663 05667 05689
0545005584 0563305689
WINGS - WINGTIP - INTRODUCE SHARKLET DEVICE FOR A320 FAMILY (IN SERVICE RETROFIT)
03603
03603
POWER PLANT - FAN COWL DOORS - INTRODUCE NEW FAN COWL DOOR LATCH WITH KEY & FLAG ON IAE V2500 ENGINE.
02823 02868 02999 03015 03126 03185 0320703208 03239 03257 03283 03303 03341 03350 03382 03405 03429 03525 03539 03558 03567 03603 03637 03654 03673 03688 0371803719 03738 04629 04643 04654 04665 04682 04695 04698 04706 04755 04761 04774 04779 04788 04790 05025 05077 05083 05118 05154 05205 05254 05388 05450 05465 05490 05584 05604 05633 05663 05667 05689 06009 06086 06508 06563 06599 06652 06657 06682 06709 06751 06758 06766 06781 06822 06869
0282306086 0650806869
ENGINE FUEL AND CONTROL - FADEC SYSTEM - INTRODUCE EEC SOFTWARE STANDARD "SCN19" ON IAE V2500-A5 ENGINES.
02823 02868
0282302868
ENGINE FUEL AND CONTROL- FADEC SYSTEM- INTRODUCE EEC SOFTWARE STANDARD SCN21/AA FOR IAE V2500-A5
02823 02868 02999 03015 03126 03185 0320703208 03239 03257 03283 03303 03341 03350 03382 03405 03429 03525 03539 03558 03567 03603 03637 03654 03673 03688 0371803719 03738 04629 04643 04654 04665 04682 04695 04698 04706 04755 04761 04774 04779 04788 04790
0282304790
ENGINE - FUEL AND CONTROL - FADEC SYSTEM - INTRODUCE SCN22/AB EEC SOFTWARE STANDARD FOR IAE V2500-A5 ENGINES
02823 02868 02999 03015 03126 03185 03208 03239 03257 03283 03303 03341 03350 03382 03405 03429 03539 03558 03567 03603 03637 03654 03673 03688 0371803719 03738 04629 04643 04654 04665 04682 04695 04698 04706 04755 04761 04774 04779 04788 04790 05025 05077 05083 05118 05154 05205 05254 05388 05450 05465 05490 05584 05604 05633 05667 05689 06086
0282303185 0320803429 0353905633 0566705689 06086
ENGINE FUEL AND CONTROL - FUNCTIONAL INTERFACES - INSTALL EIU SOFTWARE STD 'S4.0'
07858 07871 08101 08168
0785808101 08168
ENGINE FUEL AND CONTROL - FADEC SYSTEM - INTRODUCE FCS4.4 EEC SOFTWARE ON NEO P&W ENGINES
07858
07858
FUNCTIONAL INTERFACES - INTRODUCE PREBOOST CAPABILITY FOR A320 NEO FITTED WITH APU HONEYWELL 131-9A AND PW1100G ENGINES
08101 08218
08101 08218
FUNCTIONAL INTERFACES - ADAPT WIRING FROM EIU S4.1
07858 07871 08155 08257 08617 08727 08732 08740 08794 08919 08957 09000 09044
0785807871 08155 0825708732 0874008794 08919 08957 0900009044
FADEC SYSTEM - INTRODUCE FCS5.0 FADEC SOFTWARE ON NEO PW
07858 07871 08101 08155 08168 08218 08257 08617 08727 08732 08737 08794 08832 08896 08901 08967 09045
0785808737 0879408901 08967 09045
FADEC SYSTEM - INTRODUCE SCN23 ENGINE ELECTRONIC CONTROLLER (EEC) SOFTWARE STANDARD FOR IAE V2500-A5 ENGINES
05604 06086
05604 06086
INTRODUCE FCS 6.2 FADEC SOFTWARE ON NEO PW
08906 08937
08906 08937
INTRODUCE FCS 6.3 FADEC SOFTWARE ON NEO PW
08101 08155 08168 08218 08257 08617 08727 08732 08737 08740 08794 08832 08896 08901 08919 08957 08967 09000 0904409045 09076 09079 09091 09095 09109 09138 09155 09157 09326 09376 09415 09452 09496 09567 10128 10143 10222 10272 10275 10331 10346 10367 10375 10382 10723 10751 10854 10878 10947 10973 11037 11048 11090 11103 11111
0810108901 08919 0895709079 0909109326 0937609452 0949609567 1012810222 1027211048 1109011111
INTRODUCE FCS 7.0 FADEC SOFTWARE ON NEO PW
08218 08737 08832 08896 08901 08937 09045 11111
08218 08737 0883208901 08937 09045 11111
11239
11239
08928
09358
08928  11239
09358
08928  11239
11239
11239
09358
08928  11239
11239
09358
08928  11239
09358
11239
09358
08928  11239
09358
08928  11239
09358
08928  11239
09358
08928  11239
09358
08928  11239
11239
11239
09358
08928  11239
08928  11239
09358
11239
11239
11239
09358
08928  11239
09358
08928  11239
11239
09358
08928  11239
11239
09358
08928
09358
08928
08928
09358
09358
08928  11239
11239
09358
08928  11239
11239
09358
11239
11239
09358
08928
11239
11239
09358
08928  11239
08928
09358
08928
09358
08928  11239
09358
08928  11239
11239
09358
08928
09358
08928  11239
09358
08928  11239
09358
11239
09358
08928  11239
09358
08928  11239
09358
08928  11239
09358
08928  11239
09358
08928
09358
08928
11239
09358
08928  11239
09358
08928
09358
08928
11239
09358
08928  11239
09358
08928  11239
09358
08928  11239
09358
08928  11239
09358
08928  11239
08928
09358
08928  11239
09358
08928  11239
09358
08928  11239
11239
09358
08928
09358
08928
09358
08928
11239
09358
08928  11239
11239
09358
08928  11239
09358
08928  11239
11239
09358
08928  11239
09358
08928  11239
09358
08928  11239
09358
09358
08928  11239
09358
08928  11239
09358
08928  11239
09358
08928
09358
08928  11239
09358
08928  11239
09358
11239
11239
09358
08928
09358
08928  11239
11239
09358
11239
09358
08928
09358
08928  11239
09358
08928  11239
11239
09358
08928  11239
11239
09358
08928
09358
08928  11239
09358
09358
08928
09358
08928
09358
08928  11239
09358
08928  11239
09358
08928  11239
09358
09358
08928
09358
08928  11239
09358
08928  11239
09358
08928  11239
09358
08928  11239
09358
08928
09358
08928  11239
09358
08928  11239
09358
11239
08928
09358
08928
11239
11239
08928
09358
08928  11239
11239
11239
08928
09358
11239
08928  11239
09358
08928  11239
08928
09358
08928  11239
09358
08928
09358
08928  11239
09358
08928  11239
09358
11239
09358
08928  11239
11239
11239
09358
11239
09358
08928  11239
09358
08928  11239
09358
08928
09358
08928  11239
09358
08928
09358
11239
09358
08928  11239
09358
08928  11239
11239
09358
08928  11239
09358
09358
08928  11239
09358
08928  11239
09358
08928  11239
09358
11239
09358
08928  11239
09358
08928
09358
08928  11239
11239
11239
11239
09358
11239
11239
11239
11239
09358
08928
09358
08928  11239
09358
08928  11239
09358
08928
09358
08928  11239
11239
11239
09358
08928  11239
11239
09358
08928  11239
09358
11239
09358
08928  11239
09358
08928  11239
11239
08928
11239
09358
08928  11239
08928
09358
08928  11239
08928
09358
08928  11239
09358
08928  11239
11239
09358
08928  11239
11239
09358
11239
09358
08928  11239
09358
08928  11239
11239
09358
08928  11239
09358
08928  11239
09358
08928  11239
11239
11239
09358
11239
09358
08928
09358
08928  11239
09358
08928
09358
08928  11239
09358
08928  11239
09358
08928  11239
09358
08928  11239
09358
08928  11239
11239
11239
09358
08928
09358
08928  11239
11239
11239
09358
08928  11239
09358
08928  11239
08928
08928
08928
09358
08928
09358
08928
09358
08928  11239
09358
08928  11239
11239
09358
08928  11239
09358
11239
09358
08928  11239
09358
08928  11239
08928
09358
08928  11239
09358
08928  11239
11239
09358
08928  11239
09358
08928  11239
09358
11239
09358
08928
11239
09358
08928  11239
09358
08928  11239
09358
08928  11239
09358
08928  11239
09358
08928  11239
09358
08928
08928  11239
09358
08928
09358
08928  11239
09358
08928  11239
09358
08928  11239
09358
08928  11239
09358
08928  11239
09358
08928  11239
11239
11239
09358
08928  11239
11239
09358
08928  11239
09358
08928  11239
09358
08928  11239
09358
11239
11239
11239
09358
11239
11239
09358
09358
08928  11239
11239
09358
08928  11239
09358
08928  11239
09358
08928  11239
09358
08928  11239
08928
11239
09358
08928
09358
08928  11239
09358
08928  11239
09358
08928  11239
09358
08928  11239
09358
08928  11239
09358
08928  11239
11239
09358
08928  11239
11239
09358
08928
09358
08928  11239
11239
09358
08928  11239
11239
09358
08928
11239
09358
08928  11239
09358
08928  11239
09358
08928  11239
09358
08928
09358
08928
09358
08928  11239
11239
09358
08928  11239
08928
11239
09358
08928  11239
08928
08928  11239
08928
11239
09358
08928  11239
09358
11239
09358
08928  11239
09358
11239
09358
08928
08928  11239
09358
11239
09358
08928  11239
09358
08928
09358
08928  11239
09358
08928  11239
09358
11239
09358
08928  11239
08928  11239
09358
08928
08928  11239
09358
08928  11239
09358
08928
09358
08928
11239
09358
08928  11239
09358
11239
09358
11239
09358
08928
09358
08928  11239
11239
11239
09358
08928
09358
08928
09358
08928  11239
09358
08928  11239
09358
08928  11239
08928  11239
09358
08928  11239
09358
08928  11239
09358
08928  11239
08928
09358
08928  11239
11239
11239
11239
11239
09358
08928  11239
09358
08928  11239
11239
09358
08928  11239