QRH PAGE GEN.02A PROVIDES ADDITIONAL GUIDANCE TO MANAGE THE QRH UPDATES.
PNEUMATIC - ENGINE BLEED AIR SUPPLY SYSTEM - Optimize High Pressure Valve actuator for pressure oscillations (NEO)
07858 07871 08101 08155 08168 08218 08257 08617 08727 08732 08737 08740 08794 08832 08896 08901 08906 08919 08937 08957 08967 09000 0904409045 09076 09079 09082 09091 09095 09109 09138 09155 09157 09326 09332 09358 09376 09415 09452 09467 09496 09567 10011 10125 10128 10143 10222 10259 10272 10275 10331 10346 10367 10375 10382 10723 10751 10854 10878 10947 10973 11037 11048 11052 11090 11103 11111 11130 11144 1114711148 11160 11163 11212 11249 11333 11353 11361 11390 11446 11464 11506 11622 11658 11704 11843 11898 11944 11976 11999 12065 12075 12077 12115 12157 12364 12410 12431 12577 12775 12786 12828 12831 12866 12914 12935 12955 12980 12993 13005 13128 13298 13338 13345 13389 13594
0785813594
PNEUMATIC - LEAK DETECTION - CHANGE THE OHDS MATING CABLES ON PYLON LOOP(FORWARD FIT FOR NEO PW)
08155 08168 08218 08257 08617 08727 08732 08737 08740 08794 08832 08896 08901 08906 08919 08937 08957 08967 09000 0904409045 09076 09079 09082 09091 09095 09109 09138 09155 09157 09326 09332 09358 09376 09415 09452 09467 09496 09567 10011 10125 10128 10143 10222 10259 10272 10275 10331 10346 10367 10375 10382 10723 10751 10854 10878 10947 10973 11037 11048 11052 11090 11103 11111 11130 11144 1114711148 11160 11163 11212 11249 11333 11353 11361 11390 11446 11464 11506 11622 11658 11704 11843 11898 11944 11976 11999 12065 12075 12077 12115 12157 12364 12410 12431 12577 12775 12786 12828 12831 12866 12914 12935 12955 12980 12993 13005 13128 13298 13338 13345 13389 13594
0815513594
PNEUMATIC - ENGINE BLEED AIR SUPPLY SYSTEM - INTRODUCE HIGH PRESSURE VALVE (HPV) AS CORRECTIVE DESIGN PW
08155 08919 09044 09076 09091 09138 09157 09376 09415 09567 10275 10367 10382 10723 10878 11048 11144 11353 11390 11464 11506 11622 11658 11704 11843 11898 11944 11976 11999 12065 12075 12077 12115 12157 12364 12410 12431 12577 12775 12786 12828 12831 12866 12914 12935 12955 12980 12993 13005 13128 13298 13338 13345 13389 13594
08155 08919 09044 09076 09091 09138 09157 0937609415 09567 10275 10367 1038210723 10878 11048 11144 11353 11390 1146413594
FUEL SYSTEM - ADDITIONAL TREATMENT OF CENTRE TANK STRUCTURE AND INSTALLATION OF CENTRE TANK SYSTEM
WING STRUCTURE-INTRODUCTION OF A WING TIP INCORPORATING A TIP FENCE FOR 72T MTOW A/C
LANDING GEAR-MLG-LGCIU-INTRODUCTION OF A NEW STANDARD FOR IMPROVED PROXIMITY SENSOR FAULT MONITORING FUNCTION
FLIGHT CONTROLS - GENERAL - DELETE LAF FEATURE FROM A320 DEFINITION (PRODUCTION SOLUTION)
03185 03208 03239 03257 03303 03341 03558 03567 03603 03654 0371803719 05604 06086 07858 07871 08101 08168 08218 08737 08832 08896 08901 08967 09045 09079 09091 09155 09332 09358 09467 10011 11037 11052 11090 11103 11111 11130 11147 11160 11163 11333 11361 11446 11506
03185 0320803257 0330303341 0355803603 03654 0371803719 05604 06086 0785808101 0816808218 08737 0883208901 08967 09045 09079 09091 09155 0933209358 09467 10011 11037 1105211130 11147 1116011163 11333 11361 11446 11506
FUEL - GENERAL, A321-200 (WV001) 93T CERTIFICATION OF FUEL SYSTEM (LOW PRESSURE SYSTEM) FOR THE OPERATION 0 TO 2 ACTS
03637 03673 03688 03738 05025 06009 06294 08937
03637 0367303688 03738 05025 06009 06294 08937
FUEL - QUANTITY INDICATION - INTRODUCE FUEL LEAK DETECTION ASSOCIATED WITH FQIC - 13 - 9
03185 03208 03239 03257 03303 03341 03558 03567 03603 03654 0371803719 04629 04665 04695 04755 04774 04790 05604 06086 07858 07871 08101 08168 08218 08737 08832 08896 08901 08967 09045 09079 09091 09155 09332 09358 09467 10011 11037 11052 11090 11103 11111 11130 11147 11160 11163 11333 11361 11446 11506
03185 0320803257 0330303341 0355803603 03654 0371803719 04629 04665 04695 04755 04774 04790 05604 06086 0785808101 0816808218 08737 0883208901 08967 09045 09079 09091 09155 0933209358 09467 10011 11037 1105211130 11147 1116011163 11333 11361 11446 11506
FUEL - QUANTITY INDICATION - REMOVAL OF FUEL LEAK DETECTION FUNCTION ASSOCIATED WITH THE FQIC 13 - 9
03185 03208 03239 03257 03303 03341 03558 03567 03603 03654 0371803719 04629 04665 04695 04755 04774 04790 05604 06086 07858 07871 08101 08168 08218 08737 08832 08896 08901 08967 09045 09079 09091 09155 09332 09358 09467 10011 11037 11052 11090 11103 11111 11130 11147 11160 11163 11333 11361 11446 11506
03185 0320803257 0330303341 0355803603 03654 0371803719 04629 04665 04695 04755 04774 04790 05604 06086 0785808101 0816808218 08737 0883208901 08967 09045 09079 09091 09155 0933209358 09467 10011 11037 1105211130 11147 1116011163 11333 11361 11446 11506
FUEL - QUANTITY INDICATING - INTRODUCE NEW STANDARD OF FUEL QTY INDICATING COMPUTER 13-10
03185 03208 03239 03257 03303 03341 03558 03567 03603 03654 0371803719 04629 04665 04695 04755 04774 04790 05604 06086 07858 07871 08101 08168 08218 08737 08832 08896 08901 08967 09045 09079 09091 09155 09332 09358 09467 10011 11037 11052 11090 11103 11111 11130 11147 11160 11163 11333 11361 11446 11506
03185 0320803257 0330303341 0355803603 03654 0371803719 04629 04665 04695 04755 04774 04790 05604 06086 0785808101 0816808218 08737 0883208901 08967 09045 09079 09091 09155 0933209358 09467 10011 11037 1105211130 11147 1116011163 11333 11361 11446 11506
FUEL - QUANTITY INDICATING - INTRODUCE NEW STANDARD OF FQIC (P/N SIC5059 14-20)
03558 03567 03603 03654 0371803719 04629 04665 04695 04755 04774 04790 05604 06086 07858 07871 08101 08168 08218 08737 08832 08896 08901 08967 09045 09079 09091 09155 09332 09358 09467 10011 11037 11052 11090 11103 11111 11130 11147 11160 11163 11333 11361 11446 11506
0355803603 03654 0371803719 04629 04665 04695 04755 04774 04790 05604 06086 0785808101 0816808218 08737 0883208901 08967 09045 09079 09091 09155 0933209358 09467 10011 11037 1105211130 11147 1116011163 11333 11361 11446 11506
LANDING GEAR - EXTENSION & RETRACTION - INTRODUCE POWER INTERRUPT PROTECTION CIRCUIT FOR LGCIUS
MAIN FUEL PUMP SYSTEM - FUEL PUMPS - INSPECT AFFECTED EATON FUEL PUMPS
FUEL - QUANTITY INDICATION - INTRODUCE FUEL LEAK DETECTION FUNCTION ON A321 A/C
04643 04654 04682 04698 04706 04761 04779 04788 05025 05077 05083 05118 05154 05205 05254 05388 05450 05465 05490 05584 05633 05663 05667 05689 06009 06294 06508 06563 06599 06652 06657 06682 06709 06751 06758 06766 06781 06822 06869 06987 06990 07029 07089 07139 07146 07166 07242 07274 07299 07516 07518 08155 08257 08617 08727 08732 08740 08794 08906 08919 08937 08957 09000 09044 09076 09082 09095 09109 09138 09157 09326 09376 09415 09452 09496 09567 10125 10128 10143 10222 10259 10272 10275 10331 10346 10367 10375 10382 10723 10751 10854 10878 10947 10973 11048 11144 11148 11212 11249 11353 11390 11464 11622 11658 11704 11843 11898 11944 11976 11999 12065 12075 12077 12115 12157 12364 12410 12431 12577 12775 12786 12828 12831 12866 12914 12935 12955 12980 12993 13005 13128 13298 13338 13345 13389 13594
0464304654 04682 0469804706 04761 0477904788 0502505584 0563306009 0629407518 08155 0825708732 0874008794 0890608957 0900009044 09076 09082 0909509138 0915709326 0937609452 0949609567 1012510973 11048 11144 11148 1121211249 11353 11390 11464 1162213594
TO REMEDY INCORRECT ECAM INSTRUCTION.
02823 02868 02999 03015 03126 03207 03283 03350 03382 03405 03429 03525 03539 03637 03673 03688 03738 04643 04654 04682 04698 04706 04761 04779 04788 05025 05077 05083 05118 05154 05205 05254 05388 05450 05465 05490 05584 05633 05663 05667 05689 06009 06294 06508 06563 06599 06652 06657 06682 06709 06751 06758 06766 06781 06822 06869 06987 06990 07029 07089 07139 07146 07166 07242 07274 07299 07516 07518 08155 08257 08617 08727 08732 08740 08794 08906 08919 08937 08957 09000 09044 09076 09082 09095 09109 09138 09157 09326 09376 09415 09452 09496 09567 10125 10128 10143 10222 10259 10272 10275 10331 10346 10367 10375 10382 10723 10751 10854 10878 10947 10973 11048 11144 11148 11212 11249 11353 11390 11464 11622 11658 11704 11843 11898 11944 11976 11999 12065 12075 12077 12115 12157 12364 12410 12431 12577 12775 12786 12828 12831 12866 12914 12935 12955 12980 12993 13005 13128 13298 13338 13345 13389 13594
0282303126 03207 03283 0335003539 03637 0367303688 03738 0464304654 04682 0469804706 04761 0477904788 0502505584 0563306009 0629407518 08155 0825708732 0874008794 0890608957 0900009044 09076 09082 0909509138 0915709326 0937609452 0949609567 1012510973 11048 11144 11148 1121211249 11353 11390 11464 1162213594
FUEL - QUANTITY INDICATING - ACTIVATE FUEL LEAK DETECTION WARNING SYSTEM
05604 06086 07858 07871 08101 08168 08218 08737 08832 08896 08901 08967 09045 09079 09091 09155 09332 09358 09467 10011 11037 11052 11090 11103 11111 11130 11147 11160 11163 11333 11361 11446 11506
05604 06086 0785808101 0816808218 08737 0883208901 08967 09045 09079 09091 09155 0933209358 09467 10011 11037 1105211130 11147 1116011163 11333 11361 11446 11506
WINGS - GENERAL - Certify Sharklet Installation for A320/A319/A318
05604 06086 07858 07871 08101 08168 08218 08737 08832 08896 08901 08967 09045 09079 09091 09155 09332 09358 09467 10011 11037 11052 11090 11103 11111 11130 11147 11160 11163 11333 11361 11446 11506
05604 06086 0785808101 0816808218 08737 0883208901 08967 09045 09079 09091 09155 0933209358 09467 10011 11037 1105211130 11147 1116011163 11333 11361 11446 11506
LANDING GEAR - NORMAL EXTENSION AND RETRACTION ¿ Modify the MLG Door actuator damping mechanism.
WINGS - GENERAL - Certify Sharklet Installation for A321
05450 05465 05490 05584 05633 05663 05667 05689 06009 06294 06508 06563 06599 06652 06657 06682 06709 06751 06758 06766 06781 06822 06869 06987 06990 07029 07089 07139 07146 07166 07242 07274 07299 07516 07518 08155 08257 08617 08727 08732 08740 08794 08906 08919 08937 08957 09000 09044 09076 09082 09095 09109 09138 09157 09326 09376 09415 09452 09496 09567 10125 10128 10143 10222 10259 10272 10275 10331 10346 10367 10375 10382 10723 10751 10854 10878 10947 10973 11048 11144 11148 11212 11249 11353 11390 11464 11622 11658 11704 11843 11898 11944 11976 11999 12065 12075 12077 12115 12157 12364 12410 12431 12577 12775 12786 12828 12831 12866 12914 12935 12955 12980 12993 13005 13128 13298 13338 13345 13389 13594
0545005584 0563306009 0629407518 08155 0825708732 0874008794 0890608957 0900009044 09076 09082 0909509138 0915709326 0937609452 0949609567 1012510973 11048 11144 11148 1121211249 11353 11390 11464 1162213594
FUEL - MAIN TRANSFER SYSTEM - Introduce the A321 Centre Tank Fuel Transfer System onto A319 and A320 Single Aisle Variants
07858 07871 08101 08168 08218 08737 08832 08896 08901 08967 09045 09079 09091 09155 09332 09358 09467 10011 11037 11052 11090 11103 11111 11130 11147 11160 11163 11333 11361 11446 11506
0785808101 0816808218 08737 0883208901 08967 09045 09079 09091 09155 0933209358 09467 10011 11037 1105211130 11147 1116011163 11333 11361 11446 11506
FUEL - FUEL RECIRCULATION - COOLING - ESTABLISH MISSING GRND CONNECTION TO INHIBIT RECIRCULATION DURING GRAVITY FEED
07858 07871 08101 08168 08218 08737 08832 08896 08901 08967 09045 09079 09091 09155 09332 09358 09467 10011 11037 11052 11090 11103 11111 11130 11147 11160 11163 11333 11361 11446 11506
0785808101 0816808218 08737 0883208901 08967 09045 09079 09091 09155 0933209358 09467 10011 11037 1105211130 11147 1116011163 11333 11361 11446 11506
FUEL - TANKS - INTRO FULL ELEC SYS PROVSN FOR ACT1, 2 & 4.1 & FLUID MECH SYS PROVSN for ACT1 ON A321 ACF
10973 11144 11249
10973 11144 11249
CERTIFICATION DOCUMENTS - GENERAL - CERTIFY UP TO 3 ACTS ON A321NX
10973 11144 11249
10973 11144 11249
LANDING GEAR - NORMAL BRAKING - Introduce new standard of BSCU due to obsolescence of components
10723 10751 10854 10878 10947 10973 11037 11048 11052 11090 11103 11111 11130 11144 1114711148 11160 11163 11212 11249 11333 11353 11361 11390 11446 11464 11506 11622 11658 11704 11843 11898 11944 11976 11999 12065 12075 12077 12115 12157 12364 12410 12431 12577 12775 12786 12828 12831 12866 12914 12935 12955 12980 12993 13005 13128 13298 13338 13345 13389 13594
1072313594
LANDING GEAR - NORMAL BRAKING - INTRODUCE MODIFIED HARDWARE BSCU
12364 12410 12431 12577 12775 12786 12828 12831 12866 12914 12935 12955 12980 12993 13005 13128 13298 13338 13345 13389 13594
1236413594
AIR CONDITIONING - VENTILATION SYSTEM FOR FWD CARGO COMPARTMENT
06009 06294 10973 11144 11249 11658
06009 06294 10973 11144 11249 11658
AIR CONDITIONING - VENTILATION SYSTEM FOR AFT CARGO COMPARTMENT
02823 02868 02999 03015 03126 03185 0320703208 03239 03257 03283 03303 03341 03350 03405 03429 03525 03539 03558 03567 03603 03654 0371803719 04629 04643 04654 04665 04682 04695 04698 04706 04755 04761 04774 04779 04788 04790 05025 05077 05083 05118 05154 05205 05254 05388 05450 05465 05490 05584 05633 05663 05667 05689 06508 06563 06599 06652 06657 06682 06709 06751 06758 06766 06781 06822 06869 06987 06990 07029 07089 07139 07146 07166 07242 07274 07299 07516 07518 08155 08257 08617 08727 08732 08740 08794 08919 08957 09000 09044 09076 09082 09095 09109 09138 09157 09326 09376 09415 09452 09496 09567 10125 10143 10222 10259 10346 10367 10375 10382 10723 10751 10854 10878 10947 11037 11048 11090 11103 1114711148 11212 11353 11464 11622 11704 11843 11898 11944 11976 11999 12065 12075 12077 12115 12157 12364 12410 12431 12577 12775 12786 12828 12831 12866 12914 12935 12955 12980 12993 13005 13128 13298 13338 13345 13389 13594
0282303350 0340503603 03654 0371803719 0462905584 0563305689 0650807518 08155 0825708732 0874008794 08919 08957 0900009044 09076 09082 0909509138 0915709326 0937609452 0949609567 10125 1014310259 1034610947 1103711048 1109011103 1114711148 11212 11353 11464 11622 1170413594
EQUIPMENT/FURNISHINGS - CURTAINS AND PARTITIONS INTRODUCE IMPROVED STRIKES FOR COCKPIT DOOR
EQUIPMENT/FURNISHING - MISC.EMERGENCY EQUIPMENT - INSTALL ELT (406AF) WITH PROG. DONGLE AND RCP IN COCKPIT - THALES
02823 02868 02999 03015 03126 03185 0320703208 03239 03257 03283 03303 03341 03350 03382 03405 03429 03525 03539 03558 03567 03603 03637 03654 03673 03688 0371803719 03738 05025
0282303738 05025
AIRBORNE AUXILIARY POWER - CHANGE STANDARD APU HONEYWELL GTCP36-300 TO APIC APS3200
02823 02868 02999 03015 03126 03185 0320703208 03239 03257 03283 03303 03341 03350 03382 03405 03429 03525 03539 03558 03567 03603 03637 03654 03673 03688 0371803719 03738 04629 04643 04654 04665 04682 04695 04698 04706 04755 04761 04774 04779 04788 04790 05025 05077 05083 05118 05154 05205 05254 05388 05450 05465 05490 05584 05604 05633 05663 05667 05689 06009 06086 06294 06508 06563 06599 06652 06657 06682 06709 06751 06758 06766 06781 06822 06869 06987 06990 07029 07089 07139 07146 07166 07242 07274 07299 07516 07518 07858 07871 08101 08906 08919 08937 08957 08967 09000 0904409045 09076 09079 09082 09091 09095 09109 09138 09155 09157 09326 09332 09358 09376 09415 09452 09467 09496 09567 10011 10125 10128 10143 10222 10259 10272 10275 10331 10346 10367 10375 10382 10723 10751 10854 10878 10947 10973 11037 11048 11052 11090 11103 11111 11130 11144 1114711148 11160 11163 11212 11249 11333 11353 11361 11390 11446 11464 11506 11622 11658 11704 11843 11898 11944 11976 11999 12065 12075 12077 12115 12157 12364 12410 12431 12577 12775 12786 12828 12831 12866 12914 12935 12955 12980 12993 13005 13128 13298 13338 13345 13389 13594
0282308101 0890613594
AIRBORNE AUXILIARY POWER - CONTROL AND MONITORING INTRODUCE HONEYWELL VECB WITH SOFTWARE -04
03382 03637 03673 03688 03738 05025 05604 06009 06086 06294 07858 07871 08101 08155 08168 08218 08257 08617 08727 08732 08737 08740 08794 08832 08896 08901 08906 08919 08937 08957 08967 09000 0904409045 09076 09079 09082 09091 09095 09109 09138 09155 09157 09326 09332 09358 09376 09415 09452 09467 09496 09567 10011 10125 10128 10143 10222 10259 10272 10275 10331 10346 10367 10375 10382 10723 10751 10854 10878 10947 10973 11037 11048 11052 11090 11103 11111 11130 11144 1114711148 11160 11163 11212 11249 11333 11353 11361 11390 11446 11464 11506 11622 11658 11704 11843 11898 11944 11976 11999 12065 12075 12077 12115 12157 12364 12410 12431 12577 12775 12786 12828 12831 12866 12914 12935 12955 12980 12993 13005 13128 13298 13338 13345 13389 13594
03382 03637 0367303688 03738 05025 05604 0600906294 0785813594
COMMUNICATION - ANTI HIJACK CAMERA MONITORING - INSTALL COCKPIT DOOR SURVEILLANCE SYSTEM DISPLAYEDON SD
03382 04629 04643 04654 04665 04682 04695 04698 04706 04755 04761 04774 04779 04788 04790 05077 05083 05118 05154 05205 05254 05388 05450 05465 05490 05584 05633 05663 05667 05689 06009 06294 06508 06563 06599 06652 06657 06682 06709 06751 06758 06766 06781 06822 06869 06987 06990 07029 07089 07139 07146 07166 07242 07274 07299 07516 07518 08155 08257 08617 08727 08732 08740 08794 08919 08957 09000 09044 09076 09082 09095 09109 09138 09157 09326 09376 09415 09452 09496 09567 10125 10143 10222 10259 10346 10367 10375 10382 10723 10751 10854 10878 10947 10973 11037 11048 11090 11103 11144 1114711148 11212 11249 11353 11390 11464 11622 11658 11704 11843 11898 11944 11976 11999 12065 12075 12077 12115 12157 12364 12410 12431 12577 12775 12786 12828 12831 12866 12914 12935 12955 12980 12993 13005 13128 13298 13338 13345 13389 13594
03382 0462904790 0507705584 0563306009 0629407518 08155 0825708732 0874008794 08919 08957 0900009044 09076 09082 0909509138 0915709326 0937609452 0949609567 10125 1014310259 1034611048 1109011103 1114411148 1121211249 11353 11390 11464 1162213594
EQUIPMENT/FURNISHINGS-MISCELLANEOUS EMERGENCY EQUIPMENT-INSTALLATION OF ELT(406AFN) WITH RCP IN COCKPIT AND NAV PROVISIONS-HONEYWELL
05604 06086 08101 08168 08218 08737 08832 08896 08901 08967 09045 09079 09091
05604 06086 08101 0816808218 08737 0883208901 08967 09045 09079 09091
COMMUNICATIONS - ANTI HIJACK CAMERA MONITORING - REPLACE HINGE FOR CDSS CONTROLLER/MONITOR
03603 03637 03654 03673 03688 0371803719 03738 05025 05604 06086 07858 07871 08101 08168 08218 08737 08832 08896 08901 08906 08937 08967 09045 09079 09091 09155 09332 09358 09467 10011 10128 10272 10275 10331 11052 11111 11130 11160 11163 11333 11361 11446 11506
0360303738 05025 05604 06086 0785808101 0816808218 08737 0883208906 08937 08967 09045 09079 09091 09155 0933209358 09467 10011 10128 1027210331 11052 1111111130 1116011163 11333 11361 11446 11506
COMMUNICATIONS - CIDS - INSTALL CIDS AND SDF OBRM SOFTWARE P/N -33A AND CAM UPDATE
04629 04643 04654 04665 04682 04695 04698 04706 04755 04761 04774 04779 04788 04790 05025 05077 05083 05118 05154 05205 05254 05388 05450 05465 05490 05584 05604 05633 05663 05667 05689 06009 06086 06294 06508 06563 06599 06652 06657 06682 06709 06751 06758 06766 06781 06822 06869 06987 06990 07029 07089 07139 07146 07166 07242 07274 07299 07516 07518 07858 07871 08101 08155 08168 08218 08257 08617 08727 08732 08737 08740 08794 08832 08896 08901 08906 08919 08937 08957 08967 09000 0904409045 09076 09079 09082 09091 09095 09109 09138 09155 09157 09326 09332 09358 09376 09415 09452 09467 09496 09567 10011 10125 10128 10143 10222 10259 10272 10275 10331 10346 10367 10375 10382 10723 10751 10854 10878 10947 10973 11037 11048 11052 11090 11103 11111 11130 11144 1114711148 11160 11163 11212 11249 11333 11353 11361 11390 11446 11464 11506 11622 11658 11704 11843 11898 11944 11976 11999 12065 12075 12077 12115 12157 12364 12410 12431 12577 12775 12786 12828 12831 12866 12914 12935 12955 12980 12993 13005 13128 13298 13338 13345 13389 13594
0462913594
COMMUNICATIONS - CIDS - INSTALL CIDS DIRECTOR P/N -333B
04629 04643 04654 04665 04682 04695 04698 04706 04755 04761 04774 04779 04788 04790 05025 05077 05083 05118 05154 05205 05254 05388 05450 05465 05490 05584 05604 05633 05663 05667 05689 06009 06086 06294 06508 06563 06599 06652 06657 06682 06709 06751 06758 06766 06781 06822 06869 06987 06990 07029 07089 07139 07146 07166 07242 07274 07299 07516 07518 07858 07871 08101 08155 08168 08218 08257 08617 08727 08732 08737 08740 08794 08832 08896 08901 08906 08919 08937 08957 08967 09000 0904409045 09076 09079 09082 09091 09095 09109 09138 09155 09157 09326 09332 09358 09376 09415 09452 09467 09496 09567 10011 10125 10128 10143 10222 10259 10272 10275 10331 10346 10367 10375 10382 10723 10751 10854 10878 10947 10973 11037 11048 11052 11090 11103 11111 11130 11144 1114711148 11160 11163 11212 11249 11333 11353 11361 11390 11446 11464 11506 11622 11658 11704 11843 11898 11944 11976 11999 12065 12075 12077 12115 12157 12364 12410 12431 12577 12775 12786 12828 12831 12866 12914 12935 12955 12980 12993 13005 13128 13298 13338 13345 13389 13594
0462913594
EQUIPMENT/FURNISHING-MISC. EMERGENCY EQUIPMENT-REPLACE REMOTE CONTROL PANEL RC500 BY RC800 - THALES
05025
05025
AIR CONDITIONING - PRESSURE CONTROL AND MONITORING - INTRODUCE MODIFIED OUTFLOW VALVE P/N 20790-20BA
06009 06086 06294 06508 06563 06599 06652 06657 06682 06709 06751 06758 06766 06781 06822 06869 06987 06990 07029 07089 07139 07146 07166 07242 07274 07299 07516 07518 07858 07871 08101 08155 08168 08218 08257 08617 08727 08732 08737 08740 08794 08832 08896 08901 08906 08919 08937 08957 08967 09000 0904409045 09076 09079 09082 09091 09095 09109 09138 09155 09157 09326 09332 09358 09376 09415 09452 09467 09496 09567 10011 10125 10128 10143 10222 10259 10272 10275 10331 10346 10367 10375 10382 10723 10751 10854 10878 10947 10973 11037 11048 11052 11090 11103 11111 11130 11144 1114711148 11160 11163 11212 11249 11333 11353 11361 11390 11446 11464 11506 11622 11658 11704 11843 11898 11944 11976 11999 12065 12075 12077 12115 12157 12364 12410 12431 12577 12775 12786 12828 12831 12866 12914 12935 12955 12980 12993 13005 13128 13298 13338 13345 13389 13594
0600913594
AIR CONDITIONING - PRESSURE CONTROL AND MONITORING - INTRODUCE MODIFIED PRESSURE CONTROLLER P/N 20791-13AD
06009 06086 06294 06508 06563 06599 06652 06657 06682 06709 06751 06758 06766 06781 06822 06869 06987 06990 07029 07089 07139 07146 07166 07242 07274 07299 07516 07518 07858 07871 08101 08155 08168 08218 08257 08617 08727 08732 08737 08740 08794 08832 08896 08901 08906 08919 08937 08957 08967 09000 0904409045 09076 09079 09082 09091 09095 09109 09138 09155 09157 09326 09332 09358 09376 09415 09452 09467 09496 09567 10011 10125 10128 10143 10222 10259 10272 10275 10331 10346 10367 10375 10382 10723 10751 10854 10878 10947 10973 11037 11048 11052 11090 11103 11111 11130 11144 1114711148 11160 11163 11212 11249 11333 11353 11361 11390 11446 11464 11506 11622 11658 11704 11843 11898 11944 11976 11999 12065 12075 12077 12115 12157 12364 12410 12431 12577 12775 12786 12828 12831 12866 12914 12935 12955 12980 12993 13005 13128 13298 13338 13345 13389 13594
0600913594
OXYGEN - CREW OXYGEN - INTRODUCE COCKPIT OXYGEN SEGREGATION FOR NEO A/C
07858 07871 08101 08155 08168 08218 08257 08617 08727 08732 08737 08740 08794 08832 08896 08901 08906 08919 08937 08957 08967 09000 0904409045 09076 09079 09082 09091 09095 09109 09138 09155 09157 09326 09332 09358 09376 09415 09452 09467 09496 09567 10011 10125 10128 10143 10222 10259 10272 10275 10331 10346 10367 10375 10382 10723 10751 10854 10878 10947 10973 11037 11048 11052 11090 11103 11111 11130 11144 1114711148 11160 11163 11212 11249 11333 11353 11361 11390 11446 11464 11506 11622 11658 11704 11843 11898 11944 11976 11999 12065 12075 12077 12115 12157 12364 12410 12431 12577 12775 12786 12828 12831 12866 12914 12935 12955 12980 12993 13005 13128 13298 13338 13345 13389 13594
0785813594
EQUIPMENT/FURNISHINGS-MISCELLANEOUS EMERGENCY EQUIPMENT-INSTALL ELT (406 AF INTEGRA) WITH PROG. DONGLE AND RCP in COCKPIT - THALES
06009 06294 07858 07871 08906 08937 09332 09358 09467 10011 10128 10272 10275 10331 11052 11111 11130 11160 11163 11333 11361 11446 11506
06009 06294 0785807871 08906 08937 0933209358 09467 10011 10128 1027210331 11052 1111111130 1116011163 11333 11361 11446 11506
AIR CONDITIONING - FLOW CONTROL AND INDICATING - Install A320 pack flow selector with three positions on A321
08155 08257 08617 08727 08732 08740 08794 08906 08919 08937 08957 09000 09044 09076 09082 09095 09109 09138 09157 09326 09376 09415 09452 09496 09567 10125 10128 10143 10222 10259 10272 10275 10331 10346 10367 10375 10382 10723 10751 10854 10878 10947 10973 11048 11144 11148 11212 11249 11353 11390 11464 11622 11658 11704 11843 11898 11944 11976 11999 12065 12075 12077 12115 12157 12364 12410 12431 12577 12775 12786 12828 12831 12866 12914 12935 12955 12980 12993 13005 13128 13298 13338 13345 13389 13594
08155 0825708732 0874008794 0890608957 0900009044 09076 09082 0909509138 0915709326 0937609452 0949609567 1012510973 11048 11144 11148 1121211249 11353 11390 11464 1162213594
AIR CONDITIONING SYSTEM POWER SUPPLY - MODIFY POWER TO FLOW CONTROL VALVE
FUSELAGE - AFT SECTION - DEFINE A321 BASIC STRUCTURE OF SECTION 16
02823 02868 02999 03015 03126 03207 03283 03350 03382 03405 03429 03525 03539 03637 03673 03688 03738 04643 04654 04682 04698 04706 04761 04779 04788 05025 05077 05083 05118 05154 05205 05254 05388 05450 05465 05490 05584 05633 05663 05667 05689 06009 06294 06508 06563 06599 06652 06657 06682 06709 06751 06758 06766 06781 06822 06869 06987 06990 07029 07089 07139 07146 07166 07242 07274 07299 07516 07518 08155 08257 08617 08727 08732 08740 08794 08906 08919 08937 08957 09000 09044 09076 09082 09095 09109 09138 09157 09326 09376 09415 09452 09496 09567 10125 10128 10143 10222 10259 10272 10275 10331 10346 10367 10375 10382 10723 10751 10854 10878 10947 10973 11048 11144 11148 11212 11249 11353 11390 11464 11622 11658 11704 11843 11898 11944 11976 11999 12065 12075 12077 12115 12157 12364 12410 12431 12577 12775 12786 12828 12831 12866 12914 12935 12955 12980 12993 13005 13128 13298 13338 13345 13389 13594
0282303126 03207 03283 0335003539 03637 0367303688 03738 0464304654 04682 0469804706 04761 0477904788 0502505584 0563306009 0629407518 08155 0825708732 0874008794 0890608957 0900009044 09076 09082 0909509138 0915709326 0937609452 0949609567 1012510973 11048 11144 11148 1121211249 11353 11390 11464 1162213594
AUXILIARY POWER UNIT - INTRODUCTION OF APIC APS-3000
02823 02868 02999 03015 03126 03185 0320703208 03239 03257 03283 03303 03341 03350 03382 03405 03429 03525 03539 03558 03567 03603 03637 03654 03673 03688 0371803719 03738 04629 04643 04654 04665 04682 04695 04698 04706 04755 04761 04774 04779 04788 04790 05025 05077 05083 05118 05154 05205 05254 05388 05450 05465 05490 05584 05604 05633 05663 05667 05689 06009 06086 06294 06508 06563 06599 06652 06657 06682 06709 06751 06758 06766 06781 06822 06869 06987 06990 07029 07089 07139 07146 07166 07242 07274 07299 07516 07518 07858 07871 08101 08906 08919 08937 08957 08967 09000 0904409045 09076 09079 09082 09091 09095 09109 09138 09155 09157 09326 09332 09358 09376 09415 09452 09467 09496 09567 10011 10125 10128 10143 10222 10259 10272 10275 10331 10346 10367 10375 10382 10723 10751 10854 10878 10947 10973 11037 11048 11052 11090 11103 11111 11130 11144 1114711148 11160 11163 11212 11249 11333 11353 11361 11390 11446 11464 11506 11622 11658 11704 11843 11898 11944 11976 11999 12065 12075 12077 12115 12157 12364 12410 12431 12577 12775 12786 12828 12831 12866 12914 12935 12955 12980 12993 13005 13128 13298 13338 13345 13389 13594
0282308101 0890613594
COMMUNICATIONS - CIDS - INTRODUCE CIDS DIRECTOR P/N Z014H010035A AND OBRM SOFTWARE P/N Z064H010035A
08155 08257 08617 08727 08732 08740 08794 08906 08919 08957 09000 09044 09076 09082 09095 09109 09138 09157 09326 09332 09358 09376 09415 09452 09467 09496 09567 10011 10125 10128 10143 10222 10259 10272 10275 10331 10346 10367 10375 10382 10723 10751 10854 10878 10947 10973 11037 11048 11052 11090 11103 11111 11130 11144 1114711148 11160 11163 11212 11249 11333 11353 11361 11390 11446 11464 11506 11622 11658 11704 11843 11898 11944 11976 11999 12065 12075 12077 12115 12157 12364 12410 12431 12577 12775 12786 12828 12831 12866 12914 12935 12955 12980 12993 13005 13128 13298 13338 13345 13389 13594
08155 0825708732 0874008794 0890608919 08957 0900009044 09076 09082 0909509138 0915713594
Information Systems - Cabin Information Network System - Install HESU for ALNA V3
10973 11144 11249 11390 11658
10973 11144 11249 11390 11658
CERTIFICATION DOCUMENTS-GENERAL CERTIFY ACT RELATED MODIFICATIONS FROM A321CEO ON A321NEO
08937
08937
FUSELAGE - REAR FUSELAGE - ADAPT STRUCTURE OF SECTION 17 TO 19 TO A319 DEFINITION
04629 04665 04695 04755 04774 04790
04629 04665 04695 04755 04774 04790
COMMUNICATIONS - CIDS - INTRODUCE CIDS OBRM SOFTWARE P/N Z064H010035B
08155 08257 08617 08727 08732 08740 08794 08906 08919 08957 09000 09044 09076 09082 09095 09109 09138 09157 09326 09332 09358 09376 09415 09452 09467 09496 09567 10011 10125 10128 10143 10222 10259 10272 10275 10331 10346 10367 10375 10382 10723 10751 10854 10878 10947 10973 11037 11048 11052 11090 11103 11111 11130 11144 1114711148 11160 11163 11212 11249 11333 11353 11361 11390 11446 11464 11506 11622 11658 11704 11843 11898 11944 11976 11999 12065 12075 12077 12115 12157 12364 12410 12431 12577 12775 12786 12828 12831 12866 12914 12935 12955 12980 12993 13005 13128 13298 13338 13345 13389 13594
08155 0825708732 0874008794 0890608919 08957 0900009044 09076 09082 0909509138 0915713594
COMMUNICATIONS - CIDS - INTRODUCE CIDS DIRECTOR P/N Z014H010035B
08155 08257 08617 08727 08732 08740 08794 08906 08919 08957 09000 09044 09076 09082 09095 09109 09138 09157 09326 09332 09358 09376 09415 09452 09467 09496 09567 10011 10125 10128 10143 10222 10259 10272 10275 10331 10346 10367 10375 10382 10723 10751 10854 10878 10947 10973 11037 11048 11052 11090 11103 11111 11130 11144 1114711148 11160 11163 11212 11249 11333 11353 11361 11390 11446 11464 11506 11622 11658 11704 11843 11898 11944 11976 11999 12065 12075 12077 12115 12157 12364 12410 12431 12577 12775 12786 12828 12831 12866 12914 12935 12955 12980 12993 13005 13128 13298 13338 13345 13389 13594
08155 0825708732 0874008794 0890608919 08957 0900009044 09076 09082 0909509138 0915713594
E/F - MISC EMERGENCY EQUIPMENT - Install ELT (406AFN2) with RCP in Cockpit - Honeywell
09155
09155
INDICATING/RECORDING SYS - CVDR / RALS - ACTIVATION of Autonomous Distress Tracking(ADT) FOR ELT-DT STAND ALONE
11464 11622 11658 11704 11843 11898 11944 11976 11999 12065 12075 12077 12115 12157 12364 12410 12431 12577 12775 12786 12828 12831 12866 12914 12935 12955 12980 12993 13005 13128 13298 13338 13345 13389 13594
11464 1162213594
AIR CONDITIONING - PRESSURE CONTROL AND MONITORING - Introduce modified Pressure Controller
10331 10346 10367 10375 10382 10723 10751 10854 10878 10947 10973 11037 11048 11052 11090 11103 11111 11130 11144 1114711148 11160 11163 11212 11249 11333 11353 11361 11390 11446 11464 11506 11622 11658 11704 11843 11898 11944 11976 11999 12065 12075 12077 12115 12157 12364 12410 12431 12577 12775 12786 12828 12831 12866 12914 12935 12955 12980 12993 13005 13128 13298 13338 13345 13389 13594
1033113594
AIR CONDITIONING - PACK TEMPERATURE CONTROL - Introduce improved Air Conditioning System Controller
12786 12828 12831 12866 12914 12935 12955 12980 12993 13005 13128 13298 13338 13345 13389 13594
1278613594
AIR CONDITIONING-PACK TEMP CONTROL-Introduce enhanced CIDS interface for ACSC and A429 Bus from ACSC to CIDS
12955 12980 12993 13005 13128 13298 13338 13345 13389 13594
1295513594
COMMUNICATIONS - CIDS - PUBLIC ADDRESS POWER SUPPLY
02823 02868 02999 03015 03126 03185 0320703208 03239 03257 03283 03303 03341 03350 03405 03429 03525 03539 03558 03567 03603 03654 0371803719 04629 04643 04654 04665 04682 04695 04698 04706 04755 04761 04774 04779 04788 04790 05025 05077 05083 05118 05154 05205 05254 05388 05450 05465 05490 05584 05633 05663 05667 05689 06009 06294 06508 06563 06599 06652 06657 06682 06709 06751 06758 06766 06781 06822 06869 06987 06990 07029 07089 07139 07146 07166 07242 07274 07299 07516 07518 08155 08257 08617 08727 08732 08740 08794 08906 08919 08937 08957 09000 09044 09076 09082 09095 09109 09138 09157 09326 09376 09415 09452 09496 09567 10125 10128 10143 10222 10259 10272 10275 10331 10346 10367 10375 10382 10723 10751 10854 10878 10947 10973 11037 11048 11090 11103 11144 1114711148 11212 11249 11353 11390 11464 11622 11658 11704 11843 11898 11944 11976 11999 12065 12075 12077 12115 12157 12364 12410 12431 12577 12775 12786 12828 12831 12866 12914 12935 12955 12980 12993 13005
0282303350 0340503603 03654 0371803719 0462905584 0563306009 0629407518 08155 0825708732 0874008794 0890608957 0900009044 09076 09082 0909509138 0915709326 0937609452 0949609567 1012511048 1109011103 1114411148 1121211249 11353 11390 11464 1162213005
COMMUNICATIONS - CIDS - INSTALL CIDS DIRECTOR P/N Z014H010035C
10947 11148 11212 11353 11464 11622 11658 11704 11843 11898 11944 11976 11999 12065 12075 12077 12115 12157 12364 12410 12431 12577 12775 12786 12828 12831 12866 12914 12935 12955 12980 12993 13005 13128 13298 13338 13345 13389 13594
10947 11148 11212 11353 11464 1162213594
COMMUNICATIONS - CIDS - MODIFICATION OF DIRECTOR POWER SUPPLY PRINCIPLE
03185 03208 03239 03257 03303 03341 03558 03567 03603 03654 0371803719 04629 04665 04695 04755 04774 04790 05604 06086 07858 07871 08101 08168 08218 08737 08832 08896 08901 08967 09045 09079 09091 09155 09332 09358 09467 10011 11037 11052 11090 11103 11111 11130 11147 11160 11163 11333 11361 11446 11506
03185 0320803257 0330303341 0355803603 03654 0371803719 04629 04665 04695 04755 04774 04790 05604 06086 0785808101 0816808218 08737 0883208901 08967 09045 09079 09091 09155 0933209358 09467 10011 11037 1105211130 11147 1116011163 11333 11361 11446 11506
AIR CONDITIONIN -COCKPIT AND CABIN TEMPERATURE CONTROL-INTRODUCE MODIFIED TEMPERATURE SENSOR -02 ON MIXER UNIT
INTRODUCTION OF NEW ALLIED SIGNAL APU GTCP 131-9 (A)
03382 03637 03673 03688 03738 05025 05604 06009 06086 06294 07858 07871 08101 08155 08168 08218 08257 08617 08727 08732 08737 08740 08794 08832 08896 08901 08906 08919 08937 08957 08967 09000 0904409045 09076 09079 09082 09091 09095 09109 09138 09155 09157 09326 09332 09358 09376 09415 09452 09467 09496 09567 10011 10125 10128 10143 10222 10259 10272 10275 10331 10346 10367 10375 10382 10723 10751 10854 10878 10947 10973 11037 11048 11052 11090 11103 11111 11130 11144 1114711148 11160 11163 11212 11249 11333 11353 11361 11390 11446 11464 11506 11622 11658 11704 11843 11898 11944 11976 11999 12065 12075 12077 12115 12157 12364 12410 12431 12577 12775 12786 12828 12831 12866 12914 12935 12955 12980 12993 13005 13128 13298 13338 13345 13389 13594
03382 03637 0367303688 03738 05025 05604 0600906294 0785813594
AIR CONDITIONING - PACK TEMPERATURE CONTROL - INTRODUCE IMPROVED PACK TEMPERATURE CONTROLLER
OXYGEN - PASSENGER OXYGEN - INTRODUCE CHEMICAL OXYGEN CONTAINER (15MIN) WITH IMPROVED ACTUATOR (VENDOR PURITAN)
AIR CONDITIONING-PACK TEMPERATURE CONTROL- INTRODUCE MODIFIED PACK TEMPERATURE CONTROLLER
GENERAL - DESIGN WEIGHTS - INCREASE A321-200 DESIGN WEIGHTS TO 77,8T MLW AND 73,8T MZFW
02823 02868 02999 03015 03126 03207 03283 03350 03405 03429 03525 03539 03637 03673 03688 03738 04643 04654 04682 04698 04706 04761 04779 04788 05077 05083 05118 05154 05205 05254 05388 05450 05465 05490 05584 05633 05663 05667 05689 06508 06563 06599 06652 06657 06682 06709 06751 06758 06766 06781 06822 06869 06987 06990 07029 07089 07139 07146 07166 07242 07274 07299 07516 07518
0282303126 03207 03283 03350 0340503539 03637 0367303688 03738 0464304654 04682 0469804706 04761 0477904788 0507705584 0563305689 0650807518
AIR CONDITIONING_AIR COOLING INSTALL A NEW ECS
GENERAL - DESIGN WEIGHTS - INCEASE A321-200 DESIGNWEIGHTS TO 93,0T MTOW, 77,8T MLW AND 73,8T MZFW (W.V.001)
05025
05025
COMMUNICATIONSAUDIO AND VIDEO MONITORING INSTALL A COCKPIT DOOR SURVEILLANCE SYSTEM
02823 02868 02999 03015 03126 03185 0320703208 03239 03257 03283 03303 03341 03350 03405 03429 03525 03539 03558 03567 03603 03637 03654 03673 03688 0371803719 03738 05025 05604 06086 07858 07871 08101 08168 08218 08737 08832 08896 08901 08906 08937 08967 09045 09079 09091 09155 09332 09358 09467 10011 10128 10272 10275 10331 11052 11111 11130 11160 11163 11333 11361 11446 11506
0282303350 0340503738 05025 05604 06086 0785808101 0816808218 08737 0883208906 08937 08967 09045 09079 09091 09155 0933209358 09467 10011 10128 1027210331 11052 1111111130 1116011163 11333 11361 11446 11506
DOORS PASSENGER COMPARTMENT FIXED PARTITIONS INTERIOR DOOR-ELECTRICAL COCKPIT DOOR RELEASE SYSTEM
DOORS- COCKPIT DOOR RELEASE SYSTEM ELECTRICAL OVERRIDE SYSTEM
02823 02868 02999 03015 03126 03185 0320703208 03239 03257 03283 03303 03341 03350 03405 03429 03525 03539 03558 03567 03603 03654 0371803719 04629 04643 04654 04665 04682 04695 04698 04706 04755 04761 04774 04779 04788 04790 05077 05083 05118 05154 05205 05254 05388 05450 05465 05490 05584 05633 05663 05667 05689 06508 06563 06599 06652 06657 06682 06709 06751 06758 06766 06781 06822 06869 06987 06990 07029 07089 07139 07146 07166 07242 07274 07299 07516 07518 08155 08257 08617 08727 08732 08740 08794 08919 08957 09000 09044 09076 09082 09095 09109 09138 09157 09326 09376 09415 09452 09496 09567 10125 10143 10222 10259 10346 10367 10375 10382 10723 10751 10854 10878 10947 11048 11148 11212 11353 11464 11622 11704 11843 11898 11944 11976 11999 12065 12075 12077 12115 12157 12364 12410 12431 12577 12775 12786 12828 12831 12866 12914 12935 12955 12980 12993 13005 13128 13298 13338 13345 13389 13594
0282303350 0340503603 03654 0371803719 0462904790 0507705584 0563305689 0650807518 08155 0825708732 0874008794 08919 08957 0900009044 09076 09082 0909509138 0915709326 0937609452 0949609567 10125 1014310259 1034610947 11048 11148 11212 11353 11464 11622 1170413594
COMMUNICATIONS CABIN INTERCOMMUNICATION MODIFY CABIN INTERCOMMUNICATION DATA SYSTEM ON A319
COMMUNICATIONS-PASSENGER ADDRESS EMERGENCY POWER SIMPLIFICATION
02823 02868 02999 03015 03126 03185 0320703208 03239 03257 03283 03303 03341 03350 03405 03429 03525 03539 03558 03567 03603 03654 0371803719 04629 04643 04654 04665 04682 04695 04698 04706 04755 04761 04774 04779 04788 04790 05025 05077 05083 05118 05154 05205 05254 05388 05450 05465 05490 05584 05633 05663 05667 05689 06009 06294 06508 06563 06599 06652 06657 06682 06709 06751 06758 06766 06781 06822 06869 06987 06990 07029 07089 07139 07146 07166 07242 07274 07299 07516 07518 08155 08257 08617 08727 08732 08740 08794 08906 08919 08937 08957 09000 09044 09076 09082 09095 09109 09138 09157 09326 09376 09415 09452 09496 09567 10125 10128 10143 10222 10259 10272 10275 10331 10346 10367 10375 10382 10723 10751 10854 10878 10947 10973 11037 11048 11090 11103 11144 1114711148 11212 11249 11353 11390 11464 11622 11658 11704 11843 11898 11944 11976 11999 12065 12075 12077 12115 12157 12364 12410 12431 12577 12775 12786 12828 12831 12866 12914 12935 12955 12980 12993 13005
0282303350 0340503603 03654 0371803719 0462905584 0563306009 0629407518 08155 0825708732 0874008794 0890608957 0900009044 09076 09082 0909509138 0915709326 0937609452 0949609567 1012511048 1109011103 1114411148 1121211249 11353 11390 11464 1162213005
EQUIPMENT/FURNISHINGS - MISCELLANEOUS EMER EQPT INSTALL AN ELT (406AF) WITH RCP IN COCKPIT BASED ON ENHANCED PROVISIONS - ELTA
04629 04643 04654 04665 04682 04695 04698 04706 04755 04761 04774 04779 04788 04790 05077 05083 05118 05154 05205 05254 05388 05450 05465 05490 05584 05633 05663 05667 05689 06508 06563 06599 06652 06657 06682 06709 06751 06758 06766 06781 06822 06869 06987 06990 07029 07089 07139 07146 07166 07242 07274 07299 07516 07518 08155 08257 08617 08727 08732 08740 08794 08919 08957 09000 09044 09076 09082 09095 09109 09138 09157 09326 09376 09415 09452 09496 09567 10125 10143 10222 10259 10346 10367 10375 10382 10723 10751 10854 10878 10947 10973 11037 11048 11090 11103 11144 1114711148 11212 11249 11353 11390
0462904790 0507705584 0563305689 0650807518 08155 0825708732 0874008794 08919 08957 0900009044 09076 09082 0909509138 0915709326 0937609452 0949609567 10125 1014310259 1034611048 1109011103 1114411148 1121211249 11353 11390
COMMUNICATIONS - ANTI HIJACK CAMERA MONITORING REPLACE HINGE ASSEMBLY FOR CDSS LCD/SYSTEM CONTROLLER
02823 02868 02999 03015 03126 03185 0320703208 03239 03257 03283 03303 03341 03350 03405 03429 03525 03539 03558 03567 03603 03637 03654 03673 03688 0371803719 03738 05025 05604 06086 07858 07871 08101 08168 08218 08737 08832 08896 08901 08906 08937 08967 09045 09079 09091 09155 09332 09358 09467 10011 10128 10272 10275 10331 11052 11111 11130 11160 11163 11333 11361 11446 11506
0282303350 0340503738 05025 05604 06086 0785808101 0816808218 08737 0883208906 08937 08967 09045 09079 09091 09155 0933209358 09467 10011 10128 1027210331 11052 1111111130 1116011163 11333 11361 11446 11506
AIR CONDITIONING - PACK TEMPERATURE CONTROL IMPROVED AIR CONDITIONING SYSTEM CONTROLLER P/N 1803B0000-01
BASIC AIRCRAFT DEFINITION - ELECTRICS
OXYGEN-FLIGHT CREW OXYGEN STORAGE-INSTALLATION OF A 115 CU/FT (STEEL) OXYGEN CYLINDER
02823 02868 02999 03015 03126 03185 0320703208 03239 03257 03283 03303 03341 03350 03382 03405 03429 03525 03539 03558 03567 03603 03654 0371803719
0282303603 03654 0371803719
ELECTRICAL GENERATION-PUBLIC ADDRESS SWITCHING BY P/B ON HOT BUS BUSBAR
02823 02868 02999 03015 03126 03185 0320703208 03239 03257 03283 03303 03341 03350 03405 03429 03525 03539 03558 03567 03603 03654 0371803719 04629 04643 04654 04665 04682 04695 04698 04706 04755 04761 04774 04779 04788 04790 05025 05077 05083 05118 05154 05205 05254 05388 05450 05465 05490 05584 05633 05663 05667 05689 06009 06294 06508 06563 06599 06652 06657 06682 06709 06751 06758 06766 06781 06822 06869 06987 06990 07029 07089 07139 07146 07166 07242 07274 07299 07516 07518 08155 08257 08617 08727 08732 08740 08794 08906 08919 08937 08957 09000 09044 09076 09082 09095 09109 09138 09157 09326 09376 09415 09452 09496 09567 10125 10128 10143 10222 10259 10272 10275 10331 10346 10367 10375 10382 10723 10751 10854 10878 10947 10973 11037 11048 11090 11103 11144 1114711148 11212 11249 11353 11390 11464 11622 11658 11704 11843 11898 11944 11976 11999 12065 12075 12077 12115 12157 12364 12410 12431 12577 12775 12786 12828 12831 12866 12914 12935 12955 12980 12993 13005
0282303350 0340503603 03654 0371803719 0462905584 0563306009 0629407518 08155 0825708732 0874008794 0890608957 0900009044 09076 09082 0909509138 0915709326 0937609452 0949609567 1012511048 1109011103 1114411148 1121211249 11353 11390 11464 1162213005
NAVIGATION-USE OF THE QFE BARO SETTING
06009 06294 08906 08937 10128 10272 10275 10331 10973 11037 11090 11103 11144 11147 11249 11390 11658
06009 06294 08906 08937 10128 1027210331 1097311037 1109011103 1114411147 11249 11390 11658
INSTRUMENTS-USE OF US UNITS IN PLACE OF METRIC UNITS
06009 06294
06009 06294
NAVIGATION - MMR - INSTALL COLLINS MMR STANDARD P/N 822-1152-122
NAVIGATION - SENSORS, POWER SUPPLY AND SWITCHING -INSTALL THALES ANGLE OF ATTACK SENSORS P/N C16291AB
03382 03637 03673 03688 03738 04629 04643 04654 04665 04682 04695 04698 04706 04755 04761 04774 04779 04788 04790 05025 05077 05083 05118 05154 05205 05254 05388 05450 05465 05490 05584 05604 05633 05663 05667 05689 06009 06086 06294 06508 06563 06599 06652 06657 06682 06709 06751 06758 06766 06781 06822 06869 06987 06990 07029 07089 07139 07146 07166 07242 07274 07299 07516 07518 07858 07871 08101 08155 08168 08218 08257 08617 08727 08732 08737 08740 08794 08832 08896 08901 08906 08919 08937 08957 08967 09000 0904409045 09076 09079 09082 09091 09095 09109 09138 09155 09157 09326 09332 09358 09376 09415 09452 09467 09496 09567 10011 10125 10128 10143 10222 10259 10272 10275 10331 10346 10367 10375 10382 10723 10751 10854 10878 10947 10973 11037 11048 11052 11090 11103 11111 11130 11144 1114711148 11160 11163 11212 11249 11333 11353 11361 11390 11446 11464 11506 11622 11658 11704 11843 11898 11944 11976 11999 12065 12075 12077 12115 12157 12364 12410 12431 12577 12775 12786 12828 12831 12866 12914 12935 12955 12980 12993 13005 13128 13298 13338 13345 13389 13594
03382 03637 0367303688 0373813594
LIGHTS - INSTRUMENT & PANEL INTEGRAL LIGHTING ENSURE EMERGENCY LIGHTING FOR STAND-BY INSTRUMENTS (WITH ISIS PROV)
02823 02868 02999 03015 03126 03208 03239 03257 03283 03303 03341 03350 03405 03429 03525 03539 03558 03567 03603 03654 0371803719
0282303126 0320803350 0340503603 03654 0371803719
LIGHTS - INSTRUMENT & PANEL INTEGRAL LIGHTING - ENSURE EMERGENCY LIGHTING FOR STAND-BY INSTRUMENTS (WITHOUT ISIS PROV)
02823 02868 02999 03015 03126 03185 03207
0282303207
NAVIGATION - RADIO MAGNETIC INFORMATION SWITCHING AND INDICATING : RE-INSTALL THALES DDRMI VOR/DME INDICATORS (ANTI-MOD 33503)
03208 03239 03257 03283 03303 03341 03350 03405 03429 03525 03539 03558 03567 03603 03637 03654 03673 03688 0371803719 03738 04629 04643 04654 04665 04682 04695 04698 04706 04755 04761 04774 04779 04788 04790 05077 05083 05118 05154 05205 05254 05388 05450 05465 05490 05584 05633 05663 05667 05689
0320803350 0340504790 0507705584 0563305689
INDICATING/RECORDING SYSTEMS FLIGHT WARNING COMPUTER (FWC) INSTALL FWC STANDARD H2-F5
MAP VALID FOR ALL A/C WITH AN EMBODIMENT STARTING AT A/C 13
FLIGHT CONTROL - ELAC SYSTEM - INTRODUCE ELAC "L93" SOFTWARE STANDARD
FLIGHT CONTROL - ELAC - ACTIVATE HIGH ALTITUDE UPSETS VMO/MMO OVERSHOOT PROTECTION FUNCTION ON ELAC
NAVIGATION - GENERAL - MODIFY FLIGHT MANUAL TO EXTEND RNP SAAAR RNAV CAPABILITY (STEP 2+)
04629 04643 04654 04665 04682 04695 04698 04706 04755 04761 04774 04779 04788 04790 05077 05083 05118 05154 05205 05254 05388 05450 05465 05490 05584 05633 05663 05667 05689 06009 06508 06563 06599 06652 06657 06682 06709 06751 06758 06766 06781 06822 06869 06987 06990 07029 07089 07139 07146 07166 07242 07274 07299 07516 07518
0462904790 0507705584 0563306009 0650807518
AUTO-FLIGHT - FMGC ACTIVATE "MOD NAV IN GO AROUND" ON FMGC
02823 02868 02999 03015 03126 03185 0320703208 03239 03257 03283 03303 03341 03350 03382 03429 04629 04643 04654 04665 04682 04695 04698 04706 04755 04761 04774 04779 04788 04790 05025 05077 05083 05118 05154 05205 05254 05388 05450 05465 05490 05584 05604 05633 05663 05667 05689 06009 06086 06294 06508 06563 06599 06652 06657 06682 06709 06751 06758 06766 06781 06822 06869 06987 06990 07029 07089 07139 07146 07166 07242 07274 07299 07516 07518 07858 07871 08101 08155 08168 08218 08257 08617 08727 08732 08737 08740 08794 08832 08896 08901 08906 08919 08937 08957 08967 09000 0904409045 09076 09079 09082 09091 09095 09109 09138 09155 09157 09326 09332 09358 09376 09415 09452 09467 09496 09567 10011 10125 10128 10143 10222 10259 10272 10275 10331 10346 10367 10375 10382 10723 10751 10854 10878 10947 10973 11037 11048 11052 11090 11103 11111 11130 11144 1114711148 11160 11163 11212 11249 11333 11353 11361 11390 11446 11464 11506 11622 11658 11704 11843 11898 11944 11976 11999 12065 12075 12077 12115 12157 12364 12410 12431 12577 12775 12786 12828 12831 12866 12914 12935 12955 12980 12993 13005 13128 13298 13338 13345 13389 13594
0282303382 03429 0462913594
AUTO FLIGHT - ON IAE & PW A/C INSTALL FMGC HWL H2I11 (RELEASE 1A) ON IAE & PW A/C
02823 02868 02999 03015 03126 03185 0320703208 03239 03257 03283 03303 03341 03350 03405 03429 03525 03539 03558 03567 03603 03637 03654 03673 03688 0371803719 03738 04629 04643 04654 04665 04682 04695 04698 04706 04755 04761 04774 04779 04788 04790 05025 05077 05083 05118 05154 05205 05254 05388 05450 05465 05490 05584 05604 05633 05663 05667 05689 06009 06086 06294 06508 06563 06599 06652 06657 06682 06709 06751 06758 06766 06781 06822 06869 06987 06990 07029 07089 07139 07146 07166 07242 07274 07299 07516 07518 07858 07871 08101 08155 08168 08218 08257 08617 08727 08732 08737 08740 08794 08832 08896 08901 08906 08919 08937 08957 08967 09000 0904409045 09076 09079 09082 09091 09095 09109 09138 09155 09157 09326 09332 09358 09376 09415 09452 09467 09496 09567 10011 10125 10128 10143 10222 10259 10272 10275 10331 10346 10367 10375 10382 10723 10751 10854 10878 10947 10973 11037 11048 11052 11090 11103 11111 11130 11144 1114711148 11160 11163 11212 11249 11333 11353 11361 11390 11446 11464 11506 11622 11658 11704 11843 11898 11944 11976 11999 12065 12075 12077 12115 12157 12364 12410 12431 12577 12775 12786 12828 12831 12866 12914 12935 12955 12980 12993 13005 13128 13298 13338 13345 13389 13594
0282303350 0340513594
AUTO-FLIGHT - FMGC INSTALL FMGC THALES S5I11 (RELEASE 1A) ON IAE & PW A/C
03382 05025 06009 06294 07858 07871 08906 08937 09332 09358 09467 10011 10128 10272 10275 10331 10973 11037 11052 11090 11103 11111 11130 11144 11147 11160 11163 11249 11333 11361 11390 11446 11506 11658
03382 05025 06009 06294 0785807871 08906 08937 0933209358 09467 10011 10128 1027210331 1097311037 1105211147 1116011163 1124911333 1136111446 11506 11658
LANDING GEAR NORMAL BRAKING INSTALL BSCU SOFTWARE STD "L4.9 B"(EM2)
NAVIGATION - T3CAS - INSTALL T3CAS COMPUTER WITH TRANSPONDER FUNCTION INACTIVE
06009 06294 06508 06563 06599 06652 06657 06682 06709 06751 06758 06766 06781 06822 06869 06987 06990 07029 07089 07139 07146 07166 07242 07274 07299 07516 07518 07858 07871 08101 08155 08168 08218 08257 08617 08727 08732 08737 08740 08794 08832 08896 08901 08906 08919 08937 08957 08967 09000 0904409045 09076 09079 09082 09091 09095 09109 09138 09155 09157 09326 09332 09358 09376 09415 09452 09467 09496 09567 10011 10125 10128 10143 10222 10259 10272 10275 10331 10346 10367 10375 10382 10723 10751 10854 10878 10947 10973 11037 11048 11052 11090 11103 11111 11130 11144 1114711148 11160 11163 11212 11249 11333 11353 11361 11390 11446 11464 11506 11622 11658 11704 11843 11898 11944 11976 11999 12065 12075 12077 12115 12157 12364 12410 12431 12577 12775 12786 12828 12831 12866 12914 12935 12955 12980 12993 13005 13128 13298 13338 13345 13389 13594
06009 0629413594
NAVIGATION - RADIO ALTIMETER - INSTALL ROCKWELL COLLINS DIGITAL RADIO ALTIMETER LRA2100
08906 08937 10128 10272 10275 10331 11976 12065 12075 12115 12157 12364 12410 12431 12577 12775 12786 12828 12831 12866 12914 12935 12955 12980 12993 13005 13128 13298 13338 13345 13389 13594
08906 08937 10128 1027210331 11976 1206512075 1211513594
INFORMATION SYSTEMS - FLIGHT OPERATION PERIPHERALS - INSTALL AND ACTIVATE EFB CLASS II HOSTING PLATFORM
06009 06294
06009 06294
ENGINE INDICATING - GENERAL - INTRODUCE NEW ARLON TRIM BALANCE PROBE ON IAE V2500 ENGINES - CNF IAE 400 -
04629 04643 04654 04665 04682 04695 04698 04706 04755 04761 04774 04779 04788 04790 05025 05077 05083 05118 05154 05205 05254 05388 05450 05465 05490 05584 05604 05633 05663 05667 05689 06009 06086 06294 06508 06563 06599 06652 06657 06682 06709 06751 06758 06766 06781 06822 06869 06987 06990 07029 07089 07139 07146 07166 07242 07274 07299 07516 07518
0462907518
AUTO FLIGHT - AUTOPILOT/FLIGHT DIRECTOR (AP/FD)- ACTIVATE AP/FD TCAS FUNCTION
06508 06563 06599 06652 06657 06682 06709 06751 06758 06766 06781 06822 06869 06987 06990 07029 07089 07139 07146 07166 07242 07274 07299 07516 07518 07858 07871 08101 08155 08168 08218 08257 08617 08727 08732 08737 08740 08794 08832 08896 08901 08906 08919 08937 08957 08967 09000 0904409045 09076 09079 09082 09091 09095 09109 09138 09155 09157 09326 09332 09358 09376 09415 09452 09467 09496 09567 10011 10125 10128 10143 10222 10259 10272 10275 10331 10346 10367 10375 10382 10723 10751 10854 10878 10947 10973 11037 11048 11052 11090 11103 11111 11130 11144 1114711148 11160 11163 11212 11249 11333 11353 11361 11390 11446 11464 11506 11622 11658 11704 11843 11898 11944 11976 11999 12065 12075 12077 12115 12157 12364 12410 12431 12577 12775 12786 12828 12831 12866 12914 12935 12955 12980 12993 13005 13128 13298 13338 13345 13389 13594
0650813594
NAVIGATION - TRAFFIC AND TERRAIN INTEGRATED SURVEILLANCE (T/TISS) ACTIVATE XPDR FUNCTION ON T3CAS
06009 06294 06508 06563 06599 06652 06657 06682 06709 06751 06758 06766 06781 06822 06869 06987 06990 07029 07089 07139 07146 07166 07242 07274 07299 07516 07518 07858 07871 08101 08155 08168 08218 08257 08617 08727 08732 08737 08740 08794 08832 08896 08901 08906 08919 08937 08957 08967 09000 0904409045 09076 09079 09082 09091 09095 09109 09138 09155 09157 09326 09332 09358 09376 09415 09452 09467 09496 09567 10011 10125 10128 10143 10222 10259 10272 10275 10331 10346 10367 10375 10382 10723 10751 10854 10878 10947 10973 11037 11048 11052 11090 11103 11111 11130 11144 1114711148 11160 11163 11212 11249 11333 11353 11361 11390 11446 11464 11506 11622 11658 11704 11843 11898 11944 11976 11999 12065 12075 12077 12115 12157 12364 12410 12431 12577 12775 12786 12828 12831 12866 12914 12935 12955 12980 12993 13005 13128 13298 13338 13345 13389 13594
06009 0629413594
NAVIGATION - GENERAL - CERTIFY RNP AR CAPABALITY (STEP 3) ON A319 AIRCRAFT.
04629 04665 04695 04755 04774 04790
04629 04665 04695 04755 04774 04790
NAVIGATION - GENERAL - CERTIFY RNP AR CAPABILITY (STEP 3) ON A321 AIRCRAFT
04643 04654 04682 04698 04706 04761 04779 04788 05077 05083 05118 05154 05205 05254 05388 05450 05465 05490 05584 05633 05663 05667 05689 06009 06508 06563 06599 06652 06657 06682 06709 06751 06758 06766 06781 06822 06869 06987 06990 07029 07089 07139 07146 07166 07242 07274 07299 07516 07518
0464304654 04682 0469804706 04761 0477904788 0507705584 0563306009 0650807518
INDICATING/RECORDING SYSTEMS - EIS - INSTALL ENHANCED DU INSTEAD OF EIS2 LCDU
05490 05584 05604 05633 05663 05667 05689 06009 06086 06294 06508 06563 06599 06652 06657 06682 06709 06751 06758 06766 06781 06822 06869 06987 06990 07029 07089 07139 07146 07166 07242 07274 07299 07516 07518 07858 07871 08101 08155 08168 08218 08257 08617 08727 08732 08737 08740 08794 08832 08896 08901 08906 08919 08937 08957 08967 09000 0904409045 09076 09079 09082 09091 09095 09109 09138 09155 09157 09326 09332 09358 09376 09415 09452 09467 09496 09567 10011 10125 10128 10143 10222 10259 10272 10275 10331 10346 10367 10375 10382 10723 10751 10854 10878 10947 10973 11037 11048 11052 11090 11103 11111 11130 11144 1114711148 11160 11163 11212 11249 11333 11353 11361 11390 11446 11464 11506 11622 11658 11704 11843 11898 11944 11976 11999 12065 12075 12077 12115 12157 12364 12410 12431 12577 12775 12786 12828 12831 12866 12914 12935 12955 12980 12993 13005 13128 13298 13338 13345 13389 13594
0549013594
NAVIGATION - WEATHER RADAR SYSTEM - INSTALL SINGLE WEATHER RADAR RDR 4000 HONEYWELL
08617 08727 08732 08737 08740 08794 08832 08896 08901 08906 08919 08937 08957 08967 09000 0904409045 09076 09079 09082 09091 09095 09109 09138 09155 09157 09326 09332 09358 09376 09415 09452 09467 09496 09567 10011 10125 10128 10143 10222 10259 10272 10275 10331 10346 10367 10375 10382 10723 10751 10854 10878 10947 10973 11037 11048 11052 11090 11103 11111 11130 11144 1114711148 11160 11163 11212 11249 11333 11353 11361 11390 11446 11464 11506 11622 11658 11704 11843 11898 11944 11976 11999 12065 12075 12077 12115 12157 12364 12410 12431 12577 12775 12786 12828 12831 12866 12914 12935 12955 12980 12993 13005 13128 13298 13338 13345 13389 13594
0861713594
INDICATING/RECORDING SYSTEMS - FLIGHT WARNING COMPUTER (FWC) INSTALL FWC STANDARD H2-F6
RFC FIN091010D4610 - SA - INFORMATION SYSTEM - UPGRADE ATSU WITH FANS B+ APPLICATION
02823 02868 02999 03015 03126 03185 0320703208 03239 03257 03283 03303 03341 03350 03382 03405 03429 03525 03539 03558 03567 03603 03637 03654 03673 03688 0371803719 03738 04629 04643 04654 04665 04682 04695 04698 04706 04755 04761 04774 04779 04788 04790 05077 05083 05118 05154 05205 05254 05388 05450 05465 05490 05584 05604 05633 05663 05667 05689 06009 06086 06294 06508 06563 06599 07871 10128 10272 10275 10331
0282304790 0507706599 07871 10128 1027210331
AUTO - FLIGHT FMGC: ACTIVATE NO AP DISCONNECTION BELOW MDA/MDH UNTIL MISSED APPROACH POINT
AUTO FLIGHT - FMGC HONEYWELL RE-INSTALL FMGC IAE/PW MOD 31897 (ANTI-MOD 38779)
05025 06009 06294 07858 07871 08906 08937 09332 09358 09467 10011 10128 10272 10275 10331 10973 11037 11052 11090 11103 11111 11130 11144 11147 11160 11163 11249 11333 11361 11390 11446 11506 11658
05025 06009 06294 0785807871 08906 08937 0933209358 09467 10011 10128 1027210331 1097311037 1105211147 1116011163 1124911333 1136111446 11506 11658
AUTOFLIGHT - FMGC INSTALL FMS THALES RELEASE 1A S6 (WITH FG I11) ON IAE & PW A/C
03382 05025 06009 06294 07858 07871 08906 08937 09332 09358 09467 10011 10128 10272 10275 10331 10973 11037 11052 11090 11103 11111 11130 11144 11147 11160 11163 11249 11333 11361 11390 11446 11506 11658
03382 05025 06009 06294 0785807871 08906 08937 0933209358 09467 10011 10128 1027210331 1097311037 1105211147 1116011163 1124911333 1136111446 11506 11658
FLIGHT CONTROLS - ELEVATOR AILERON COMPUTER SYSTEM - INSTALL ELAC B L96 (SHARKLET PROJECT)
02823 02868 02999 03015 03126 03185 0320703208 03239 03257 03283 03303 03341 03350 03382 03405 03429 03525 03539 03558 03567 03603 03637 03654 03673 03688 0371803719 03738 05450 05465 05490 05584 05604 05633 05663 05667 05689 06009 06086 06294 06508 06563 06599 06652 06657 06682 06709 06751 06758 06766 06781 06822 06869 06987 06990 07029 07089 07139 07146 07166 07242 07274 07299 07516 07518 07858 07871 08101 08155 08168 08218 08257 08617 08727 08732 08737 08740 08794 08832 08896 08901 08906 08919 08937 08957 08967 09000 0904409045 09076 09079 09082 09091 09095 09109 09138 09155 09157 09326 09332 09358 09376 09415 09452 09467 09496 09567 10011 10125 10128 10143 10222 10259 10272 10275 10331 10346 10367 10375 10382 10723 10751 10854 10878 10947 10973 11037 11048 11052 11090 11103 11111 11130 11144 1114711148 11160 11163 11212 11249 11333 11353 11361 11390 11446 11464 11506 11622 11658 11704 11843 11898 11944 11976 11999 12065 12075 12077 12115 12157 12364 12410 12431 12577 12775 12786 12828 12831 12866 12914 12935 12955 12980 12993 13005 13128 13298 13338 13345 13389 13594
0282303738 0545013594
NAVIGATION - WEATHER RADAR SYSTEM - INSTALL COLLINS MANUAL WXR-700X (-120) AND DEACT. PWS FUNCTION (ANTI MOD 26270)
05077 05083 05118 05154 05205 05254 05388 05450 05465 05490 05584 05604 05633 05663 05667 05689 06009 06086 06294 08617 08727 08732 08737 08740 08794 08832 08896 08901 08906 08919 08937 08957 08967 09000 0904409045 09076 09079 09082 09091 09095 09109 09138 09155 09157 09326 09332 09358 09376 09415 09452 09467 09496 09567 10011 10125 10128 10143 10222 10259 10272 10275 10331 10346 10367 10375 10382 10723 10751 10854 10878 10947 10973 11037 11048 11052 11090 11103 11111 11130 11144 1114711148 11160 11163 11212 11249 11333 11353 11361 11390 11446 11464 11506 11622 11658 11704 11843 11898 11944 11976 11999 12065 12075 12077 12115 12157 12364 12410 12431 12577 12775 12786 12828 12831 12866 12914 12935 12955 12980 12993 13005 13128 13298 13338 13345 13389 13594
0507706294 0861713594
NAVIGATION - GENERAL - INSTALL A NEW CONIC PLATE FOR AOA (ANGLE OF ATTACK SENSOR) GOODRICH 0861ED AND OLD AOA THALES 45150320
05077 05083 05118 05154 05205 05254 05388
0507705388
INFORMATION SYSTEMS - FLIGHT OPERATION PERIPHERALS POWER 1ST OFFICER EFB CLASS II WITH 802PP BUS BAR
06009 06294
06009 06294
NAVIGATION - GENERAL - INSTALL A NEW CONIC PLATE FOR NEW AOA (ANGLE OF ATTACK) THALES C16291XX
05077 05083 05118 05154 05205 05254 05388
0507705388
INFORMATION SYSTEM - ATIMS - Install Software-ATSU ATC FANS A+ Applications (CPDLC, AFN, ADS-C, ATC HMI) Capable Datalink Recording
06009 06294
06009 06294
INDICATING RECORDING SYSTEMS - FWC - Introduce FWC Standard H2-F7
INFORMATION SYSTEMS - ATIMS - Install Software ATSU ATC FANS B+ Applications Datalink Recording and A623 OCL capable
06508 06563 06599
0650806599
NAVIGATION - MMR - RE-INSTALL MMR COLLINS -121 (ANTI-MOD DUE TO MMR GLU-925 STANDARDIZATION) IN ORDER TO COME BACK TO HONEYWELL MMR
05604 06086 11622 11658 11704 11843 11898 11944 11976 11999 12065 12075 12077 12115 12157 12364 12410 12431 12577 12775 12786 12828 12831 12866 12914 12935 12955 12980 12993 13005 13128 13298 13338 13345 13389 13594
05604 06086 1162213594
AUTO FLIGHT - FMGC - INTRODUCE FMS HONEYWELL PEGASUS II ASSOCIATED WITH FG 3G PI12
06294 06508 06563 06599 06652 06657 06682 06709 06751 06758 06766 06781 06822 06869 06987 06990 07029 07089 07139 07146 07166 07242 07274 07299 07516 07518 07858 07871 08101 08155 08168 08218 08257 08617 08727 08732 08737 08740 08794 08832 08896 08901 08906 08919 08937 08957 08967 09000 0904409045 09076 09079 09082 09091 09095 09109 09138 09155 09157 09326 09332 09358 09376 09415 09452 09467 09496 09567 10011 10125 10128 10143 10222 10259 10272 10275 10331 10346 10367 10375 10382 10723 10751 10854 10878 10947 10973 11037 11048 11052 11090 11103 11111 11130 11144 1114711148 11160 11163 11212 11249 11333 11353 11361 11390 11446 11464 11506 11622 11658 11704 11843 11898 11944 11976 11999 12065 12075 12077 12115 12157 12364 12410 12431 12577 12775 12786 12828 12831 12866 12914 12935 12955 12980 12993 13005 13128 13298 13338 13345 13389 13594
0629413594
AUTO FLIGHT - FLIGHT MANAGEMENT AND GUIDANCE COMPUTER (FMGC) - INSTALL FMGC S7API13 THALES ON IAE AIRCRAFT
06009 06294 07858 07871 08906 08937 09332 09358 09467 10011 10128 10272 10275 10331 10973 11037 11052 11090 11103 11111 11130 11144 11147 11160 11163 11249 11333 11361 11390 11446 11506 11658
06009 06294 0785807871 08906 08937 0933209358 09467 10011 10128 1027210331 1097311037 1105211147 1116011163 1124911333 1136111446 11506 11658
FLIGHT CONTROLS - SPOILER AND ELEVATOR COMPUTER (SEC) - INSTALL STANDARD SEC C 126
06086 06294 06508 06563 06599 06652 06657 06682 06709 06751 06758 06766 06781 06822 06869 06987 06990 07029 07089 07139 07146 07166 07242 07274 07299 07516 07518 07858 07871 08101 08155 08168 08218 08257 08617 08727 08732 08737 08740 08794 08832 08896 08901 08906 08919 08937 08957 08967 09000 0904409045 09076 09079 09082 09091 09095 09109 09138 09155 09157 09326 09332 09358 09376 09415 09452 09467 09496 09567 10011 10125 10128 10143 10222 10259 10272 10275 10331 10346 10367 10375 10382 10723 10751 10854 10878 10947 10973 11037 11048 11052 11090 11103 11111 11130 11144 1114711148 11160 11163 11212 11249 11333 11353 11361 11390 11446 11464 11506 11622 11658 11704 11843 11898 11944 11976 11999 12065 12075 12077 12115 12157 12364 12410 12431 12577 12775 12786 12828 12831 12866 12914 12935 12955 12980 12993 13005 13128 13298 13338 13345 13389 13594
0608613594
ICE AND RAIN PROTECTION - AIR INTAKES - CONNECT NACELLE ANTI ICING PUSH BUTTON TO ENGINE INTERFACE UNIT for PW engines (NEO CONFIGURATION)
07858 07871 08101 08155 08168 08218 08257 08617 08727 08732 08737 08740 08794 08832 08896 08901 08906 08919 08937 08957 08967 09000 0904409045 09076 09079 09082 09091 09095 09109 09138 09155 09157 09326 09332 09358 09376 09415 09452 09467 09496 09567 10011 10125 10128 10143 10222 10259 10272 10275 10331 10346 10367 10375 10382 10723 10751 10854 10878 10947 10973 11037 11048 11052 11090 11103 11111 11130 11144 1114711148 11160 11163 11212 11249 11333 11353 11361 11390 11446 11464 11506 11622 11658 11704 11843 11898 11944 11976 11999 12065 12075 12077 12115 12157 12364 12410 12431 12577 12775 12786 12828 12831 12866 12914 12935 12955 12980 12993 13005 13128 13298 13338 13345 13389 13594
0785813594
AUTO FLIGHT - FLIGHT MANAGEMENT AND GUIDANCE COMPUTER - INSTALL FMGC S7PI12 THALES ON IAE AIRCRAFT
06009 06294 07858 07871 08906 08937 09332 09358 09467 10011 10128 10272 10275 10331 10973 11037 11052 11090 11103 11111 11130 11144 11147 11160 11163 11249 11333 11361 11390 11446 11506 11658
06009 06294 0785807871 08906 08937 0933209358 09467 10011 10128 1027210331 1097311037 1105211147 1116011163 1124911333 1136111446 11506 11658
FLIGHT CONTROLS - ELEVATOR AILERON COMPUTER SYSTEM (ELAC) - INSTALL L97 STANDARD ON ELAC B WITH DATALOADING CAPABILITY
04629 04643 04654 04665 04682 04695 04698 04706 04755 04761 04774 04779 04788 04790 05025 05077 05083 05118 05154 05205 05254 05388 05450 05465 05490 05584 05604 05633 05663 05667 05689 06009 06086 06294 06508 06563 06599 06652 06657 06682 06709 06751 06758 06766 06781 06822 06869 06987 06990 07029 07089 07139 07146 07166 07242 07274 07299 07516 07518 07858 07871 08101 08155 08168 08218 08257 08617 08727 08732 08737 08740 08794 08832 08896 08901 08906 08919 08937 08957 08967 09000 0904409045 09076 09079 09082 09091 09095 09109 09138 09155 09157 09326 09332 09358 09376 09415 09452 09467 09496 09567 10011 10125 10128 10143 10222 10259 10272 10275 10331 10346 10367 10375 10382 10723 10751 10854 10878 10947 10973 11037 11048 11052 11090 11103 11111 11130 11144 1114711148 11160 11163 11212 11249 11333 11353 11361 11390 11446 11464 11506 11622 11658 11704 11843 11898 11944 11976 11999 12065 12075 12077 12115 12157 12364 12410 12431 12577 12775 12786 12828 12831 12866 12914 12935 12955 12980 12993 13005 13128 13298 13338 13345 13389 13594
0462913594
INFORMATION SYSTEMS - ATIMS ¿ COMPONENTS AND INTERFACES - INSTALL ATSU CSB8 FANS B+
02823 02868 02999 03015 03126 03185 0320703208 03239 03257 03283 03303 03341 03350 03382 03405 03429 03525 03539 03558 03567 03603 03637 03654 03673 03688 0371803719 03738 04629 04643 04654 04665 04682 04695 04698 04706 04755 04761 04774 04779 04788 04790 05077 05083 05118 05154 05205 05254 05388 05450 05465 05490 05584 05604 05633 05663 05667 05689 06009 06086 06294 06508 06563 06599 06652 06657 06682 06709 06751 06758 06766 06781 06822 06869 06987 06990 07029 07089 07139 07146 07166 07242 07274 07299 07516 07518 07871 08155 08257 08617 08727 08732 08740 08794 08919 08957 09000 09044 09076 09082 09095 09109 09138 09157 09326 09376 09415 09452 09496 09567 10125 10128 10143 10222 10259 10272 10275 10331 10346 10367 10375 10382 10723 10751 10854 10878 10947 10973 11037 11048 11090 11103 11144 1114711148 11212 11249 11353 11390 11464 11622 11658 11704 11843 11898 11944 11976 11999 12065 12075 12077 12115 12157 12364 12410 12431 12577 12775 12786 12828 12831 12866 12914 12935 12955 12980 12993 13005 13128 13298 13338 13345 13389 13594
0282304790 0507707518 07871 08155 0825708732 0874008794 08919 08957 0900009044 09076 09082 0909509138 0915709326 0937609452 0949609567 1012511048 1109011103 1114411148 1121211249 11353 11390 11464 1162213594
INFORMATION SYSTEMS - ATIMS - COMPONENTS AND INTERFACES ¿ INSTALL SOFTWARE ATSU ATC ARINC 623 APPLICATION FOR FANS B+ CSB8 STANDARD
06009 06294 06508 06563 06599 06652 06657 06682 06709 06751 06758 06766 06781 06822 06869 06987 06990 07029 07089 07139 07146 07166 07242 07274 07299 07516 07518 08155 08257 08617 08727 08732 08740 08794 08919 08957 09000 09044 09076 09082 09095 09109 09138 09157 09326 09376 09415 09452 09496 09567 10125 10128 10143 10222 10259 10272 10275 10331 10346 10367 10375 10382 10723 10751 10854 10878 10947 10973 11037 11048 11090 11103 11144 1114711148 11212 11249 11353 11390 11464 11622 11658 11704 11843 11898 11944 11976 11999 12065 12075 12077 12115 12157 12364 12410 12431 12577 12775 12786 12828 12831 12866 12914 12935 12955 12980 12993 13005 13128 13298 13338 13345 13389 13594
06009 0629407518 08155 0825708732 0874008794 08919 08957 0900009044 09076 09082 0909509138 0915709326 0937609452 0949609567 1012511048 1109011103 1114411148 1121211249 11353 11390 11464 1162213594
NAVIGATION GROUND PROXIMITY WARNING SYSTEM (GPWS) ACTIVATE RUNWAY AWARENESS AND ADVISORY SYSTEM (RAAS) FUNCTION ON MKV-A EGPWS HONEYWELL
06508 06563 06599 06652 06657 06682 06709 06751 06758 06766 06781 06822 06869 06987 06990 07029 07089 07139 07146 07166 07242 07274 07299 07516 07518 08155 08257 08617 08727 08732 08740 08794 08919 08957 09000 09044 09076 09082 09095 09109 09138 09157 09326 09376 09415 09452 09496 09567 10125 10143 10222 10259 10346 10367 10375 10382 10723 10751 10854 10878 10947 11048 11148 11212 11353 11464 11622 11704 11843 11898 11944 11976 11999 12065 12075 12077 12115 12157 12364 12410 12431 12577 12775 12786 12828 12831 12866 12914 12935 12955 12980 12993 13005 13128 13298 13338 13345 13389 13594
0650807518 08155 0825708732 0874008794 08919 08957 0900009044 09076 09082 0909509138 0915709326 0937609452 0949609567 10125 1014310259 1034610947 11048 11148 11212 11353 11464 11622 1170413594
CERTIFICATION DOCUMENTS - GENERAL - DEFINE SOFT GO AROUND FUNCTION FOR NEO
07858 07871 08101 08155 08168 08218 08257 08617 08727 08732 08737 08740 08794 08832 08896 08901 08906 08919 08937 08957 08967 09000 0904409045 09076 09079 09082 09091 09095 09109 09138 09155 09157 09326 09332 09358 09376 09415 09452 09467 09496 09567 10011 10125 10128 10143 10222 10259 10272 10275 10331 10346 10367 10375 10382 10723 10751 10854 10878 10947 10973 11037 11048 11052 11090 11103 11111 11130 11144 1114711148 11160 11163 11212 11249 11333 11353 11361 11390 11446 11464 11506 11622 11658 11704 11843 11898 11944 11976 11999 12065 12075 12077 12115 12157 12364 12410 12431 12577 12775 12786 12828 12831 12866 12914 12935 12955 12980 12993 13005 13128 13298 13338 13345 13389 13594
0785813594
AUTO FLIGHT - FMGC - INSTALL FMGC 3G S7API14 THALES ON PW/IAE AIRCRAFT
06009 06294 07858 07871 08906 08937 09332 09358 09467 10011 10128 10272 10275 10331 10973 11037 11052 11090 11103 11111 11130 11144 11147 11160 11163 11249 11333 11361 11390 11446 11506 11658
06009 06294 0785807871 08906 08937 0933209358 09467 10011 10128 1027210331 1097311037 1105211147 1116011163 1124911333 1136111446 11506 11658
AUTO FLIGHT - FLIGHT MANAGEMENT AND GUIDANCE COMPUTER (FMGC) - INSTALL FMGC 3G H2BPI14 FMS KIT PEGASUS II HONEYWELL ON IAE/PW AIRCRAFT
06508 06563 06599 06652 06657 06682 06709 06751 06758 06766 06781 06822 06869 06987 06990 07029 07089 07139 07146 07166 07242 07274 07299 07516 07518 07858 07871 08101 08155 08168 08218 08257 08617 08727 08732 08737 08740 08794 08832 08896 08901 08906 08919 08937 08957 08967 09000 0904409045 09076 09079 09082 09091 09095 09109 09138 09155 09157 09326 09332 09358 09376 09415 09452 09467 09496 09567 10011 10125 10128 10143 10222 10259 10272 10275 10331 10346 10367 10375 10382 10723 10751 10854 10878 10947 10973 11037 11048 11052 11090 11103 11111 11130 11144 1114711148 11160 11163 11212 11249 11333 11353 11361 11390 11446 11464 11506 11622 11658 11704 11843 11898 11944 11976 11999 12065 12075 12077 12115 12157 12364 12410 12431 12577 12775 12786 12828 12831 12866 12914 12935 12955 12980 12993 13005 13128 13298 13338 13345 13389 13594
0650813594
NAVIGATION - ATC/MODE S (SELECT) - ACTIVATE ADS-B OUT DO-260B CAPABILITY FOR ATC TRANSPONDEUR
02823 02868 02999 03015 03126 03185 0320703208 03239 03257 03283 03303 03341 03350 03382 03405 03429 03525 03539 03558 03567 03603 03637 03654 03673 03688 0371803719 03738 04629 04643 04654 04665 04682 04695 04698 04706 04755 04761 04774 04779 04788 04790 05025 05077 05083 05118 05154 05205 05254 05388 05450 05465 05490 05584 05633 05663 05667 05689 06009 06294 06508 06563 06599 06652 06657 06682 06709 06751 06758 06766 06781 06822 06869 06987 06990 07029 07089 07139 07146 07166 07242 07274 07299 07516 07518 07858 07871 08101 08155 08168 08218 08257 08617 08727 08732 08737 08740 08794 08832 08896 08901 08906 08919 08937 08957 08967 09000 0904409045 09076 09079 09082 09091 09095 09109 09138 09155 09157 09326 09332 09358 09376 09415 09452 09467 09496 09567 10011 10125 10128 10143 10222 10259 10272 10275 10331 10346 10367 10375 10382 10723 10751 10854 10878 10947 10973 11037 11048 11052 11090 11103 11111 11130 11144 1114711148 11160 11163 11212 11249 11333 11353 11361 11390 11446 11464 11506 11622 11658 11704 11843 11898 11944 11976 11999 12065 12075 12077 12115 12157 12364 12410 12431 12577 12775 12786 12828 12831 12866 12914 12935 12955 12980 12993 13005 13128 13298 13338 13345 13389 13594
0282305584 0563306009 0629413594
NAVIGATION - TRAFFIC COLLISION AVOIDANCE SYSTEM (TCAS) - REINSTALL TCAS PROVISIONS CONFIGURATION
06508 06563 06599 06652 06657 06682 06709 06751 06758 06766 06781 06822 06869 06987 06990 07029 07089 07139 07146 07166 07242 07274 07299 07516 07518 08101 08155 08168 08218 08257 08617 08727 08732 08737 08740 08794 08832 08896 08901 08919 08957 08967 09000 0904409045 09076 09079 09082 09091 09095 09109 09138 09155 09157 09326 09376 09415 09452 09496 09567 10125 10143 10222 10259 10346 10367 10375 10382 10723 10751 10854 10878 10947 11048 11148 11212 11353 11464 11622 11704 11843 11898 11944 11976 11999 12065 12075 12077 12115 12157 12364 12410 12431 12577 12775 12786 12828 12831 12866 12914 12935 12955 12980 12993 13005 13128 13298 13338 13345 13389 13594
0650807518 0810108901 08919 0895709326 0937609452 0949609567 10125 1014310259 1034610947 11048 11148 11212 11353 11464 11622 1170413594
NAVIGATION - GROUND PROXIMITY WARNING SYSTEM (GPWS) - REINSTALL EGPWS P/N 965-1676-002
06508 06563 06599 06652 06657 06682 06709 06751 06758 06766 06781 06822 06869 06987 06990 07029 07089 07139 07146 07166 07242 07274 07299 07516 07518 08101 08155 08168 08218 08257 08617 08727 08732 08737 08740 08794 08832 08896 08901 08919 08957 08967 09000 0904409045 09076 09079 09082 09091 09095 09109 09138 09155 09157 09326 09376 09415 09452 09496 09567 10125 10143 10222 10259 10346 10367 10375 10382 10723 10751 10854 10878 10947 11048 11148 11212 11353 11464 11622 11704 11843 11898 11944 11976 11999 12065 12075 12077 12115 12157 12364 12410 12431 12577 12775 12786 12828 12831 12866 12914 12935 12955 12980 12993 13005 13128 13298 13338 13345 13389 13594
0650807518 0810108901 08919 0895709326 0937609452 0949609567 10125 1014310259 1034610947 11048 11148 11212 11353 11464 11622 1170413594
AUTO FLIGHT - FMGC - REINSTALL HNWL FM H2 and IAE HNWL FG PI11
06294
06294
NAVIGATION - WEATHER RADAR SYSTEM - Install new RDR-4000 step 2 Radar Processor and activate WX ahead function (for FULL SINGLE CONFIGURATION)
08617 08727 08732 08737 08740 08794 08832 08896 08901 08906 08919 08937 08957 08967 09000 0904409045 09076 09079 09082 09091 09095 09109 09138 09155 09157 09326 09332 09358 09376 09415 09452 09467 09496 09567 10011 10125 10128 10143 10222 10259 10272 10275 10331 10346 10367 10375 10382 10723 10751 10854 10878 10947 10973 11037 11048 11052 11090 11103 11111 11130 11144 1114711148 11160 11163 11212 11249 11333 11353 11361 11390 11446 11464 11506 11622 11658 11704 11843 11898 11944 11976 11999 12065 12075 12077 12115 12157 12364 12410 12431 12577 12775 12786 12828 12831 12866 12914 12935 12955 12980 12993 13005 13128 13298 13338 13345 13389 13594
0861713594
FLIGHT CONTROLS - ELEVATOR AILERON COMPUTER SYSTEM (ELAC) - INSTALL ELAC B L97+ WITH DATA LOADING CAPABILITY
04629 04643 04654 04665 04682 04695 04698 04706 04755 04761 04774 04779 04788 04790 05025 05077 05083 05118 05154 05205 05254 05388 05450 05465 05490 05584 05604 05633 05663 05667 05689 06009 06086 06294 06508 06563 06599 06652 06657 06682 06709 06751 06758 06766 06781 06822 06869 06987 06990 07029 07089 07139 07146 07166 07242 07274 07299 07516 07518 07858 07871 08101 08155 08168 08218 08257 08617 08727 08732 08737 08740 08794 08832 08896 08901 08906 08919 08937 08957 08967 09000 0904409045 09076 09079 09082 09091 09095 09109 09138 09155 09157 09326 09332 09358 09376 09415 09452 09467 09496 09567 10011 10125 10128 10143 10222 10259 10272 10275 10331 10346 10367 10375 10382 10723 10751 10854 10878 10947 10973 11037 11048 11052 11090 11103 11111 11130 11144 1114711148 11160 11163 11212 11249 11333 11353 11361 11390 11446 11464 11506 11622 11658 11704 11843 11898 11944 11976 11999 12065 12075 12077 12115 12157 12364 12410 12431 12577 12775 12786 12828 12831 12866 12914 12935 12955 12980 12993 13005 13128 13298 13338 13345 13389 13594
0462913594
NAVIGATION - ATC/MODE S (SELECT) - Configure DO-260B TRANSPONDER ATC 1
02823 02868 02999 03015 03126 03185 0320703208 03239 03257 03283 03303 03341 03350 03382 03405 03429 03525 03539 03558 03567 03603 03637 03654 03673 03688 0371803719 03738 04629 04643 04654 04665 04682 04695 04698 04706 04755 04761 04774 04779 04788 04790 05025 05077 05083 05118 05154 05205 05254 05388 05450 05465 05490 05584 05633 05663 05667 05689 06009 06294 06508 06563 06599 06652 06657 06682 06709 06751 06758 06766 06781 06822 06869 06987 06990 07029 07089 07139 07146 07166 07242 07274 07299 07516 07518 07858 07871 08101 08155 08168 08218 08257 08617 08727 08732 08737 08740 08794 08832 08896 08901 08906 08919 08937 08957 08967 09000 0904409045 09076 09079 09082 09091 09095 09109 09138 09155 09157 09326 09332 09358 09376 09415 09452 09467 09496 09567 10011 10125 10128 10143 10222 10259 10272 10275 10331 10346 10367 10375 10382 10723 10751 10854 10878 10947 10973 11037 11048 11052 11090 11103 11111 11130 11144 1114711148 11160 11163 11212 11249 11333 11353 11361 11390 11446 11464 11506 11622 11658 11704 11843 11898 11944 11976 11999 12065 12075 12077 12115 12157 12364 12410 12431 12577 12775 12786 12828 12831 12866 12914 12935 12955 12980 12993 13005 13128 13298 13338 13345 13389 13594
0282305584 0563306009 0629413594
INDICATING/RECORDING SYSTEMS - FLIGHT WARNING COMPUTER (FWC) - INSTALL FWC H2-F8P FOR A320NEO PW TC
INDICATING/RECORDING SYSTEMS - FLIGHT WARNING COMPUTER (FWC) - INSTALL FWC H2-F9 STANDARD
NAVIGATION - TRAFFIC AND TERRAIN INTEGRATED SURVEILLANCE SYSTEM (T/TISS) - REINSTALL T3CAS STD 1.2 AND ACSS ATC XS-950
06869 06987 06990 07029 07089 07139 07146 07166 07242 07274 07299 07516 07518 08101 08155 08168 08218 08257 08617 08727 08732 08737 08740 08794 08832 08896 08901 08919 08957 08967 09000 0904409045 09076 09079 09082 09091 09095 09109 09138 09155 09157 09326 09376 09415 09452 09496 09567 10125 10143 10222 10259 10346 10367 10375 10382 10723 10751 10854 10878 10947 11048 11148 11212 11353 11464 11622 11704 11843 11898 11944 11976 11999 12065 12075 12077 12115 12157 12364 12410 12431 12577 12775 12786 12828 12831 12866 12914 12935 12955 12980 12993 13005 13128 13298 13338 13345 13389 13594
0686907518 0810108901 08919 0895709326 0937609452 0949609567 10125 1014310259 1034610947 11048 11148 11212 11353 11464 11622 1170413594
NAVIGATION - ATC/MODE S (SELECT) - RE-CONFIGURE ATC1 WIRING IN DO260A CONF (ANTI-MOD 156506/P14582 & MOD 157970/P15322)
06869 06987 06990 08101 08168 08218
0686906990 08101 0816808218
AUTO FLIGHT - GENERAL - Activate ROPS function on SA-NEO
08737 08832 08896 08901 08906 08937 08967 09045 09079 09091 09155 09332 09358 09467 09567 10011 10125 10128 10143 10222 10259 10272 10275 10331 10346 10367 10375 10382 10723 10751 10854 10878 10947 10973 11037 11048 11052 11090 11103 11111 11130 11144 1114711148 11160 11163 11212 11249 11333 11353 11361 11390 11446 11464 11506 11622 11658 11704 11843 11898 11944 11976 11999 12065 12075 12077 12115 12157 12364 12410 12431 12577 12775 12786 12828 12831 12866 12914 12935 12955 12980 12993 13005 13128 13298 13338 13345 13389 13594
08737 0883208906 08937 08967 09045 09079 09091 09155 0933209358 09467 0956713594
AUTOFLIGHT - FMGC - REINSTALL FMGC P1I8 (IAE/PW)(ANTIMOD OF MOD 161228/P14095)
07858 07871 08906 08937 09332 09358 09467 10011 10128 10272 10275 10331 10973 11037 11052 11090 11103 11111 11130 11144 11147 11160 11163 11249 11333 11361 11390 11446 11506 11658
0785807871 08906 08937 0933209358 09467 10011 10128 1027210331 1097311037 1105211147 1116011163 1124911333 1136111446 11506 11658
FIRE PROTECTION - ENGINE FIRE EXTINGUISHING - CERTIFY SINGLE ENGINE TAXI WITHOUT APU RUNNING (NEO PW & CFM)
07858 07871 08101 08155 08168 08218 08257 08617 08727 08732 08737 08740 08794 08832 08896 08901 08906 08919 08937 08957 08967 09000 0904409045 09076 09079 09082 09091 09095 09109 09138 09155 09157 09326 09332 09358 09376 09415 09452 09467 09496 09567 10011 10125 10128 10143 10222 10259 10272 10275 10331 10346 10367 10375 10382 10723 10751 10854 10878 10947 10973 11037 11048 11052 11090 11103 11111 11130 11144 1114711148 11160 11163 11212 11249 11333 11353 11361 11390 11446 11464 11506 11622 11658 11704 11843 11898 11944 11976 11999 12065 12075 12077 12115 12157 12364 12410 12431 12577 12775 12786 12828 12831 12866 12914 12935 12955 12980 12993 13005 13128 13298 13338 13345 13389 13594
0785813594
AUTO FLIGHT - FMGC - INTRODUCE FG PI15 ASSOCIATED WITH HONEYWELL FMS H2C
06508 06563 06599 06652 06657 06682 06709 06751 06758 06766 06781 06822 06869 06987 06990 07029 07089 07139 07146 07166 07242 07274 07299 07516 07518 07858 07871 08101 08155 08168 08218 08257 08617 08727 08732 08737 08740 08794 08832 08896 08901 08906 08919 08937 08957 08967 09000 0904409045 09076 09079 09082 09091 09095 09109 09138 09155 09157 09326 09332 09358 09376 09415 09452 09467 09496 09567 10011 10125 10128 10143 10222 10259 10272 10275 10331 10346 10367 10375 10382 10723 10751 10854 10878 10947 10973 11037 11048 11052 11090 11103 11111 11130 11144 1114711148 11160 11163 11212 11249 11333 11353 11361 11390 11446 11464 11506 11622 11658 11704 11843 11898 11944 11976 11999 12065 12075 12077 12115 12157 12364 12410 12431 12577 12775 12786 12828 12831 12866 12914 12935 12955 12980 12993 13005 13128 13298 13338 13345 13389 13594
0650813594
FLIGHT CONTROLS - ELEVATOR AILERON COMPUTER SYSTEM (ELAC) - Install ELAC L99 STANDARD WITH DATA LOADING CAPABILITY
04629 04643 04654 04665 04682 04695 04698 04706 04755 04761 04774 04779 04788 04790 05025 05077 05083 05118 05154 05205 05254 05388 05450 05465 05490 05584 05604 05633 05663 05667 05689 06009 06086 06294 06508 06563 06599 06652 06657 06682 06709 06751 06758 06766 06781 06822 06869 06987 06990 07029 07089 07139 07146 07166 07242 07274 07299 07516 07518 07858 07871 08101 08155 08168 08218 08257 08617 08727 08732 08737 08740 08794 08832 08896 08901 08906 08919 08937 08957 08967 09000 0904409045 09076 09079 09082 09091 09095 09109 09138 09155 09157 09326 09332 09358 09376 09415 09452 09467 09496 09567 10011 10125 10128 10143 10222 10259 10272 10275 10331 10346 10367 10375 10382 10723 10751 10854 10878 10947 10973 11037 11048 11052 11090 11103 11111 11130 11144 1114711148 11160 11163 11212 11249 11333 11353 11361 11390 11446 11464 11506 11622 11658 11704 11843 11898 11944 11976 11999 12065 12075 12077 12115 12157 12364 12410 12431 12577 12775 12786 12828 12831 12866 12914 12935 12955 12980 12993 13005 13128 13298 13338 13345 13389 13594
0462913594
NAVIGATION - GENERAL - CERTIFY RNP AR CAPABILITY (STEP 3) ON SINGLE AISLE NEO
08155 08257 08617 08727 08732 08740 08794 08919 08957 09000 09044 09076 09082 09095 09109 09138 09157 09326 09376 09415 09452 09496 09567 10125 10143 10222 10259 10346 10367 10375 10382 10723 10751 10854 10878 10947 10973 11037 11048 11090 11103 11144 1114711148 11212 11249 11353 11390 11464 11622 11658 11704 11843 11898 11944 11976 11999 12065 12075 12077 12115 12157 12364 12410 12431 12577 12775 12786 12828 12831 12866 12914 12935 12955 12980 12993 13005 13128 13298 13338 13345 13389 13594
08155 0825708732 0874008794 08919 08957 0900009044 09076 09082 0909509138 0915709326 0937609452 0949609567 10125 1014310259 1034611048 1109011103 1114411148 1121211249 11353 11390 11464 1162213594
NAVIGATION - ATC/MODE S (SELECT) - INSTALL ACSS DO-260B XPDR NXT-800
02823 02868 02999 03015 03126 03185 0320703208 03239 03257 03283 03303 03341 03350 03405 03429 03525 03539 03558 03567 03603 03637 03654 03673 03688 0371803719 03738 07858 07871 08101 08155 08168 08218 08257 08617 08727 08732 08737 08740 08794 08832 08896 08901 08906 08919 08937 08957 08967 09000 0904409045 09076 09079 09082 09091 09095 09109 09138 09155 09157 09326 09332 09358 09376 09415 09452 09467 09496 09567 10011 10125 10128 10143 10222 10259 10272 10275 10331 10346 10367 10375 10382 10723 10751 10854 10878 10947 10973 11037 11048 11052 11090 11103 11111 11130 11144 1114711148 11160 11163 11212 11249 11333 11353 11361 11390 11446 11464 11506 11622 11658 11704 11843 11898 11944 11976 11999 12065 12075 12077 12115 12157 12364 12410 12431 12577 12775 12786 12828 12831 12866 12914 12935 12955 12980 12993 13005 13128 13298 13338 13345 13389 13594
0282303350 0340503738 0785813594
NAVIGATION - ILS - Install MMR Rockwell Collins GLU-2100
11052 11111 11130 11160 11163 11333 11361 11446 11464 11506 11622 11658 11704 11843 11898 11944 11976 11999 12065 12075 12077 12115 12157 12364 12410 12431 12577 12775 12786 12828 12831 12866 12914 12935 12955 12980 12993 13005 13128 13298 13338 13345 13389 13594
11052 1111111130 1116011163 11333 11361 1144613594
POWERPLANT-POWER SUPPLY FOR HP FUEL SOLENOID IN EMERGENCY SITUATION
NAVIGATION - AIR DATA - Install and define reversible Back-Up Speed Scale function
07858 07871 08101 08155 08168 08218 08257 08617 08727 08732 08737 08740 08794 08832 08896 08901 08906 08919 08937 08957 08967 09000 0904409045 09076 09079 09082 09091 09095 09109 09138 09155 09157 09326 09332 09358 09376 09415 09452 09467 09496 09567 10011 10125 10128 10143 10222 10259 10272 10275 10331 10346 10367 10375 10382 10723 10751 10854 10878 10947 10973 11037 11048 11052 11090 11103 11111 11130 11144 1114711148 11160 11163 11212 11249 11333 11353 11361 11390 11446 11464 11506 11622 11658 11704 11843 11898 11944 11976 11999 12065 12075 12077 12115 12157 12364 12410 12431 12577 12775 12786 12828 12831 12866 12914 12935 12955 12980 12993 13005 13128 13298 13338 13345 13389 13594
0785813594
AUTO-FLIGHT - FLIGHT AUGMENTATION COMPUTER (FAC) - INSTALL FAC CAA06
06009 06294 06508 06563 06599 06652 06657 06682 06709 06751 06758 06766 06781 06822 06869 06987 06990 07029 07089 07139 07146 07166 07242 07274 07299 07516 07518 07858 07871 08101 08155 08168 08218 08257 08617 08727 08732 08737 08740 08794 08832 08896 08901 08906 08919 08937 08957 08967 09000 0904409045 09076 09079 09082 09091 09095 09109 09138 09155 09157 09326 09332 09358 09376 09415 09452 09467 09496 09567 10011 10125 10128 10143 10222 10259 10272 10275 10331 10346 10367 10375 10382 10723 10751 10854 10878 10947 10973 11037 11048 11052 11090 11103 11111 11130 11144 1114711148 11160 11163 11212 11249 11333 11353 11361 11390 11446 11464 11506 11622 11658 11704 11843 11898 11944 11976 11999 12065 12075 12077 12115 12157 12364 12410 12431 12577 12775 12786 12828 12831 12866 12914 12935 12955 12980 12993 13005 13128 13298 13338 13345 13389 13594
06009 0629413594
ENGINE - GENERAL - DEFINE, INSTALL AND ACTIVATE DUAL COOLING ON NEO PW ENGINES
07858 07871 08101 08155 08168 08218 08257 08617 08727 08732 08737 08740 08794 08832 08896 08901 08906 08919 08937 08957 08967 09000 0904409045 09076 09079 09082 09091 09095 09109 09138 09155 09157 09326 09332 09358 09376 09415 09452 09467 09496 09567 10011 10125 10128 10143 10222 10259 10272 10275 10331 10346 10367 10375 10382 10723 10751 10854 10878 10947 10973 11037 11048 11052 11090 11103 11111 11130 11144 1114711148 11160 11163 11212 11249 11333 11353 11361 11390 11446 11464 11506 11622 11658 11704 11843 11898 11944 11976 11999 12065 12075 12077 12115 12157 12364 12410 12431 12577 12775 12786 12828 12831 12866 12914 12935 12955 12980 12993 13005 13128 13298 13338 13345 13389 13594
0785813594
INDICATING/RECORDING SYSTEMS - FLIGHT WARNING COMPUTER (FWC) - INSTALL FWC H2-F9E
AIR CONDITIONING-INSTALLATION OF CIRCUIT BREAKER FOR REAR CARGO COMPARTMENT VALVE SUPPLY
02823 02868 02999 03015 03126 03185 0320703208 03239 03257 03283 03303 03341 03350 03405 03429 03525 03539 03558 03567 03603 03654 0371803719 04629 04643 04654 04665 04682 04695 04698 04706 04755 04761 04774 04779 04788 04790 05025 05077 05083 05118 05154 05205 05254 05388 05450 05465 05490 05584 05633 05663 05667 05689 06508 06563 06599 06652 06657 06682 06709 06751 06758 06766 06781 06822 06869 06987 06990 07029 07089 07139 07146 07166 07242 07274 07299 07516 07518 08155 08257 08617 08727 08732 08740 08794 08919 08957 09000 09044 09076 09082 09095 09109 09138 09157 09326 09376 09415 09452 09496 09567 10125 10143 10222 10259 10346 10367 10375 10382 10723 10751 10854 10878 10947 11037 11048 11090 11103 1114711148 11212 11353 11464 11622 11704 11843 11898 11944 11976 11999 12065 12075 12077 12115 12157 12364 12410 12431 12577 12775 12786 12828 12831 12866 12914 12935 12955 12980 12993 13005 13128 13298 13338 13345 13389 13594
0282303350 0340503603 03654 0371803719 0462905584 0563305689 0650807518 08155 0825708732 0874008794 08919 08957 0900009044 09076 09082 0909509138 0915709326 0937609452 0949609567 10125 1014310259 1034610947 1103711048 1109011103 1114711148 11212 11353 11464 11622 1170413594
AIR CONDITIONING-ESSENTIAL DC SUPPLY FOR FORWARD CARGO COMPARTMENT SHUT-OFF VALVES
06009 06294 10973 11144 11249 11658
06009 06294 10973 11144 11249 11658
AIR CONDITIONING-ESSENTIAL DC SUPPLY FOR FORWARD CARGO COMPARTMENT HEATING CONTROLLER
06009 06294 10973 11144 11249 11658
06009 06294 10973 11144 11249 11658
AIR CONDITIONING-ESSENTIAL DC SUPPLY FOR REAR CARGO COMPARTMENT HEATING CONTROLER
02823 02868 02999 03015 03126 03185 0320703208 03239 03257 03283 03303 03341 03350 03405 03429 03525 03539 03558 03567 03603 03654 0371803719 04629 04643 04654 04665 04682 04695 04698 04706 04755 04761 04774 04779 04788 04790 05025 05077 05083 05118 05154 05205 05254 05388 05450 05465 05490 05584 05633 05663 05667 05689 06508 06563 06599 06652 06657 06682 06709 06751 06758 06766 06781 06822 06869 06987 06990 07029 07089 07139 07146 07166 07242 07274 07299 07516 07518 08155 08257 08617 08727 08732 08740 08794 08919 08957 09000 09044 09076 09082 09095 09109 09138 09157 09326 09376 09415 09452 09496 09567 10125 10143 10222 10259 10346 10367 10375 10382 10723 10751 10854 10878 10947 11037 11048 11090 11103 1114711148 11212 11353 11464 11622 11704 11843 11898 11944 11976 11999 12065 12075 12077 12115 12157 12364 12410 12431 12577 12775 12786 12828 12831 12866 12914 12935 12955 12980 12993 13005 13128 13298 13338 13345 13389 13594
0282303350 0340503603 03654 0371803719 0462905584 0563305689 0650807518 08155 0825708732 0874008794 08919 08957 0900009044 09076 09082 0909509138 0915709326 0937609452 0949609567 10125 1014310259 1034610947 1103711048 1109011103 1114711148 11212 11353 11464 11622 1170413594
COMMUNICATIONS-INSTALL HF1 IN EMERGENCY CONFIG. (ETOPS)
02823 02868 02999 03015 03126 03207 03283 03350 03382 03405 03429 03525 03539 03637 03673 03688 03738 04629 04643 04654 04665 04682 04695 04698 04706 04755 04761 04774 04779 04788 04790 05025 05077 05083 05118 05154 05205 05254 05388 05450 05465 05490 05584 05633 05663 05667 05689 06009 06294 06508 06563 06599 06652 06657 06682 06709 06751 06758 06766 06781 06822 06869 06987 06990 07029 07089 07139 07146 07166 07242 07274 07299 07516 07518 07858 07871 08101 08155 08168 08218 08257 08617 08727 08732 08737 08740 08794 08832 08896 08901 08906 08919 08937 08957 08967 09000 0904409045 09076 09079 09082 09091 09095 09109 09138 09155 09157 09326 09332 09358 09376 09415 09452 09467 09496 09567 10011 10125 10128 10143 10222 10259 10272 10275 10331 10346 10367 10375 10382 10723 10751 10854 10878 10947 10973 11037 11048 11052 11090 11103 11111 11130 11144 1114711148 11160 11163 11212 11249 11333 11353 11361 11390 11446 11464 11506 11622 11658 11704 11843 11898 11944 11976 11999 12065 12075 12077 12115 12157 12364 12410 12431 12577 12775 12786 12828 12831 12866 12914 12935 12955 12980 12993 13005 13128 13298 13338 13345 13389 13594
0282303126 03207 03283 0335003539 03637 0367303688 0373805584 0563306009 0629413594
NAVIGATION - ILS - Activate GLS function at A/C level with COLLINS MMR GLU2100 (Post MOD 161939)
11464 11622 11658 11704 11843 11898 11944 11976 11999 12065 12075 12077 12115 12157 12364 12410 12431 12577 12775 12786 12828 12831 12866 12914 12935 12955 12980 12993 13005 13128 13298 13338 13345 13389 13594
11464 1162213594
COMMUNICATIONS - AUDIO MANAGEMENT SYSTEM (AMS) - INSTALL DIGITAL AUDIO SYSTEMS (creation and removal)
11464 11506 11622 11658 11704 11843 11898 11944 11976 11999 12065 12075 12077 12115 12157 12364 12410 12431 12577 12775 12786 12828 12831 12866 12914 12935 12955 12980 12993 13005 13128 13298 13338 13345 13389 13594
1146413594
AUTO FLIGHT - GENERAL - Deactivate ROPS function
08737 08832 08896 08901 08967 09045 09079 09091 09155 09332 09358 09467 09567 10011 10125 10143 10222 10259 10346 10367 10375 10382
08737 0883208901 08967 09045 09079 09091 09155 0933209358 09467 0956710125 1014310259 1034610382
COMMUNICATIONS - AUDIO MANAGEMENT - INCLUDE 3rd RMP INTO DIGITAL AUDIO SYSTEMS (with ACP3 removal)
11464 11622 11704 11843 11898 11944 11976 11999 12065 12075 12077 12115 12157 12364 12410 12431 12577 12775 12786 12828 12831 12866 12914 12935 12955 12980 12993 13005 13128 13298 13338 13345 13389 13594
11464 11622 1170413594
EQUIPMENT/FURNISHINGS - COCKPIT - New C/B arrangement for ST8 for 120VU and 49VU
08155 08257 08617 08727 08732 08740 08794 08906 08919 08957 09000 09044 09076 09082 09095 09109 09138 09157 09326 09376 09415 09452 09496 09567 10125 10128 10143 10222 10259 10272 10275 10331 10346 10367 10375 10382 10723 10751 10854 10878 10947 10973 11048 11144 11148 11212 11249 11353 11390 11464 11622 11658 11704 11843 11898 11944 11976 11999 12065 12075 12077 12115 12157 12364 12410 12431 12577 12775 12786 12828 12831 12866 12914 12935 12955 12980 12993 13005 13128 13298 13338 13345 13389 13594
08155 0825708732 0874008794 0890608919 08957 0900009044 09076 09082 0909509138 0915709326 0937609452 0949609567 1012510973 11048 11144 11148 1121211249 11353 11390 11464 1162213594
AUTO FLIGHT - FMGC - INSTALL FG PI16 ASSOCIATED WITH THALES FM S7B
06009 06294 07858 07871 08906 08937 09332 09358 09467 10011 10128 10272 10275 10331 10973 11037 11052 11090 11103 11111 11130 11144 11147 11160 11163 11249 11333 11361 11390 11446 11506 11658
06009 06294 0785807871 08906 08937 0933209358 09467 10011 10128 1027210331 1097311037 1105211147 1116011163 1124911333 1136111446 11506 11658
FLIGHT CONTROLS - ELEVATOR AILERON COMPUTER SYSTEM (ELAC) - INSTALL ELAC L102 STANDARD WITH DATA LOADING CAPABILITY
05604 06086 07858 07871 08101 08155 08168 08218 08257 08617 08727 08732 08737 08740 08794 08832 08896 08901 08906 08919 08937 08957 08967 09000 0904409045 09076 09079 09082 09091 09095 09109 09138 09155 09157 09326 09332 09358 09376 09415 09452 09467 09496 09567 10011 10125 10128 10143 10222 10259 10272 10275 10331 10346 10367 10375 10382 10723 10751 10854 10878 10947 10973 11037 11048 11052 11090 11103 11111 11130 11144 1114711148 11160 11163 11212 11249 11333 11353 11361 11390 11446 11464 11506 11622 11658 11704 11843 11898 11944 11976 11999 12065 12075 12077 12115 12157 12364 12410 12431 12577 12775 12786 12828 12831 12866 12914 12935 12955 12980 12993 13005 13128 13298 13338 13345 13389 13594
05604 06086 0785813594
NAVIGATION - WEATHER RADAR SYSTEM - RE-INSTALL SINGLE MANUAL HONEYWELL WEATHER RADAR WITH DUAL PROVISION (ANTI-MOD)
08617 08727 08732 08737 08740 08794 08832 08896 08901 08906 08919 08937 08957 08967 09000 0904409045 09076 09079 09082 09091 09095 09109 09138 09155 09157 09326 09332 09358 09376 09415 09452 09467 09496 09567 10011 10125 10128 10143 10222 10259 10272 10275 10331 10346 10367 10375 10382 10723 10751 10854 10878 10947 10973 11037 11048 11052 11090 11103 11111 11130 11144 1114711148 11160 11163 11212 11249 11333 11353 11361 11390 11446 11464 11506 11622 11658 11704 11843 11898 11944 11976 11999 12065 12075 12077 12115 12157 12364 12410 12431 12577 12775 12786 12828 12831 12866 12914 12935 12955 12980 12993 13005
0861713005
NAVIGATION - WEATHER RADAR SYSTEM RE-INSTALL SINGLE MANUAL ROCKWELL COLLINS WEATHER RADAR WITH DUAL PROVISION (ANTI-MOD)
08617 08727 08732 08737 08740 08794 08832 08896 08901 08906 08919 08937 08957 08967 09000 0904409045 09076 09079 09082 09091 09095 09109 09138 09155 09157 09326 09332 09358 09376 09415 09452 09467 09496 09567 10011 10125 10128 10143 10222 10259 10272 10275 10331 10346 10367 10375 10382 10723 10751 10854 10878 10947 10973 11037 11048 11052 11090 11103 11111 11130 11144 1114711148 11160 11163 11212 11249 11333 11353 11361 11390 11446 11464 11506 11622 11658 11704 11843 11898 11944 11976 11999 12065 12075 12077 12115 12157 12364 12410 12431 12577 12775 12786 12828 12831 12866 12914 12935 12955 12980 12993 13005
0861713005
INDICATING/RECORDING SYSTEMS - FLIGHT WARNING COMPUTER (FWC) - INSTALL FWC H2-F10
02823 02868 02999 03015 03126 03185 0320703208 03239 03257 03283 03303 03341 03350 03382 03405 03429 03525 03539 03558 03567 03603 03637 03654 03673 03688 0371803719 03738 04629 04643 04654 04665 04682 04695 04698 04706 04755 04761 04774 04779 04788 04790 05025 05077 05083 05118 05154 05205 05254 05388 05450 05465 05490 05584 05604 05633 05663 05667 05689 06009 06086 06294 06508 06563 06599 06652 06657 06682 06709 06751 06758 06766 06781 06822 06869 06987 06990 07029 07089 07139 07146 07166 07242 07274 07299 07516 07518 08155 08218 08257 08617 08727 08732 08740 08794 08832 08901 08906 08919 08957 09000 09044 09076 09082 09095 09109 09138 09157 09326 09376 09415 09452 09496 09567 10125 10128 10143 10222 10259 10272 10275 10331 10346 10367 10375 10382 10723 10751 10854 10878 10947 10973 11037 11048 11052 11090 11103 11111 11130 11144 1114711148 11160 11163 11212 11249 11333 11353 11361 11390 11446 11464 11506 11622 11658 11704 11843 11898 11944 11976 11999 12065 12075 12077 12115 12157 12364 12410 12431 12577 12775 12786 12828 12831 12866 12914 12935 12955 12980 12993 13005 13128 13298 13338 13345 13389 13594
0282307518 08155 0821808732 0874008832 0890108919 08957 0900009044 09076 09082 0909509138 0915709326 0937609452 0949609567 1012513594
AUTO FLIGHT - FLIGHT MANAGEMENT AND GUIDANCE COMPUTER (FMGC) - Introduce HONEYWELL FMS release 2 standard H3 associated to FG PI16
06508 06563 06599 06652 06657 06682 06709 06751 06758 06766 06781 06822 06869 06987 06990 07029 07089 07139 07146 07166 07242 07274 07299 07516 07518 08101 08155 08168 08218 08257 08617 08727 08732 08737 08740 08794 08832 08896 08901 08919 08957 08967 09000 0904409045 09076 09079 09082 09091 09095 09109 09138 09155 09157 09326 09376 09415 09452 09496 09567 10125 10128 10143 10222 10259 10272 10275 10331 10346 10367 10375 10382 10723 10751 10854 10878 10947 10973 11037 11048 11052 11090 11103 11111 11130 11144 1114711148 11160 11163 11212 11249 11333 11353 11361 11390 11446 11464 11506 11622 11658 11704 11843 11898 11944 11976 11999 12065 12075 12077 12115 12157 12364 12410 12431 12577 12775 12786 12828 12831 12866 12914 12935 12955 12980 12993 13005 13128 13298 13338 13345 13389 13594
0650807518 0810108901 08919 0895709326 0937609452 0949609567 1012513594
AUTO FLIGHT - GENERAL - INSTALL AND ACTIVATE ROPS STEP 2+ CAPABILITY INCLUDING RUNWAY CONDITION SELECTION (FOR NEO AIRCRAFT ONLY)
10723 10751 10854 10878 10947 10973 11037 11048 11052 11090 11103 11111 11130 11144 1114711148 11160 11163 11212 11249 11333 11353 11361 11390 11446 11464 11506 11622 11658 11704 11843 11898 11944 11976 11999 12065 12075 12077 12115 12157 12364 12410 12431 12577 12775 12786 12828 12831 12866 12914 12935 12955 12980 12993 13005 13128 13298 13338 13345 13389 13594
1072313594
AUTO FLIGHT - FLIGHT MANAGEMENT Activate TOS2 capability with "TOS2 inhibition" P/B installed in the cockpit
11898 11976 11999 12065 12075 12077 12115 12157 12364 12410 12431 12577 12775 12786 12828 12831 12866 12914 12935 12955 12980 12993 13005 13128 13298 13338 13345 13389 13594
11898 1197613594
NAVIGATION - WEATHER RADAR SYSTEM - Introduce Weather Radar Rockwell Collins WXR 2100 A (CONF SINGLE)
13128 13298 13338 13345 13389 13594
1312813594
FLIGHT CONTROL - ELEVATOR AILERON COMPUTER SYSTEMS - INTRODUCE OF ELAC-E COMPUTER
11976 11999 12065 12075 12115 12157 12364 12410 12431 12577 12775 12786 12828 12831 12866 12914 12935 12955 12980 12993 13005 13128 13298 13338 13345 13389 13594
1197612075 1211513594
AUTO FLIGHT - FLIGHT MANAGEMENT AND GUIDANCE COMPUTER (FMGC) - INSTALL FMS S8 THALES ASSOCIATED TO FG PI16
10128 10272 10275 10331 10973 11037 11052 11090 11103 11111 11130 11144 11147 11160 11163 11249 11333 11361 11390 11446 11506 11658
10128 1027210331 1097311037 1105211147 1116011163 1124911333 1136111446 11506 11658
AUTO FLIGHT - Flight Management System Introduce FLS function and FLS/Final APP coexistence certification & activation with HONEYWELL FMS
11464 11622 11704 11843 11898 11944 11976 11999 12065 12075 12077 12115 12157 12364 12410 12431 12577 12775 12786 12828 12831 12866 12914 12935 12955 12980 12993 13005 13128 13298 13338 13345 13389 13594
11464 11622 1170413594
AUTO FLIGHT - Flight Management System Activate Continuous Descent Approach (CDA) function
11464 11622 11704 11843 11898 11944 11976 11999 12065 12075 12077 12115 12157 12364 12410 12431 12577 12775 12786 12828 12831 12866 12914 12935 12955 12980 12993 13005 13128 13298 13338 13345 13389 13594
11464 11622 1170413594
AUTO FLIGHT FLIGHT MANAGEMENT SYSTEMS (FMS) - Activate and certify FLS/Final APP coexistence function with THALES FM
11658
11658
AUTO FLIGHT - FLIGHT MANAGEMENT AND GUIDANCE COMPUTER - INSTALL FMS S8A (HW4) ASSOCIATED TO FG PI18 (SAFETY BEYOND STANDARD)
10128 10272 10275 10331 10973 11037 11052 11090 11103 11111 11130 11144 11147 11160 11163 11249 11333 11361 11390 11446 11506 11658
10128 1027210331 1097311037 1105211147 1116011163 1124911333 1136111446 11506 11658
FLIGHT CONTROLS - ELEVATOR AILERON COMPUTER SYSTEM - INSTALL ELAC B L103 - DATA LOADABLE
05604 06086 07858 07871 08101 08155 08168 08218 08257 08617 08727 08732 08737 08740 08794 08832 08896 08901 08906 08919 08937 08957 08967 09000 0904409045 09076 09079 09082 09091 09095 09109 09138 09155 09157 09326 09332 09358 09376 09415 09452 09467 09496 09567 10011 10125 10128 10143 10222 10259 10272 10275 10331 10346 10367 10375 10382 10723 10751 10854 10878 10947 10973 11037 11048 11052 11090 11103 11111 11130 11144 1114711148 11160 11163 11212 11249 11333 11353 11361 11390 11446 11464 11506 11622 11658 11704 11843 11898 11944 11976 11999 12065 12075 12077 12115 12157 12364 12410 12431 12577 12775 12786 12828 12831 12866 12914 12935 12955 12980 12993 13005 13128 13298 13338 13345 13389 13594
05604 06086 0785813594
INDICATING/RECORDING SYSTEMS - FWC - ACQUISITION/INTFC - INSTALLATION FWC standard H2-F12
02823 02868 02999 03015 03126 03185 0320703208 03239 03257 03283 03303 03341 03350 03382 03405 03429 03525 03539 03558 03567 03603 03637 03654 03673 03688 0371803719 03738 04629 04643 04654 04665 04682 04695 04698 04706 04755 04761 04774 04779 04788 04790 05025 05077 05083 05118 05154 05205 05254 05388 05450 05465 05490 05584 05604 05633 05663 05667 05689 06009 06086 06294 06508 06563 06599 06652 06657 06682 06709 06751 06758 06766 06781 06822 06869 06987 06990 07029 07089 07139 07146 07166 07242 07274 07299 07516 07518 08155 08218 08257 08617 08727 08732 08740 08794 08832 08901 08919 08957 09000 09044 09076 09082 09095 09109 09138 09157 09326 09376 09415 09452 09496 09567 10125 10128 10143 10222 10259 10272 10275 10331 10346 10367 10375 10382 10723 10751 10854 10878 10947 10973 11037 11048 11052 11090 11103 11111 11130 11144 1114711148 11160 11163 11212 11249 11333 11353 11361 11390 11446 11464 11506 11622 11658 11704 11843 11898 11944 11976 11999 12065 12075 12077 12115 12157 12364 12410 12431 12577 12775 12786 12828 12831 12866 12914 12935 12955 12980 12993 13005 13128 13298 13338 13345 13389 13594
0282307518 08155 0821808732 0874008832 08901 08919 08957 0900009044 09076 09082 0909509138 0915709326 0937609452 0949609567 1012513594
AUTO FLIGHT - GENERAL - CERTIFY AND DEFINE UAMM (Unreliable Airspeed Mitigation Means) STEP 2 FUNCTION
10723 10751 10854 10878 10947 10973 11037 11048 11052 11090 11103 11111 11130 11144 1114711148 11160 11163 11212 11249 11333 11353 11361 11390 11446 11464 11506 11622 11658 11704 11843 11898 11944 11976 11999 12065 12075 12077 12115 12157 12364 12410 12431 12577 12775 12786 12828 12831 12866 12914 12935 12955 12980 12993 13005 13128 13298 13338 13345 13389 13594
1072313594
NAVIGATION - ILS - install Honeywell IMMR L2
11622 11658 11704 11843 11898 11944 11976 11999 12065 12075 12077 12115 12157 12364 12410 12431 12577 12775 12786 12828 12831 12866 12914 12935 12955 12980 12993 13005 13128 13298 13338 13345 13389 13594
1162213594
AUTO FLIGHT - FLIGHT MANAGEMENT SYSTEM (FMS)- Re-install H2CPI16 (FMs ANTI MOD)
10128 10272 10275 10331 10973 11037 11052 11090 11103 11111 11130 11144 11147 11160 11163 11249 11333 11361 11390 11446 11506 11658
10128 1027210331 1097311037 1105211147 1116011163 1124911333 1136111446 11506 11658
AUTO FLIGHT - FMGC Install PDB Honeywell (SA11) on NEO A/C and associated to FMS Release 2 standard H3
09095 09109 09138 09157 09326 09332 09358 09376 09415 09452 09467 09496 09567 10011 10125 10128 10143 10222 10259 10272 10275 10331 10346 10367 10375 10382 10723 10751 10854 10878 10947 10973 11037 11048 11052 11090 11103 11111 11130 11144 1114711148 11160 11163 11212 11249 11333 11353 11361 11390 11446 11464 11506 11622 11658 11704 11843 11898 11944 11976 11999 12065 12075 12077 12115 12157 12364 12410 12431 12577 12775 12786 12828 12831 12866 12914 12935 12955 12980 12993 13005 13128 13298 13338 13345 13389 13594
0909509138 0915713594
AUTO FLIGHT - FMGC Install PDB Thales (SA11) on NEO A/C and associated to FM Thales S8
10128 10272 10275 10331 10973 11037 11052 11090 11103 11111 11130 11144 11147 11160 11163 11249 11333 11361 11390 11446 11506 11658
10128 1027210331 1097311037 1105211147 1116011163 1124911333 1136111446 11506 11658
NAVIGATION - RADIO ALTIMETER - Re-install transceivers LRA900 with antenna 866-5034-010
08906 08937 10128 10272 10275 10331 11976 12065 12075 12115 12157 12364 12410 12431 12577 12775 12786 12828 12831 12866 12914 12935 12955 12980 12993 13005 13128 13298 13338 13345 13389 13594
08906 08937 10128 1027210331 11976 1206512075 1211513594
EQUIPMENT/FURNISHINGS - COCKPIT - Reinforce Cockpit Documents Stowage (SB & Serial Solution)
02823 02868 02999 03015 03126 03185 0320703208 03239 03257 03283 03303 03341 03350 03382 03405 03429 03525 03539 03558 03567 03603 03637 03654 03673 03688 0371803719 03738 04629 04643 04654 04665 04682 04695 04698 04706 04755 04761 04774 04779 04788 04790 05025 05077 05083 05118 05154 05205 05254 05388 05450 05465 05490 05584 05604 05633 05663 05667 05689 06009 06086 06294 06508 06563 06599 06652 06657 06682 06709 06751 06758 06766 06781 06822 06869 06987 06990 07029 07089 07139 07146 07166 07242 07274 07299 07516 07518 07871 08155 08257 08617 08727 08732 08740 08794 08919 08957 09000 09044 09076 09082 09095 09109 09138 09157 09326 09332 09358 09376 09415 09452 09467 09496 09567 10011 10125 10128 10143 10222 10259 10272 10275 10331 10346 10367 10375 10382 10723 10751 10854 10878 10947 10973 11037 11048 11052 11090 11103 11111 11130 11144 1114711148 11160 11163 11212 11249 11333 11353 11361 11390 11446 11464 11506 11622 11658 11704 11843 11898 11944 11976 11999 12065 12075 12077 12115 12157 12364 12410 12431 12577 12775 12786 12828 12831 12866 12914 12935 12955 12980 12993 13005 13128 13298 13338 13345 13389 13594
0282307518 07871 08155 0825708732 0874008794 08919 08957 0900009044 09076 09082 0909509138 0915713594
AUTO FLIGHT FMGC DISCRETE / ANALOG INTERFACES - Restore CAT3 DUAL landing capability in 1 IDG Out
10011 10125 10128 10143 10222 10259 10272 10275 10331 10346 10367 10375 10382 10723 10751 10854 10878 10947 10973 11037 11048 11052 11090 11103 11111 11130 11144 1114711148 11160 11163 11212 11249 11333 11353 11361 11390 11446 11464 11506 11622 11658 11704 11843 11898 11944 11976 11999 12065 12075 12077 12115 12157 12364 12410 12431 12577 12775 12786 12828 12831 12866 12914 12935 12955 12980 12993 13005 13128 13298 13338 13345 13389 13594
1001113594
INDICATING RECORDING - FLIGHT WARNING COMPUTER (FWC) - INTRODUCE FWS S/W STANDARD F13
02823 02868 02999 03015 03126 03185 0320703208 03239 03257 03283 03303 03341 03350 03382 03405 03429 03525 03539 03558 03567 03603 03637 03654 03673 03688 0371803719 03738 04629 04643 04654 04665 04682 04695 04698 04706 04755 04761 04774 04779 04788 04790 05025 05077 05083 05118 05154 05205 05254 05388 05450 05465 05490 05584 05604 05633 05663 05667 05689 06009 06086 06294 06508 06563 06599 06652 06657 06682 06709 06751 06758 06766 06781 06822 06869 06987 06990 07029 07089 07139 07146 07166 07242 07274 07299 07516 07518 08155 08218 08257 08617 08732 08740 08794 08832 08901 08919 08957 09000 09044 09076 09082 09095 09109 09138 09157 09326 09376 09415 09452 09496 09567 10125 10128 10143 10222 10259 10272 10275 10331 10346 10367 10375 10382 10723 10751 10854 10878 10947 10973 11037 11048 11052 11090 11103 11111 11130 11144 1114711148 11160 11163 11212 11249 11333 11353 11361 11390 11446 11464 11506 11622 11658 11704 11843 11898 11944 11976 11999 12065 12075 12077 12115 12157 12364 12410 12431 12577 12775 12786 12828 12831 12866 12914 12935 12955 12980 12993 13005 13128 13298 13338 13345 13389 13594
0282307518 08155 0821808617 08732 0874008832 08901 08919 08957 0900009044 09076 09082 0909509138 0915709326 0937609452 0949609567 1012513594
ENGINE FUEL AND CONTROL - FADEC SYSTEM - INTRODUCE FCS 6.0 FADEC SOFTWARE ON NEO PW
08101 08155 08168 08218 08257 08617 08727 08732 08737 08740 08794 08832 08896 08901 08906 08919 08937 08957 08967 09000 0904409045 09076 09079 09082 09091 09095 09109 09138 09155 09157 09326 09376 09415 09452 09496 09567 10128 10143 10222 10272 10275 10331 10346 10367 10375 10382 10723 10751 10854 10878 10947 10973 11037 11048 11052 11090 11103 11111 11130 11144 1114711148 11160 11163 11212 11249 11333 11353 11361 11390 11446 11464 11506 11622 11658 11704 11843 11898 11944 11976 11999 12065 12075 12077 12115 12157 12364 12410 12431 12577 12775 12786 12828 12831 12866 12914 12935 12955 12980 12993 13005 13128 13298 13338 13345 13389 13594
0810109326 0937609452 0949609567 1012810222 1027213594
AUTO FLIGHT - FMGC Install NEO PDB Honeywell (SA17) capable of DTO 27k
07858 07871 08101 08155 08168 08218 08257 08617 08727 08732 08737 08740 08794 08832 08896 08901 08919 08957 08967 09000 0904409045 09076 09079 09082 09091 09095 09109 09138 09155 09157 09326 09332 09358 09376 09415 09452 09467 09496 09567 10011 10125 10143 10222 10259 10346 10367 10375 10382 10723 10751 10854 10878 10947 10973 11037 11048 11052 11090 11103 11111 11130 11144 1114711148 11160 11163 11212 11249 11333 11353 11361 11390 11446 11464 11506 11622 11658 11704 11843 11898 11944 11976 11999 12065 12075 12077 12115 12157 12364 12410 12431 12577 12775 12786 12828 12831 12866 12914 12935 12955 12980 12993 13005 13128 13298 13338 13345 13389 13594
0785808901 08919 0895710125 1014310259 1034613594
AUTO FLIGHT - FMGC Install NEO PDB Thales (SA17) capable of DTO 27k
07858 07871 08101 08155 08168 08218 08257 08617 08727 08732 08737 08740 08794 08832 08896 08901 08919 08957 08967 09000 0904409045 09076 09079 09082 09091 09095 09109 09138 09155 09157 09326 09332 09358 09376 09415 09452 09467 09496 09567 10011 10125 10143 10222 10259 10346 10367 10375 10382 10973 11037 11052 11090 11103 11111 11130 11144 11147 11160 11163 11249 11333 11361 11390 11446 11506 11658
0785808901 08919 0895710125 1014310259 1034610382 1097311037 1105211147 1116011163 1124911333 1136111446 11506 11658
AUTO FLIGHT - FLIGHT MANAGEMENT AND GUIDANCE COMPUTER - Install FM Honeywell H4 associated to FG PI18
06508 06563 06599 06652 06657 06682 06709 06751 06758 06766 06781 06822 06869 06987 06990 07029 07089 07139 07146 07166 07242 07274 07299 07516 07518 08101 08155 08168 08218 08257 08617 08727 08732 08737 08740 08794 08832 08896 08901 08919 08957 08967 09000 0904409045 09076 09079 09082 09091 09095 09109 09138 09155 09157 09326 09376 09415 09452 09496 09567 10125 10143 10222 10259 10346 10367 10375 10382 10723 10751 10854 10878 10947 10973 11037 11048 11052 11090 11103 11111 11130 11144 1114711148 11160 11163 11212 11249 11333 11353 11361 11390 11446 11464 11506 11622 11658 11704 11843 11898 11944 11976 11999 12065 12075 12077 12115 12157 12364 12410 12431 12577 12775 12786 12828 12831 12866 12914 12935 12955 12980 12993 13005 13128 13298 13338 13345 13389 13594
0650807518 0810108901 08919 0895709326 0937609452 0949609567 10125 1014310259 1034613594
NAVIGATION - ATC/MODE S (SELECT) - Install transponder P/N NXT-800 with flat head screw
10723 10751 10854 10878 10947 10973 11037 11048 11052 11090 11103 11111 11130 11144 1114711148 11160 11163 11212 11249 11333 11353 11361 11390 11446 11464 11506 11622 11658 11704 11843 11898 11944 11976 11999 12065 12075 12077 12115 12157 12364 12410 12431 12577 12775 12786 12828 12831 12866 12914 12935 12955 12980 12993 13005 13128 13298 13338 13345 13389 13594
1072313594
INDICATING/RECORDING SYSTEMS - CENTRAL WARNING SYSTEMS - DEFINE AND INSTALL FWC H2-F15
13005 13128 13298 13338 13345 13389 13594
1300513594
ENGINE FUEL AND CONTROL - FUNCTIONAL INTERFACES - INTRODUCE EIU S4.4
08155 08257 08617 08727 08732 08740 08794 08919 08957 09000 09044 09076 09082 09095 09109 09138 09157 09326 09376 09415 09452 09496 09567 10125 10128 10143 10222 10259 10272 10275 10331 10346 10367 10375 10382 10723 10751 10854 10878 10947 10973 11037 11048 11090 11103 11144 1114711148 11212 11249 11353 11390 11464 11506 11622 11658 11704 11843 11898 11944 11976 11999 12065 12075 12077 12115 12157 12364 12410 12431 12577 12775 12786 12828 12831 12866 12914 12935 12955 12980 12993 13005 13128 13298 13338 13345 13389 13594
08155 0825708732 0874008794 08919 08957 0900009044 09076 09082 0909509138 0915709326 0937609452 0949609567 1012511048 1109011103 1114411148 1121211249 11353 11390 1146413594
ENGINE FUEL AND CONTROL - FULL AUTHORITY DIGITAL ENGINE CONTROL SYSTEM - INTRODUCE FCS 6.01 FADEC S/W ON NEO PW
08101 08155 08168 08218 08257 08617 08727 08732 08737 08740 08794 08832 08896 08901 08906 08919 08937 08957 08967 09000 0904409045 09076 09079 09082 09091 09095 09109 09138 09155 09157 09326 09376 09415 09452 09496 09567 10128 10143 10222 10272 10275 10331 10346 10367 10375 10382 10723 10751 10854 10878 10947 10973 11037 11048 11052 11090 11103 11111 11130 11144 1114711148 11160 11163 11212 11249 11333 11353 11361 11390 11446 11464 11506 11622 11658 11704 11843 11898 11944 11976 11999 12065 12075 12077 12115 12157 12364 12410 12431 12577 12775 12786 12828 12831 12866 12914 12935 12955 12980 12993 13005 13128 13298 13338 13345 13389 13594
0810109326 0937609452 0949609567 1012810222 1027213594
ENGINE FUEL AND CONTROL - FADEC SYSTEM - INTRODUCE FCS 6.2 FADEC SOFTWARE ON NEO PW
08101 08155 08168 08218 08257 08617 08727 08732 08737 08740 08794 08832 08896 08901 08906 08919 08937 08957 08967 09000 0904409045 09076 09079 09091 09095 09109 09138 09155 09157 09326 09376 09415 09452 09496 09567 10128 10143 10222 10272 10275 10331 10346 10367 10375 10382 10723 10751 10854 10878 10947 10973 11037 11048 11090 11103 11111 11144 1114711148 11163 11212 11249 11333 11353 11361 11390 11446 11464 11506 11622 11658 11704 11843 11898 11944 11976 11999 12065 12075 12077 12115 12157 12364 12410 12431 12577 12775 12786 12828 12831 12866 12914 12935 12955 12980 12993 13005 13128 13298 13338 13345 13389 13594
0810109079 0909109326 0937609452 0949609567 1012810222 1027211048 1109011111 1114411148 1116313594
RADIO ALTIMETER - INSTALL DLRA 2100 STD L4.4
11976 12065 12075 12115 12157 12364 12410 12431 12577 12775 12786 12828 12831 12866 12914 12935 12955 12980 12993 13005 13128 13298 13338 13345 13389 13594
11976 1206512075 1211513594
RADIO ALTIMETER - INSTALL DLRA 2100 STD L4.5
11976 12065 12075 12115 12157 12364 12410 12431 12577 12775 12786 12828 12831 12866 12914 12935 12955 12980 12993 13005 13128 13298 13338 13345 13389 13594
11976 1206512075 1211513594
ELEVATOR AILERON COMPUTER SYSTEM (ELAC) - INSTALL ELAC B L103+ DATA LOADABLE
05604 06086 07858 07871 08101 08155 08168 08218 08257 08617 08727 08732 08737 08740 08794 08832 08896 08901 08906 08919 08937 08957 08967 09000 0904409045 09076 09079 09082 09091 09095 09109 09138 09155 09157 09326 09332 09358 09376 09415 09452 09467 09496 09567 10011 10125 10128 10143 10222 10259 10272 10275 10331 10346 10367 10375 10382 10723 10751 10854 10878 10947 10973 11037 11048 11052 11090 11103 11111 11130 11144 1114711148 11160 11163 11212 11249 11333 11353 11361 11390 11446 11464 11506 11622 11658 11704 11843 11898 11944 11976 11999 12065 12075 12077 12115 12157 12364 12410 12431 12577 12775 12786 12828 12831 12866 12914 12935 12955 12980 12993 13005 13128 13298 13338 13345 13389 13594
05604 06086 0785813594
INDICATING - FWS DEFINE FWC C3 STANDARD
ELECTRIC AND ELECTRONIC COMMON INSTALLATION - EQUIPMENT FOR BOXES AND PANELS - REINTRODUCE SUPPRESSED RELAYS ON 24GG & 25GG
08155 08257 08617 08727 08732 08740 08794 08919 08957 09000 09044 09076 09082 09095 09109 09138 09157 09326 09358 09376 09415 09452 09496 09567 10125 10128 10143 10222 10259 10272 10275 10331 10346 10367 10375 10382 10723 10751 10854 10878 10947 10973 11037 11048 11052 11090 11103 11111 11130 11144 1114711148 11160 11163 11212 11249 11333 11353 11361 11390 11446 11464 11506 11622 11658 11704 11843 11898 11944 11976 11999 12065 12075 12077 12115 12157 12364 12410 12431 12577 12775 12786 12828 12831 12866 12914 12935 12955 12980 12993 13005 13128 13298 13338 13345 13389 13594
08155 0825708732 0874008794 08919 08957 0900009044 09076 09082 0909509138 0915709326 0935809452 0949609567 1012513594
NAVIGATION - ILS - INSTALL MMR ROCKWELLCOLLINS GLU-2100 STD L4.2
11464 11622 11658 11704 11843 11898 11944 11976 11999 12065 12075 12077 12115 12157 12364 12410 12431 12577 12775 12786 12828 12831 12866 12914 12935 12955 12980 12993 13005 13128 13298 13338 13345 13389 13594
11464 1162213594
ENGINE FUEL AND CONTROL - FULL AUTHORITY DIGITAL ENGINE CONTROL (FADEC) SYSTEM - INTRODUCE FCS 6.3 FADEC SOFTWARE ON NEO PW
08101 08155 08168 08218 08257 08617 08727 08732 08737 08740 08794 08832 08896 08901 08919 08937 08957 08967 09000 0904409045 09076 09079 09091 09095 09109 09138 09155 09157 09326 09376 09415 09452 09496 09567 10128 10143 10222 10272 10275 10331 10346 10367 10375 10382 10723 10751 10854 10878 10947 10973 11037 11048 11090 11103 11111 11144 1114711148 11163 11212 11249 11333 11353 11361 11390 11446 11464 11506 11622 11658 11704 11843 11898 11944 11976 11999 12065 12075 12077 12115 12157 12364 12410 12431 12577 12775 12786 12828 12831 12866 12914 12935 12955 12980 12993 13005 13128 13298 13338 13345 13389 13594
0810108901 0891909079 0909109326 0937609452 0949609567 1012810222 1027211048 1109011111 1114411148 1116313594
INDICATING/RECORDING SYSTEMS - MULTIFUNCTION PRINTING - INSTALL TW640A PRINTER (OBSOLESCENCE OF PTA45B)
12914 12935 12955 12980 12993 13005 13128 13298 13338 13345 13389 13594
1291413594
COMMUNICATIONS - AUDIO MANAGEMENT SYSTEM (AMS) - INSTALL SW L4.3 STD AND ASSOCIATED WIRING FOR DRAIMS
11464 11622 11658 11704 11898 11944 11976 11999 12065 12075 12077 12115 12157 12364 12410 12431 12577 12775 12786 12828 12831 12866 12914 12935 12955 12980 12993 13005 13128 13298 13338 13345 13389 13594
11464 1162211704 1189813594
INDICATING/RECORDING SYSTEMS - CENTRAL WARNING SYSTEMS - DEFINE AND INSTALL FWC H2-F15D
13005 13128 13298 13338 13345 13389 13594
1300513594
NAVIGATION - ATC/MODE S (SELECT) - NAVIGATION - ATC/MODE S (SELECT) - INSTALL NXT 800 STANDARD 1.1
13389 13594
1338913594
EQUIPMENT/FURNISHINGS - COCKPIT ADDITIONAL ELECTRICAL SUPPLY - INSTALL REBOUND CSI WITH SW CORRECTION
12410 12431 12577 12775 12786 12828 12831 12866 12914 12935 12955 12980 12993 13005 13128 13298 13338 13345 13389 13594
1241013594
NAVIGATION - INSTALL A TCAS II COLLISION AVOIDANCE SYSTEM
02823 02868 02999 03015 03126 03185 0320703208 03239 03257 03283 03303 03341 03350 03405 03429 03525 03539 03558 03567 03603 03637 03654 03673 03688 0371803719 03738 04629 04643 04654 04665 04682 04695 04698 04706 04755 04761 04774 04779 04788 04790 05025 05077 05083 05118 05154 05205 05254 05388 05450 05465 05490 05584 05604 05633 05663 05667 05689 06009 06086 06294 06508 06563 06599 06652 06657 06682 06709 06751 06758 06766 06781 06822 06869 06987 06990 07029 07089 07139 07146 07166 07242 07274 07299 07516 07518 07858 07871 08101 08155 08168 08218 08257 08617 08727 08732 08737 08740 08794 08832 08896 08901 08906 08919 08937 08957 08967 09000 0904409045 09076 09079 09082 09091 09095 09109 09138 09155 09157 09326 09332 09358 09376 09415 09452 09467 09496 09567 10011 10125 10128 10143 10222 10259 10272 10275 10331 10346 10367 10375 10382 10723 10751 10854 10878 10947 10973 11037 11048 11052 11090 11103 11111 11130 11144 1114711148 11160 11163 11212 11249 11333 11353 11361 11390 11446 11464 11506 11622 11658 11704 11843 11898 11944 11976 11999 12065 12075 12077 12115 12157 12364 12410 12431 12577 12775 12786 12828 12831 12866 12914 12935 12955 12980 12993 13005 13128 13298 13338 13345 13389 13594
0282303350 0340513594
NAVIGATION - INSTALL A TCAS II COLLISION AVOIDANCE SYSTEM (HONEYWELL)
03382 05025 06009 06294 06508 06563 06599 06652 06657 06682 06709 06751 06758 06766 06781 06822 06869 06987 06990 07029 07089 07139 07146 07166 07242 07274 07299 07516 07518 07858 07871 08101 08155 08168 08218 08257 08617 08727 08732 08737 08740 08794 08832 08896 08901 08906 08919 08937 08957 08967 09000 0904409045 09076 09079 09082 09091 09095 09109 09138 09155 09157 09326 09332 09358 09376 09415 09452 09467 09496 09567 10011 10125 10128 10143 10222 10259 10272 10275 10331 10346 10367 10375 10382 10723 10751 10854 10878 10947 10973 11037 11048 11052 11090 11103 11111 11130 11144 1114711148 11160 11163 11212 11249 11333 11353 11361 11390 11446 11464 11506 11622 11658 11704 11843 11898 11944 11976 11999 12065 12075 12077 12115 12157 12364 12410 12431 12577 12775 12786 12828 12831 12866 12914 12935 12955 12980 12993 13005 13128 13298 13338 13345 13389 13594
03382 05025 06009 0629413594
NAVIGATION - INSTALLATION OF TCAS II COLLINS SYSTEM
04629 04643 04654 04665 04682 04695 04698 04706 04755 04761 04774 04779 04788 04790 05077 05083 05118 05154 05205 05254 05388 05450 05465 05490 05584 05633 05663 05667 05689 06508 06563 06599 06652 06657 06682 06709 06751 06758 06766 06781 06822 06869 06987 06990 07029 07089 07139 07146 07166 07242 07274 07299 07516 07518 08155 08257 08617 08727 08732 08740 08794 08919 08957 09000 09044 09076 09082 09095 09109 09138 09157 09326 09376 09415 09452 09496 09567 10125 10143 10222 10259 10346 10367 10375 10382 10723 10751 10854 10878 10947 11048 11148 11212 11353 11464 11622 11704 11843 11898 11944 11976 11999 12065 12075 12077 12115 12157 12364 12410 12431 12577 12775 12786 12828 12831 12866 12914 12935 12955 12980 12993 13005 13128 13298 13338 13345 13389 13594
0462904790 0507705584 0563305689 0650807518 08155 0825708732 0874008794 08919 08957 0900009044 09076 09082 0909509138 0915709326 0937609452 0949609567 10125 1014310259 1034610947 11048 11148 11212 11353 11464 11622 1170413594
LANDING GEAR - BRAKING - IMPROVE BRAKE DUAL DISTRIBUTION VALVE
AUTO-FLIGHT/GENERAL(A319/A320/A321) FLIGHT MANAGEMENT AND GUIDANCE COMPUTER(FMGC).PROVIDE ACARS AND PRINTER INTERFACES IN FMS (IAE VERSION)
EXHAUST - THRUST REVERSER CONTROL AND INDICATING -ACTIVATE ADDITIONAL THRUST REVERSER LOCK CONTROL
NAVIGATION AND COMMUNICATIONS REPLACE BFE EQUIPMENT BY SFE EQUIPMENT
NAVIGATION - BENDIX WEATHER RADAR SYSTEM - ACTIVATION OF PREDICTIVE WINDSHEAR FUNCTION
03185 03208 03239 03257 03303 03341 03558 03567 03603 03654 0371803719
03185 0320803257 0330303341 0355803603 03654 0371803719
AUTO FLIGHT/FCU DEFINE FD ENGAGEMENT IN CROSSED BARS AT GO AROUND
INFORMATION SYSTEMS - ATIMS - INSTALL ATSU COMPUTER FOR PRE-FANS CONFIGURATION
AUTO FLIGHT-GENERAL/FLIGHT CONTROL UNIT- DEFINE AND INSTALL SEXTANT MODULAR FCU
LANDING GEAR-GENERAL WHEELS AND BRAKES EQUIPMENT COST REDUCTION ELECTRICAL ALTERNATE BRAKING
NAVIGATION - WETAHER RADAR SYSTEM - ACTIVATE DUAL PREDICTIVE WINDSHEAR FUNCTION
02823 02868 02999 03015 03126 03207 03283 03350 03405 03429 03525 03539 03637 03673 03688 03738 05604 06086 08617 08727 08732 08737 08740 08794 08832 08896 08901 08906 08919 08937 08957 08967 09000 0904409045 09076 09079 09082 09091 09095 09109 09138 09155 09157 09326 09332 09358 09376 09415 09452 09467 09496 09567 10011 10125 10128 10143 10222 10259 10272 10275 10331 10346 10367 10375 10382 10723 10751 10854 10878 10947 10973 11037 11048 11052 11090 11103 11111 11130 11144 1114711148 11160 11163 11212 11249 11333 11353 11361 11390 11446 11464 11506 11622 11658 11704 11843 11898 11944 11976 11999 12065 12075 12077 12115 12157 12364 12410 12431 12577 12775 12786 12828 12831 12866 12914 12935 12955 12980 12993 13005 13128 13298 13338 13345 13389 13594
0282303126 03207 03283 03350 0340503539 03637 0367303688 03738 05604 06086 0861713594
NAVIGATION - WEATHER RADAR SYSTEM - COLLINS DUAL PWS ACTIVATOR
02823 02868 02999 03015 03126 03185 0320703208 03239 03257 03283 03303 03341 03350 03382 03405 03429 03525 03539 03558 03567 03603 03637 03654 03673 03688 0371803719 03738 04629 04643 04654 04665 04682 04695 04698 04706 04755 04761 04774 04779 04788 04790 05025 05077 05083 05118 05154 05205 05254 05388 05450 05465 05490 05584 05633 05663 05667 05689 06009 06294
0282305584 0563306009 06294
AUTOFLIGHT-FMGC-DEFINE AND INSTALL FMGC B546CCM0102 FOR A319 TC IAE ENGINES (CAPABLE GPS/ACARS FCTS).
02823 02868 02999 03015 03126 03207 03283 03350 03382 03405 03429 03525 03539 03637 03673 03688 03738 04629 04643 04654 04665 04682 04695 04698 04706 04755 04761 04774 04779 04788 04790 05025 05077 05083 05118 05154 05205 05254 05388 05450 05465 05490 05584 05633 05663 05667 05689 06009 06294 06508 06563 06599 06652 06657 06682 06709 06751 06758 06766 06781 06822 06869 06987 06990 07029 07089 07139 07146 07166 07242 07274 07299 07516 07518 08155 08257 08617 08727 08732 08740 08794 08906 08919 08937 08957 09000 09044 09076 09082 09095 09109 09138 09157 09326 09376 09415 09452 09496 09567 10125 10128 10143 10222 10259 10272 10275 10331 10346 10367 10375 10382 10723 10751 10854 10878 10947 10973 11048 11144 11148 11212 11249 11353 11390 11464 11622 11658 11704 11843 11898 11944 11976 11999 12065 12075 12077 12115 12157 12364 12410 12431 12577 12775 12786 12828 12831 12866 12914 12935 12955 12980 12993 13005 13128 13298 13338 13345 13389 13594
0282303126 03207 03283 0335003539 03637 0367303688 0373805584 0563306009 0629407518 08155 0825708732 0874008794 0890608957 0900009044 09076 09082 0909509138 0915709326 0937609452 0949609567 1012510973 11048 11144 11148 1121211249 11353 11390 11464 1162213594
NAVIGATION-VOR/MARKER-INSTALLATION OF 2 VOR/ MARKER RECEIVERS 900 COLLINS P/N 822-0297-020
NAVIGATION - VOR - INSTALLATION OF VOR RECEIVERS ALLIED SIGNAL QUANTUM LINE P/N 066-50012-0202
02823 02868 02999 03015 03126 03185 0320703208 03239 03257 03283 03303 03341 03350 03405 03429 03525 03539 03558 03567 03603 03637 03654 03673 03688 0371803719 03738 05604 06086
0282303350 0340503738 05604 06086
NAVIGATION - SINGLE PWS - COLLINS SINGLE PWS ACTIVATION
05077 05083 05118 05154 05205 05254 05388 05450 05465 05490 05584 05604 05633 05663 05667 05689 06009 06086 06294 06508 06563 06599 06652 06657 06682 06709 06751 06758 06766 06781 06822 06869 06987 06990 07029 07089 07139 07146 07166 07242 07274 07299 07516 07518 07858 07871 08101 08155 08168 08218 08257 08617 08727 08732 08737 08740 08794 08832 08896 08901 08906 08919 08937 08957 08967 09000 0904409045 09076 09079 09082 09091 09095 09109 09138 09155 09157 09326 09332 09358 09376 09415 09452 09467 09496 09567 10011 10125 10128 10143 10222 10259 10272 10275 10331 10346 10367 10375 10382 10723 10751 10854 10878 10947 10973 11037 11048 11052 11090 11103 11111 11130 11144 1114711148 11160 11163 11212 11249 11333 11353 11361 11390 11446 11464 11506 11622 11658 11704 11843 11898 11944 11976 11999 12065 12075 12077 12115 12157 12364 12410 12431 12577 12775 12786 12828 12831 12866 12914 12935 12955 12980 12993 13005 13128 13298 13338 13345 13389 13594
0507713594
ELECTRICAL POWER - GENERATION SYSTEM - DEFINE AND INSTALL ON A320 FAMILY NEW ELECTRICAL GENERATION CONCEPT (WIRING/EQUIPMENT)
LANDING GEAR - GENERAL - WHEELS AND BRAKES - EQUIPMENT COST REDUCTION BSCU REDESIGN
03185 03208 03239 03257 03303 03341 03558 03567 03603 03654 0371803719 04629 04665 04695 04755 04774 04790 05604 06086 07858 07871 08101 08168 08218 08737 08832 08896 08901 08967 09045 09079 09091 09155 09332 09358 09467 10011 11037 11052 11090 11103 11111 11130 11147 11160 11163 11333 11361 11446 11506
03185 0320803257 0330303341 0355803603 03654 0371803719 04629 04665 04695 04755 04774 04790 05604 06086 0785808101 0816808218 08737 0883208901 08967 09045 09079 09091 09155 0933209358 09467 10011 11037 1105211130 11147 1116011163 11333 11361 11446 11506
AUTOFLIGHT - FMGC - DEFINE AND INSTALL FMGC B546CCM0103 FOR A319 AUTOLAND IAE ENGINES (CAPABLE OF GPS/ACARS FUNCTION)
03185 03208 03239 03257 03303 03341 03558 03567 03603 03654 0371803719 04629 04665 04695 04755 04774 04790 05604 06086 07858 07871 08101 08168 08218 08737 08832 08896 08901 08967 09045 09079 09091 09155 09332 09358 09467 10011 11037 11052 11090 11103 11111 11130 11147 11160 11163 11333 11361 11446 11506
03185 0320803257 0330303341 0355803603 03654 0371803719 04629 04665 04695 04755 04774 04790 05604 06086 0785808101 0816808218 08737 0883208901 08967 09045 09079 09091 09155 0933209358 09467 10011 11037 1105211130 11147 1116011163 11333 11361 11446 11506
NAVIGATION - SENSORS - INSTALL ROSEMOUNT ANGLE OF ATTACK SENSOR
02823 02868 02999 03015 03126 03185 0320703208 03239 03257 03283 03303 03341 03350 03405 03429 03525 03539 03558 03567 03603 03654 0371803719 04629 04643 04654 04665 04682 04695 04698 04706 04755 04761 04774 04779 04788 04790 05077 05083 05118 05154 05205 05254 05388 05450 05465 05490 05584 05604 05633 05663 05667 05689 06009 06086 06294
0282303350 0340503603 03654 0371803719 0462904790 0507706294
NAVIGATION-MMR-INSTALLATION OF COLLINS MULTI-MODE RECEIVERS PROVIDING ILS (FM IMMUNE) AND GPS PRIMARY FUNCTION
AUTOFLIGHT - FMGC-IAE ENGINES - DEFINE AND INSTALLFMGC B54CCM0104 (FA817 STANDARD) CAPABLE OF GPS/ACARS FUNCTION
NAVIGATION ADIRS REMOVE ADIRS CDU
03382 03603 03637 03654 03673 03688 0371803719 03738 04629 04643 04654 04665 04682 04695 04698 04706 04755 04761 04774 04779 04788 04790 05025 05077 05083 05118 05154 05205 05254 05388 05450 05465 05490 05584 05604 05633 05663 05667 05689 06009 06086 06294 06508 06563 06599 06652 06657 06682 06709 06751 06758 06766 06781 06822 06869 06987 06990 07029 07089 07139 07146 07166 07242 07274 07299 07516 07518 07858 07871 08101 08155 08168 08218 08257 08617 08727 08732 08737 08740 08794 08832 08896 08901 08906 08919 08937 08957 08967 09000 0904409045 09076 09079 09082 09091 09095 09109 09138 09155 09157 09326 09332 09358 09376 09415 09452 09467 09496 09567 10011 10125 10128 10143 10222 10259 10272 10275 10331 10346 10367 10375 10382 10723 10751 10854 10878 10947 10973 11037 11048 11052 11090 11103 11111 11130 11144 1114711148 11160 11163 11212 11249 11333 11353 11361 11390 11446 11464 11506 11622 11658 11704 11843 11898 11944 11976 11999 12065 12075 12077 12115 12157 12364 12410 12431 12577 12775 12786 12828 12831 12866 12914 12935 12955 12980 12993 13005 13128 13298 13338 13345 13389 13594
03382 0360313594
ELECTRICAL POWER - GENERAL AC & DC MAIN DISTRIBUTION - INSTALL A/C AND DC SHEDDABLE BUSBARS
NAVIGATION - STANDBY DATA : ALTITUDE AND HEADING -INSTALL ISIS (INTEGRATED STANDBY INSTRUMENT SYSTEM) - SERIAL SOLUTION -
03208 03239 03257 03283 03303 03341 03350 03382 03405 03429 03525 03539 03558 03567 03603 03637 03654 03673 03688 0371803719 03738 04629 04643 04654 04665 04682 04695 04698 04706 04755 04761 04774 04779 04788 04790 05025 05077 05083 05118 05154 05205 05254 05388 05450 05465 05490 05584 05604 05633 05663 05667 05689 06009 06086 06294 06508 06563 06599 06652 06657 06682 06709 06751 06758 06766 06781 06822 06869 06987 06990 07029 07089 07139 07146 07166 07242 07274 07299 07516 07518 07858 07871 08101 08155 08168 08218 08257 08617 08727 08732 08737 08740 08794 08832 08896 08901 08906 08919 08937 08957 08967 09000 0904409045 09076 09079 09082 09091 09095 09109 09138 09155 09157 09326 09332 09358 09376 09415 09452 09467 09496 09567 10011 10125 10128 10143 10222 10259 10272 10275 10331 10346 10367 10375 10382 10723 10751 10854 10878 10947 10973 11037 11048 11052 11090 11103 11111 11130 11144 1114711148 11160 11163 11212 11249 11333 11353 11361 11390 11446 11464 11506 11622 11658 11704 11843 11898 11944 11976 11999 12065 12075 12077 12115 12157 12364 12410 12431 12577 12775 12786 12828 12831 12866 12914 12935 12955 12980 12993 13005 13128 13298 13338 13345 13389 13594
0320813594
INDICATING/RECORDING SYSTEMS- FLIGHT WARNING COMPUTER (FWC) INSTALL FWC STD H2/E3
ELECTRICAL POWER - AC EMERGENCY GENERATION - ACTIVATE ON A320 SAME ELECTRICAL EMERG. CONFIGURATION THAN A321
03185 03208 03239 03257 03303 03341 03558 03567 03603 03654 0371803719 05604 06086 07858 07871 08101 08168 08218 08737 08832 08896 08901 08967 09045 09079 09091 09155 09332 09358 09467 10011 11037 11052 11090 11103 11111 11130 11147 11160 11163 11333 11361 11446 11506
03185 0320803257 0330303341 0355803603 03654 0371803719 05604 06086 0785808101 0816808218 08737 0883208901 08967 09045 09079 09091 09155 0933209358 09467 10011 11037 1105211130 11147 1116011163 11333 11361 11446 11506
NAVIGATION - SENSORS - INSTALL MODIFIED SEXTANT ANGLE OF ATTACK SENSORS P/N C16291AA
INDICATING/RECORDING SYSTEMS - DMC - DISPLAY THE ALTITUDE IN METRES ON THE PRIMARY FLIGHT DISPLAY (PFD)
02823 02868 02999 03015 03126 03185 0320703208 03239 03257 03283 03303 03341 03350 03405 03429 03525 03539 03558 03567 03603 03654 0371803719 04629 04643 04654 04665 04682 04695 04698 04706 04755 04761 04774 04779 04788 04790 05025 05077 05083 05118 05154 05205 05254 05388 05450 05465 05490 05584 05604 05633 05663 05667 05689 06009 06086 06294 06508 06563 06599 06652 06657 06682 06709 06751 06758 06766 06781 06822 06869 06987 06990 07029 07089 07139 07146 07166 07242 07274 07299 07516 07518 08155 08257 08617 08727 08732 08740 08794 08919 08957 09000 09044 09076 09082 09095 09109 09138 09157 09326 09376 09415 09452 09496 09567 10125 10143 10222 10259 10346 10367 10375 10382 10723 10751 10854 10878 10947 10973 11037 11048 11090 11103 11144 1114711148 11212 11249 11353 11390 11464 11622 11658 11704 11843 11898 11944 11976 11999 12065 12075 12077 12115 12157 12364 12410 12431 12577 12775 12786 12828 12831 12866 12914 12935 12955 12980 12993 13005 13128 13298 13338 13345 13389 13594
0282303350 0340503603 03654 0371803719 0462907518 08155 0825708732 0874008794 08919 08957 0900009044 09076 09082 0909509138 0915709326 0937609452 0949609567 10125 1014310259 1034611048 1109011103 1114411148 1121211249 11353 11390 11464 1162213594
INDICATING RECORDING SYSTEMS- EIS-INSTALL DMC, DU AND DISKETTES FOR EIS2
AUTO FLIGHT - FLIGHT AUGMENTATION COMPUTER INSTALL NEW FAC SOFTWARE STANDARD P/N B397BAM0515
NAVIGATION - ILS (MMR) - INSTALL HONEYWELL MMR PROVIDING ILS (FM IMMUNE) AND GPS PRIMARY FUNCTIONS (HYBRID ARCHITECTURE)
03637 03673 03688 03738 05604 06086 11622 11658 11704 11843 11898 11944 11976 11999 12065 12075 12077 12115 12157 12364 12410 12431 12577 12775 12786 12828 12831 12866 12914 12935 12955 12980 12993 13005 13128 13298 13338 13345 13389 13594
03637 0367303688 03738 05604 06086 1162213594
AUTO FLIGHT - FLIGHT AUGMENTATION COMPUTER (FAC SYSTEM) - INTRODUCE FAC SOFTWARE "BAM0516" CAPABLE OF A318
NAVIGATION - ADIRS - INSTALL HONEYWELL ADIRU 4MCU CAPABLE OF A318 A/C
02823 02868 02999 03015 03126 03185 0320703208 03239 03257 03283 03303 03341 03350 03405 03429 03525 03539 03558 03567 03603 03637 03654 03673 03688 0371803719 03738 05604 06086 07858 07871 08101 08155 08168 08218 08257 08617 08727 08732 08737 08740 08794 08832 08896 08901 08906 08919 08937 08957 08967 09000 0904409045 09076 09079 09082 09091 09095 09109 09138 09155 09157 09326 09332 09358 09376 09415 09452 09467 09496 09567 10011 10125 10128 10143 10222 10259 10272 10275 10331 10346 10367 10375 10382 10723 10751 10854 10878 10947 10973 11037 11048 11052 11090 11103 11111 11130 11144 1114711148 11160 11163 11212 11249 11333 11353 11361 11390 11446 11464 11506 11622 11658 11704 11843 11898 11944 11976 11999 12065 12075 12077 12115 12157 12364 12410 12431 12577 12775 12786 12828 12831 12866 12914 12935 12955 12980 12993 13005 13128 13298 13338 13345 13389 13594
0282303350 0340503738 05604 06086 0785813594
AUTO FLIGHT - FMGC INSTALL FMGC P/N B546CCM0105 (IAE GPS/ACARS)
LANDING GEAR - STEERING SUPPLY THE NOSE WHEEL STEERING WITH YELLOW HYDRAULIC POWER IN PLACE OF GREEN HYDRAULIC PO
OXYGEN - CREW OXYGEN - INSTALL ALTERNATIVE 115CU FT FLIGHT CREW OXYGEN CYLINDER COMPOSITE - SCOTT P/N 897940-15
03637 03673 03688 03738 04629 04643 04654 04665 04682 04695 04698 04706 04755 04761 04774 04779 04788 04790 05025 05077 05083 05118 05154 05205 05254 05388 05450 05465 05490 05584 05633 05663 05667 05689 06508 06563 06599 06652 06657 06682 06709 06751 06758 06766 06781 06822 06869 06987 06990 07029 07089 07139 07146 07166 07242 07274 07299 07516 07518
03637 0367303688 0373805584 0563305689 0650807518
INDICATING/RECORDING SYSTEMS - FWC - INSTALL FWC STANDARD H2 F1 ON A318 PW
ELECTRICAL POWER - GENERAL - INSTALL A COMMERCIAL SHEDDING PUSH-BUTTON SWITCH IN COCKPIT
AUTOFLIGHT - FLIGHT MANAGEMENT AND GUIDANCE COMPUTER (FMGC) DEVELOP FMS 2ND GENERATION HONEYWELL STEP1
INDICATING RECORDING SYSTEM - EIS2 INSTALL EIS2 SOFTWARE CAPABLE OF A318 A/C
AUTOFLIGHT - FMGC DEFINE AND INSTALL FMGC IAE C13043BA01 THALES (EQUIPPED WITH "FMS2" THALES/SMITH)
03382 05025 06009 06294 07858 07871 08906 08937 09332 09358 09467 10011 10128 10272 10275 10331 10973 11037 11052 11090 11103 11111 11130 11144 11147 11160 11163 11249 11333 11361 11390 11446 11506 11658
03382 05025 06009 06294 0785807871 08906 08937 0933209358 09467 10011 10128 1027210331 1097311037 1105211147 1116011163 1124911333 1136111446 11506 11658
ELECTRICAL POWER - GENERAL IN FLIGHT ENTERTAINMENT (IFE) POWER SUPPLY ON SHEDDABLE BUSBARS CONTROLED BY "GALY & CAB" SW
AUTOFLIGHT - FMGC - INSTALL FMGC IAE C13042BA01 (EQUIPPED WITH FMS2 HONEYWELL)
AUTO-FLIGHT - FMGC - ACTIVATE MORA DISPLAY ON ND
05025 06009 06294 06508 06563 06599 06652 06657 06682 06709 06751 06758 06766 06781 06822 06869 06987 06990 07029 07089 07139 07146 07166 07242 07274 07299 07516 07518 08155 08257 08617 08727 08732 08740 08794 08919 08957 09000 09044 09076 09082 09095 09109 09138 09157 09326 09376 09415 09452 09496 09567 10125 10143 10222 10259 10346 10367 10375 10382 10723 10751 10854 10878 10947 10973 11037 11048 11090 11103 11144 1114711148 11212 11249 11353 11390 11464 11622 11658 11704 11843 11898 11944 11976 11999 12065 12075 12077 12115 12157 12364 12410 12431 12577 12775 12786 12828 12831 12866 12914 12935 12955 12980 12993 13005 13128 13298 13338 13345 13389 13594
05025 06009 0629407518 08155 0825708732 0874008794 08919 08957 0900009044 09076 09082 0909509138 0915709326 0937609452 0949609567 10125 1014310259 1034611048 1109011103 1114411148 1121211249 11353 11390 11464 1162213594
AUTO FLIGHT - FMGC DEVELOP FMS 2ND GENERATION THALES/SMITH REV 1 STANDARD
03382 05025 06009 06294 07858 07871 08906 08937 09332 09358 09467 10011 10128 10272 10275 10331 10973 11037 11052 11090 11103 11111 11130 11144 11147 11160 11163 11249 11333 11361 11390 11446 11506 11658
03382 05025 06009 06294 0785807871 08906 08937 0933209358 09467 10011 10128 1027210331 1097311037 1105211147 1116011163 1124911333 1136111446 11506 11658
AUTO FLIGHT - FMGC RE-INSTALL FMGC2 IAE P/N C13042BA01 (ANTI MOD 32160)
03382 05025 06009 06294
03382 05025 06009 06294
NAVIGATION - VOR/MARKER INSTALL NEW IMPROVED VOR/MARKER HONEYWELL
02823 02868 02999 03015 03126 03185 0320703208 03239 03257 03283 03303 03341 03350 03405 03429 03525 03539 03558 03567 03603 03637 03654 03673 03688 0371803719 03738 05604 06086
0282303350 0340503738 05604 06086
LANDING GEAR NORMAL BRAKING INSTALL BSCU STD L4.5
NAVIGATION DDRMI REMOVE DDRMI VOR/ADF/DME INDICATORS
03208 03239 03257 03283 03303 03341 03350 03382 03405 03429 03525 03539 03558 03567 03603 03637 03654 03673 03688 0371803719 03738 04629 04643 04654 04665 04682 04695 04698 04706 04755 04761 04774 04779 04788 04790 05025 05077 05083 05118 05154 05205 05254 05388 05450 05465 05490 05584 05604 05633 05663 05667 05689 06009 06086 06294 06508 06563 06599 06652 06657 06682 06709 06751 06758 06766 06781 06822 06869 06987 06990 07029 07089 07139 07146 07166 07242 07274 07299 07516 07518 07858 07871 08101 08155 08168 08218 08257 08617 08727 08732 08737 08740 08794 08832 08896 08901 08906 08919 08937 08957 08967 09000 0904409045 09076 09079 09082 09091 09095 09109 09138 09155 09157 09326 09332 09358 09376 09415 09452 09467 09496 09567 10011 10125 10128 10143 10222 10259 10272 10275 10331 10346 10367 10375 10382 10723 10751 10854 10878 10947 10973 11037 11048 11052 11090 11103 11111 11130 11144 1114711148 11160 11163 11212 11249 11333 11353 11361 11390 11446 11464 11506 11622 11658 11704 11843 11898 11944 11976 11999 12065 12075 12077 12115 12157 12364 12410 12431 12577 12775 12786 12828 12831 12866 12914 12935 12955 12980 12993 13005 13128 13298 13338 13345 13389 13594
0320813594
NAVIGATION - STANDBY DATA - ATTITUDE AND HEADING - REPLACE THALES ISIS BY THE THREE CONVENTIONAL STANDBY INSTRUMENTS
03208 03239 03257 03283 03303 03341 03350 03405 03429 03525 03539 03558 03567 03603 03654 0371803719
0320803350 0340503603 03654 0371803719
NAVIGATION - T2CAS - INSTALL ACSS TRAFFIC & TERRAIN COLLISION AVOIDANCE SYSTEM (T2CAS)
03382 05025
03382 05025
AUTO-FLIGHT - FMGC - INSTALL FMGC IAE C13043BA02 (STD S2I9) THALES (EQUIPED WITH FMS2 THALES/SMITH)
03382 05025 06009 06294 07858 07871 08906 08937 09332 09358 09467 10011 10128 10272 10275 10331 10973 11037 11052 11090 11103 11111 11130 11144 11147 11160 11163 11249 11333 11361 11390 11446 11506 11658
03382 05025 06009 06294 0785807871 08906 08937 0933209358 09467 10011 10128 1027210331 1097311037 1105211147 1116011163 1124911333 1136111446 11506 11658
NAVIGATION - MMR - ACTIVATE GLS FUNCTION ON MMR
08155 08257 08617 08727 08732 08740 08794 08919 08957 09000 09044 09076 09082 09095 09109 09138 09157 09326 09376 09415 09452 09496 09567 10125 10143 10222 10259 10346 10367 10375 10382 10723 10751 10854 10878 10947 10973 11037 11048 11090 11103 11144 1114711148 11212 11249 11353 11390
08155 0825708732 0874008794 08919 08957 0900009044 09076 09082 0909509138 0915709326 0937609452 0949609567 10125 1014310259 1034611048 1109011103 1114411148 1121211249 11353 11390
INDICATING/RECORDING SYSTEM EIS ACTIVATE ENGINE AVAIL DISPLAY
03382 03637 03654 03673 03688 0371803719 03738 04629 04643 04654 04665 04682 04695 04698 04706 04755 04761 04774 04779 04788 04790 05025 05077 05083 05118 05154 05205 05254 05388 05450 05465 05490 05584 05604 05633 05663 05667 05689 06009 06086 06294 06508 06563 06599 06652 06657 06682 06709 06751 06758 06766 06781 06822 06869 06987 06990 07029 07089 07139 07146 07166 07242 07274 07299 07516 07518 07858 07871 08101 08155 08168 08218 08257 08617 08727 08732 08737 08740 08794 08832 08896 08901 08906 08919 08937 08957 08967 09000 0904409045 09076 09079 09082 09091 09095 09109 09138 09155 09157 09326 09332 09358 09376 09415 09452 09467 09496 09567 10011 10125 10128 10143 10222 10259 10272 10275 10331 10346 10367 10375 10382 10723 10751 10854 10878 10947 10973 11037 11048 11052 11090 11103 11111 11130 11144 1114711148 11160 11163 11212 11249 11333 11353 11361 11390 11446 11464 11506 11622 11658 11704 11843 11898 11944 11976 11999 12065 12075 12077 12115 12157 12364 12410 12431 12577 12775 12786 12828 12831 12866 12914 12935 12955 12980 12993 13005 13128 13298 13338 13345 13389 13594
03382 0363713594
AUTO-FLIGHT - FAC - DEFINE NEW PIN PROGAM- MING FOR WEIGHT AND CG COMPUTATION BASED ON FMS REFERENCES
03603 05450 05465 05490 05584 05604 05633 05663 05667 05689 06009 06086 06294 06508 06563 06599 06652 06657 06682 06709 06751 06758 06766 06781 06822 06869 06987 06990 07029 07089 07139 07146 07166 07242 07274 07299 07516 07518 07858 07871 08101 08155 08168 08218 08257 08617 08727 08732 08737 08740 08794 08832 08896 08901 08906 08919 08937 08957 08967 09000 0904409045 09076 09079 09082 09091 09095 09109 09138 09155 09157 09326 09332 09358 09376 09415 09452 09467 09496 09567 10011 10125 10128 10143 10222 10259 10272 10275 10331 10346 10367 10375 10382 10723 10751 10854 10878 10947 10973 11037 11048 11052 11090 11103 11111 11130 11144 1114711148 11160 11163 11212 11249 11333 11353 11361 11390 11446 11464 11506 11622 11658 11704 11843 11898 11944 11976 11999 12065 12075 12077 12115 12157 12364 12410 12431 12577 12775 12786 12828 12831 12866 12914 12935 12955 12980 12993 13005 13128 13298 13338 13345 13389 13594
03603 0545013594
INFORMATION SYSTEMS - ATIMS INSTALL SOFTWARE - ATSU ATC FANS A+ APPLICATIONS
05025
05025
NAVIGATION - EGPWS - INSTALL AN EGPWC CAPABLE OF PEAKS/OBSTACLE FUNCTIONS WITH EIS1 & OF USING GPS LATERAL POSITION
NAVIGATION - EGPWS - INSTALL AN EGPWC CAPABLE OF PEAKS/OBSTACLE FUNCTIONS WITH EIS1 & OF USING GPS LATERAL POSITION
LANDING GEAR NORMAL BRAKING INSTALL BSCU STD L4.8 (EM2)
AUTOFLIGHT - FMGC INSTALL FMGC IAE / PW STD P1I10 (WITH FMS2 HONEYWELL) ON A/C FITTED WITH IAE AND PW PPS
HYDRAULIC POWER - POWER TRANSFER - ACTIVATE THE POWER TRANSFER UNIT (PTU) INHIBITION LOGIC ON SA A/C
NAVIGATION - ADIRS INTRODUCE AIR DATA MONITORING FUNCTION
04629 04643 04654 04665 04682 04695 04698 04706 04755 04761 04774 04779 04788 04790 05025 05077 05083 05118 05154 05205 05254 05388 05450 05465 05490 05584 05604 05633 05663 05667 05689 06009 06086 06294 06508 06563 06599 06652 06657 06682 06709 06751 06758 06766 06781 06822 06869 06987 06990 07029 07089 07139 07146 07166 07242 07274 07299 07516 07518 07858 07871 08101 08155 08168 08218 08257 08617 08727 08732 08737 08740 08794 08832 08896 08901 08906 08919 08937 08957 08967 09000 0904409045 09076 09079 09082 09091 09095 09109 09138 09155 09157 09326 09332 09358 09376 09415 09452 09467 09496 09567 10011 10125 10128 10143 10222 10259 10272 10275 10331 10346 10367 10375 10382 10723 10751 10854 10878 10947 10973 11037 11048 11052 11090 11103 11111 11130 11144 1114711148 11160 11163 11212 11249 11333 11353 11361 11390 11446 11464 11506 11622 11658 11704 11843 11898 11944 11976 11999 12065 12075 12077 12115 12157 12364 12410 12431 12577 12775 12786 12828 12831 12866 12914 12935 12955 12980 12993 13005 13128 13298 13338 13345 13389 13594
0462913594
NAVIGATION - ADIRU - INSTALL NORTHROP GRUMAN ADIRU P/N 465020-0303-0316
02823 02868 02999 03015 03126 03207 03283 03350 03382 03405 03429 03525 03539 03637 03673 03688 03738 04629 04643 04654 04665 04682 04695 04698 04706 04755 04761 04774 04779 04788 04790 05025 05077 05083 05118 05154 05205 05254 05388 05450 05465 05490 05584 05633 05663 05667 05689 06009 06294 06508 06563 06599 06652 06657 06682 06709 06751 06758 06766 06781 06822 06869 06987 06990 07029 07089 07139 07146 07166 07242 07274 07299 07516 07518
0282303126 03207 03283 0335003539 03637 0367303688 0373805584 0563306009 0629407518
NAVIGATION - WEATHER RADAR SYSTEM - REMOVE WXR TRANSCEIVER COLLINS "-623" AND DEACTIVATE (ANTI MOD 32740 AND 26560)
02823 02868 02999 03015 03126 03185 0320703208 03239 03257 03283 03303 03341 03350 03405 03429 03525 03539 03558 03567 03603 03637 03654 03673 03688 0371803719 03738
0282303350 0340503738
AUTO FLIGHT - FMGC - CERTIFY FLS FUNCTION
11658
11658
INFORMATION SYSTEM - ATIMS - INSTALL SOFTWARE-ATSU ATC FANS B APPLICATIONS
02823 02868 02999 03015 03126 03185 0320703208 03239 03257 03283 03303 03341 03350 03382 03405 03429 03525 03539 03558 03567 03603 03637 03654 03673 03688 0371803719 03738 04629 04643 04654 04665 04682 04695 04698 04706 04755 04761 04774 04779 04788 04790 06009 06294 07871 10128 10272 10275 10331
0282304790 06009 06294 07871 10128 1027210331
INDICATING/RECORDING SYSTEMS - SDAC - ACQUISITION/INTERFACE CONFIGURATION CABIN FOR NO PED FLIGHTS
05025 06009 06294 08155 08257 08617 08727 08732 08740 08794 08919 08957 09000 09044 09076 09082 09095 09109 09138 09157 09326 09376 09415 09452 09496 09567 10125 10143 10222 10259 10346 10367 10375 10382 10723 10751 10854 10878 10947 10973 11037 11048 11090 11103 11144 1114711148 11212 11249 11353 11390 11464 11622 11658 11704 11843 11898 11944 11976 11999 12065 12075 12077 12115 12157 12364 12410 12431 12577 12775 12786 12828 12831 12866 12914 12935 12955 12980 12993 13005
05025 06009 06294 08155 0825708732 0874008794 08919 08957 0900009044 09076 09082 0909509138 0915709326 0937609452 0949609567 10125 1014310259 1034611048 1109011103 1114411148 1121211249 11353 11390 11464 1162213005
AUTO FLIGHT - MCDU ACTIVATE BACK UP NAV FUNCTION
03382 03603 03637 03654 03673 03688 0371803719 03738 04629 04643 04654 04665 04682 04695 04698 04706 04755 04761 04774 04779 04788 04790 05025 05077 05083 05118 05154 05205 05254 05388 05450 05465 05490 05584 05604 05633 05663 05667 05689 06009 06086 06294 06508 06563 06599 06652 06657 06682 06709 06751 06758 06766 06781 06822 06869 06987 06990 07029 07089 07139 07146 07166 07242 07274 07299 07516 07518 07858 07871 08101 08155 08168 08218 08257 08617 08727 08732 08737 08740 08794 08832 08896 08901 08906 08919 08937 08957 08967 09000 0904409045 09076 09079 09082 09091 09095 09109 09138 09155 09157 09326 09332 09358 09376 09415 09452 09467 09496 09567 10011 10125 10128 10143 10222 10259 10272 10275 10331 10346 10367 10375 10382 10723 10751 10854 10878 10947 10973 11037 11048 11052 11090 11103 11111 11130 11144 1114711148 11160 11163 11212 11249 11333 11353 11361 11390 11446 11464 11506 11622 11658 11704 11843 11898 11944 11976 11999 12065 12075 12077 12115 12157 12364 12410 12431 12577 12775 12786 12828 12831 12866 12914 12935 12955 12980 12993 13005 13128 13298 13338 13345 13389 13594
03382 0360313594
NAVIGATION - GENERAL - MODIFY FLIGHT MANUAL TO EXTEND RNP < 0.18 RNAV CAPABILITY (STEP 2)
04629 04643 04654 04665 04682 04695 04698 04706 04755 04761 04774 04779 04788 04790 05077 05083 05118 05154 05205 05254 05388 05450 05465 05490 05584 05633 05663 05667 05689 06009 06508 06563 06599 06652 06657 06682 06709 06751 06758 06766 06781 06822 06869 06987 06990 07029 07089 07139 07146 07166 07242 07274 07299 07516 07518
0462904790 0507705584 0563306009 0650807518
NAVIGATION EGPWS RE-INSTALL EGPWS P/N 965-1676-001 (ANTI-MOD 34634)
03382 05025 06009 06294 06508 06563 06599 06652 06657 06682 06709 06751 06758 06766 06781 06822 06869 06987 06990 07029 07089 07139 07146 07166 07242 07274 07299 07516 07518 07858 07871 08101 08155 08168 08218 08257 08617 08727 08732 08737 08740 08794 08832 08896 08901 08906 08919 08937 08957 08967 09000 0904409045 09076 09079 09082 09091 09095 09109 09138 09155 09157 09326 09332 09358 09376 09415 09452 09467 09496 09567 10011 10125 10128 10143 10222 10259 10272 10275 10331 10346 10367 10375 10382 10723 10751 10854 10878 10947 10973 11037 11048 11052 11090 11103 11111 11130 11144 1114711148 11160 11163 11212 11249 11333 11353 11361 11390 11446 11464 11506 11622 11658 11704 11843 11898 11944 11976 11999 12065 12075 12077 12115 12157 12364 12410 12431 12577 12775 12786 12828 12831 12866 12914 12935 12955 12980 12993 13005 13128 13298 13338 13345 13389 13594
03382 05025 06009 0629413594
LANDING GEAR NORMAL BRAKING INSTALL BSCU SOFTWARE STD "L4.9" (EM2)
02868 03283 03303 03341 03603 03637 03654 03673 03688 0371803719 03738 04629 04643 04654 04665 04682 04695 04698 04706 04755 04761 04774 04779 04788 04790 05025 05077 05083 05118 05154 05205 05254 05388 05450 05465 05490 05584 05604 05633 05663 05667 05689 06009 06086 06294 06508 06563 06599 06652 06657 06682 06709 06751 06758 06766 06781 06822 06869 06987 06990 07029 07089 07139 07146 07166 07242 07274 07299 07516 07518 07858 07871 08101 08155 08168 08218 08257 08617 08727 08732 08737 08740 08794 08832 08896 08901 08906 08919 08937 08957 08967 09000 0904409045 09076 09079 09082 09091 09095 09109 09138 09155 09157 09326 09332 09358 09376 09415 09452 09467 09496 09567 10011 10125 10128 10143 10222 10259 10272 10275 10331 10346 10367 10375 10382 10723 10751 10854 10878 10947 10973 11037 11048 11052 11090 11103 11111 11130 11144 1114711148 11160 11163 11212 11249 11333 11353 11361 11390 11446 11464 11506 11622 11658 11704 11843 11898 11944 11976 11999 12065 12075 12077 12115 12157 12364 12410 12431 12577 12775 12786 12828 12831 12866 12914 12935 12955 12980 12993 13005 13128 13298 13338 13345 13389 13594
02868 0328303341 0360313594
NAVIGATION - GPWS - ACTIVATE RUNWAY AWARENESS AND ADVISORY SYSTEM (RAAS) FUNCTION ON HWL EGPWS-002
04629 04643 04654 04665 04682 04695 04698 04706 04755 04761 04774 04779 04788 04790 05077 05083 05118 05154 05205 05254 05388 05450 05465 05490 05584 05633 05663 05667 05689
0462904790 0507705584 0563305689
AUTO FLIGHT - FMGC - INSTALL FMGC STANDARD S4I11 ON IAE & PW A/C
03382 05025 06009 06294 07858 07871 08906 08937 09332 09358 09467 10011 10128 10272 10275 10331 10973 11037 11052 11090 11103 11111 11130 11144 11147 11160 11163 11249 11333 11361 11390 11446 11506 11658
03382 05025 06009 06294 0785807871 08906 08937 0933209358 09467 10011 10128 1027210331 1097311037 1105211147 1116011163 1124911333 1136111446 11506 11658
AUTO-FLIGHT - FMGC - INSTALL FMGC STANDARD P1I11 ON IAE & PW A/C
02823 02868 02999 03015 03126 03185 0320703208 03239 03257 03283 03303 03341 03350 03405 03429 03525 03539 03558 03567 03603 03637 03654 03673 03688 0371803719 03738 04629 04643 04654 04665 04682 04695 04698 04706 04755 04761 04774 04779 04788 04790 05025 05077 05083 05118 05154 05205 05254 05388 05450 05465 05490 05584 05604 05633 05663 05667 05689 06009 06086 06294 06508 06563 06599 06652 06657 06682 06709 06751 06758 06766 06781 06822 06869 06987 06990 07029 07089 07139 07146 07166 07242 07274 07299 07516 07518 07858 07871 08101 08155 08168 08218 08257 08617 08727 08732 08737 08740 08794 08832 08896 08901 08906 08919 08937 08957 08967 09000 0904409045 09076 09079 09082 09091 09095 09109 09138 09155 09157 09326 09332 09358 09376 09415 09452 09467 09496 09567 10011 10125 10128 10143 10222 10259 10272 10275 10331 10346 10367 10375 10382 10723 10751 10854 10878 10947 10973 11037 11048 11052 11090 11103 11111 11130 11144 1114711148 11160 11163 11212 11249 11333 11353 11361 11390 11446 11464 11506 11622 11658 11704 11843 11898 11944 11976 11999 12065 12075 12077 12115 12157 12364 12410 12431 12577 12775 12786 12828 12831 12866 12914 12935 12955 12980 12993 13005 13128 13298 13338 13345 13389 13594
0282303350 0340513594
INDICATING/RECORDING SYSTEMS - ELECTRONIC INSTRUMENT SYSTEM(EIS)- INSTALL DISPLAY MANAGEMENT COMPUTER SOFTWARE EIS2 S7
ENGINE INDICATING-N1 ROTATIONAL SPEED INDICATING SYSTEM-INSTALL IAE N1 SPEED HARNESS WITH HIGHER RESISTANCE
02823 02868 02999 03015 03126 03185 0320703208 03239 03257 03283 03303 03341 03350 03382 03405 03429 03525 03539 03558 03567 03603 03637 03654 03673 03688 0371803719 03738 04629 04643 04654 04665 04682 04695 04698 04706 04755 04761 04774 04779 04788 04790 05025 05077 05083 05118 05154 05205 05254 05388 05450 05465 05490 05584 05604 05633 05663 05667 05689 06009 06086 06294 06508 06563 06599 06652 06657 06682 06709 06751 06758 06766 06781 06822 06869 06987 06990 07029 07089 07139 07146 07166 07242 07274 07299 07516 07518
0282307518
AUTO FLIGHT - FMGC - INSTALL FMS2 THALES S4 (REV2+) STD ON IAE AND PW A/C ASSOCIATED WITH FG I10
03382 05025 06009 06294 07858 07871 08906 08937 09332 09358 09467 10011 10128 10272 10275 10331 10973 11037 11052 11090 11103 11111 11130 11144 11147 11160 11163 11249 11333 11361 11390 11446 11506 11658
03382 05025 06009 06294 0785807871 08906 08937 0933209358 09467 10011 10128 1027210331 1097311037 1105211147 1116011163 1124911333 1136111446 11506 11658
NAVIGATION - ATC/MODE S (SELECT) CERTIFY ADS-B OUT CAPABILITY THROUGH EXTENDED SQUITTER 1090 MHZ
02823 02868 02999 03015 03126 03185 0320703208 03239 03257 03283 03303 03341 03350 03405 03429 03525 03539 03558 03567 03603 03654 0371803719 04629 04643 04654 04665 04682 04695 04698 04706 04755 04761 04774 04779 04788 04790 05025 05077 05083 05118 05154 05205 05254 05388 05450 05465 05490 05584 05633 05663 05667 05689 06009 06294 06508 06563 06599 06652 06657 06682 06709 06751 06758 06766 06781 06822 06869 06987 06990 08101 08168 08218
0282303350 0340503603 03654 0371803719 0462905584 0563306009 0629406990 08101 0816808218
DESIGN WEIGHTS - INCREASE FROM WV000 (MTOW 89T/MLW 75.5T/MZFW 71.5T) TO WV011 (MTOW 93.5T/MLW 77.8T/MZFW 73.8T)
06009 06294
06009 06294
AUTOFLIGHT - FMGC - INSTALL FMGC IAE STD P1I10 (WITH FMS2 HONEYWELL) ON A/C FITTED WITH IAE POWERPLANTS.
02823 02868
0282302868
AUTO-FLIGHT - FLIGHT MANAGEMENT AND GUIDANCE COMPUTER (FMGC) - INSTALL FMGC STD P1I11 ON IAE AND PW ENGINED A/C.
02823 02868 02999 03015 03126 03185 0320703208 03239 03257 03283 03303 03341 03350 03405 03429 03525 03539
0282303350 0340503539
AUTO FLIGHT - FMGC - INSTALL FMGC HWL H2I11 (RELEASE 1A) ON IAE AND PW A/C.
02823 02868 02999 03015 03126 03185 0320703208 03239 03257 03283 03303 03341 03350 03405 03429 03525 03539 03558 03567 03603 03637 03654 03673 03688 0371803719 03738
0282303350 0340503738
AUTO-FLIGHT - FMGC - ACTIVATE MOD NAV GO AROUND ON FMGC
02823 02868 02999 03015 03126 03185 0320703208 03239 03257 03283 03303 03341 03350 03382 03429
0282303382 03429
AUTO FLIGHT- FLIGHT MANAGEMENT SYSTEM - ACTIVATE NO AP DISCONNECTION BELOW MDA/MDH UNTIL MISSED APPROACH POINT AND ACTIVATE BARO RADIO SETTING FUNCTION.
02823 02868 02999 03015 03126 03185 0320703208 03239 03257 03283 03303 03341 03350 03382 03405 03429 03525 03539 03558 03567 03603 03637 03654 03673 03688 0371803719 03738
0282303738
AUTOFLIGHT - FMGC - INSTALL FMS THALES RELEASE 1A S6 (WITH FG I11) ON IAE&PW A/C
03382
03382
AUTO FLIGHT - FMGC - INSTALL FMGC H2I12 HONEYWELL ON IAE/PW AIRCRAFT
02823 02868 0320703208 03257 03303 03429 03654 03673 03688 03719 04682 04698 05077 05083 05490 05604 06086
0282302868 0320703208 03257 03303 03429 0365403688 03719 04682 04698 0507705083 05490 05604 06086
AUTO FLIGHT - FMGC - INSTALL FMS THALES RELEASE 1A STANDARD S7A (WITH FG I12) ON IAE/PW AIRCRAFT
03382 05025
03382 05025
AUTO FLIGHT - FLIGHT MANAGEMENT AND GUIDANCE COMPUTER (FMGC) - INSTALL FMGC S7A I15 THALES ON IAE A/C
03382 05025
03382 05025
FLIGHT MANAGEMENT AND GUIDANCE COMPUTER (FMGC) - INSTALL FMGC H2CI15 HONEYWELL ON IAE AND PW ENGINE
02823 02868 02999 03015 03126 03185 0320703208 03239 03257 03283 03303 03341 03350 03405 03429 03525 03539 03558 03567 03603 03637 03654 03673 03688 0371803719 03738 04629 04643 04654 04665 04682 04695 04698 04706 04755 04761 04774 04779 04788 04790 05077 05083 05118 05154 05205 05254 05388 05450 05465 05490 05584 05604 05633 05663 05667 05689 06086
0282303350 0340504790 0507705689 06086
FMGC - ACTIVATE DPO FUNCTION FOR CEO AIRCRAFT
07139 07242
07139 07242
AUTO FLIGHT - FLIGHT MANAGEMENT - INTRODUCE FM THALES S7B ASSOCIATED TO FG 2G I15 (IAE/PW ENGINES)
03382 05025
03382 05025
AUTO-FLIGHT - FAC - INSTALL FAC CAA06 FOR CEO AIRCRAFT
06009 06294 06508 06563 06599 06652 06657 06682 06709 06751 06758 06766 06781 06822 06869 06987 06990 07029 07089 07139 07146 07166 07242 07274 07299 07516 07518
06009 0629407518
INSTALL FG PI16 ASSOCIATED WITH HONEYWELL FM H2C ON CEO AIRCRAFT FITTED WITH IAE/PW ENGINES
06508 06563 06599 06652 06657 06682 06709 06751 06758 06766 06781 06822 06869 06987 06990 07029 07089 07139 07146 07166 07242 07274 07299 07516 07518
0650807518
AUTO FLIGHT - FMGC - INSTALL FG PI16 ASSOCIATED WITH THALES FM S7B FOR NEO AIRCRAFT
07858 07871
0785807871
AUTO FLIGHT - FMGC - INSTALL FG PI16 ASSOCIATED WITH THALES FM S7B ON CEO AIRCRAFT
06009 06294
06009 06294
FLIGHT MANAGEMENT AND GUIDANCE COMPUTER (FMGC) - ACTIVATE SOFT GO AROUND FUNCTION FOR NEO
07858 07871 08101
0785808101
FLIGHT MANAGEMENT AND GUIDANCE COMPUTER (FMGC)- INTRODUCE HONEYWELL FMS RELEASE 2 STANDARD H3 ON PEG I ASSOCIATED TO FG 2G I15
02823 02868 02999 03015 03126 03185 0320703208 03239 03257 03283 03303 03341 03350 03405 03429 03525 03539 03558 03567 03603 03637 03654 03673 03688 0371803719 03738 04629 04643 04654 04665 04682 04695 04698 04706 04755 04761 04774 04779 04788 04790 05077 05083 05118 05154 05205 05254 05388 05450 05465 05490 05584 05604 05633 05663 05667 05689 06086
0282303350 0340504790 0507705689 06086
FLIGHT MANAGEMENT AND GUIDANCE COMPUTER (FMGC) - INSTALL NEO PDB FOR HONEYWELL AND THALES (SA17)
07858 07871 08101 08155 08168 08218 08257 08617 08727 08732 08737 08740 08794 08832 08896 08901 08919 08957 08967 09000 0904409045 09076 09079 09082 09091 09095 09109 09138 09155 09157 09326 09332 09358 09376 09415 09452 09467 09496 09567 10011 10125 10143 10222 10259 10346 10367 10375 10382
0785808901 08919 0895710125 1014310259 1034610382
INSTALL FM HONEYWELL H4 ASSOCIATED TO FG PI18 (CEO)
06508 06563 06599 06652 06657 06682 06709 06751 06758 06766 06781 06822 06869 06987 06990 07029 07089 07139 07146 07166 07242 07274 07299 07516 07518
0650807518
INSTALL FM HONEYWELL H4 ASSOCIATED TO FG PI18 (NEO)
08101 08155 08168 08218 08257 08617 08727 08732 08737 08740 08794 08832 08896 08901 08919 08957 08967 09000 0904409045 09076 09079 09082 09091 09095 09109 09138 09155 09157 09326 09376 09415 09452 09496 09567 10125 10143 10222 10259 10346 10367 10375 10382 10723 10751
0810108901 08919 0895709326 0937609452 0949609567 10125 1014310259 1034610751
INSTALL FMS S8A (HW1) ASSOCIATED TO FG PI18 (NEO)
07858 07871 08906 08937 09332 09358 09467 10011
0785807871 08906 08937 0933209358 09467 10011
INSTALL FMS S8A (HW1) ASSOCIATED TO FG PI18 (CEO)
06009 06294
06009 06294
INSTALL SW L4.3 STD AND ASSOCIATED WIRING FOR DIGITAL AUDIO
11464 11622 11658 11704 11898 11944 11976 11999 12065 12075 12077 12115 12157 12364 12410 12431
11464 1162211704 1189812431
COCKPIT - REINFORCE COCKPIT DOCUMENTS STOWAGE BOX
02823 02868 02999 03015 03126 03185 0320703208 03239 03257 03283 03303 03341 03350 03382 03405 03429 03525 03539 03558 03567 03603 03637 03654 03673 03688 0371803719 03738 04629 04643 04654 04665 04682 04695 04698 04706 04755 04761 04774 04779 04788 04790 05025 05077 05083 05118 05154 05205 05254 05388 05450 05465 05490 05584 05604 05633 05663 05667 05689 06009 06086 06294 06508 06563 06599 06652 06657 06682 06709 06751 06758 06766 06781 06822 06869 06987 06990 07029 07089 07139 07146 07166 07242 07274 07299 07516 07518
0282307518
COCKPIT - REINFORCE COCKPIT DOCUMENTS STOWAGE BOX
07871 08155 08257 08617 08727 08732 08740 08794 08919 08957 09000 09044 09076 09082 09095 09109
07871 08155 0825708732 0874008794 08919 08957 0900009044 09076 09082 0909509109
FLIGHT CONTROL - ELAC SYSTEM - INTRODUCE ELAC L93 SOFTWARE STANDARD.
02823 02868 02999 03015 03126 03185 0320703208 03239 03257 03283 03303 03341 03350 03382 03405 03429 03525 03539 03558 03567 03603 03637 03654 03673 03688 0371803719 03738
0282303738
FLIGHT CONTROL - ELAC - ACTIVATE HIGH ALTITUDE UPSETS VMO/MMO OVERSHOOT PROTECTION FUNCTION ON ELAC
02823 02868 02999 03015 03126 03185 0320703208 03239 03257 03283 03303 03341 03350 03382 03405 03429 03525 03539 03558 03567 03603 03637 03654 03673 03688 0371803719 03738
0282303738
FLIGHT CONTROLS - ELEVATOR AILERON COMPUTER SYSTEM - INSTALL ELAC B L96 (SHARKLET PROJECT)
05450 05465 05490 05584 05633 05663 05667 05689
0545005584 0563305689
FLIGHT CONTROL - ELEVATOR AILERON COMPUTER SYSTEM (ELAC)-INSTALL L97 STANDARD ON ELAC B WITH DATA LOADING CAPABILITY
04629 04643 04654 04665 04682 04695 04698 04706 04755 04761 04774 04779 04788 04790 05025 05604
0462905025 05604
FLIGHT CONTROLS - ELAC - INSTALL L97 STANDARD ON ELAC B WITHOUT DATALOADING CAPABILITY
02823 02868 02999 03015 03126 03185 0320703208 03239 03257 03283 03303 03341 03350 03382 03405 03429 03525 03539 03558 03567 03603 03637 03654 03673 03688 0371803719 03738
0282303738
FLIGHT CONTROLS - ELEVATOR AILERON COMPUTER SYSTEM (ELAC) - INSTALL ELAC B L97+ WITH DATA LOADING CAPABILITY
04629 04643 04654 04665 04682 04695 04698 04706 04755 04761 04774 04779 04788 04790 05025 05077 05083 05118 05154 05205 05254 05388 05450 05465 05490 05584 05604 05633 05663 05667 05689 06009 06086 06294
0462906294
FLIGHT CONTROLS - ELEVATOR AILERON COMPUTER SYSTEM (ELAC) - INSTALL ELAC B L97+ WITHOUT DATALOADING
02823 02868 02999 03015 03126 03185 0320703208 03239 03257 03283 03303 03341 03350 03382 03405 03429 03525 03539 03558 03567 03603 03637 03654 03673 03688 0371803719 03738
0282303738
FLIGHT CONTROLS - SPOILER AND ELEVATOR COMPUTER (SEC) - INSTALL STANDARD SEC C 126
06086 06294 06508 06563 06599 06652 06657 06682 06709 06751 06758 06766 06781 06822 06869
0608606869
FLIGHT CONTROLS - SPOILER AND ELEVATOR COMPUTER (SEC) - INSPECTION OF SEC CONFIGURATION FOR OEB-50 CANCELLATION FOR AIRCRAFT PRE MOD NO. 39429P11174
02823 02868 02999 03015 03126 03185 0320703208 03239 03257 03283 03303 03341 03350 03382 03405 03429 03525 03539 03558 03567 03603 03637 03654 03673 03688 0371803719 03738 04629 04643 04654 04665 04682 04695 04698 04706 04755 04761 04774 04779 04788 04790 05025 05077 05083 05118 05154 05205 05254 05388 05450 05465 05490 05584 05604 05633 05663 05667 05689 06009
0282306009
ELEVATOR AILERON COMPUTER SYSTEM (ELAC) - INSTALL SOFTWARE STANDARD L99 ON ELAC B WITH DATALOADING CAPABILITY
04629 04643 04654 04665 04682 04695 04698 04706 04755 04761 04774 04779 04788 04790 05025 05077 05083 05118 05154 05205 05254 05388 05450 05465 05490 05584 05604 05633 05663 05667 05689 06009 06086 06294 06508 06563 06599 06652 06657 06682 06709 06751 06758 06766 06781 06822 06869 06987 06990 07029 07089 07139 07146 07166 07242 07274 07299 07516 07518
0462907518
FLIGHT CONTROLS - ELEVATOR AILERON COMPUTER SYSTEM (ELAC) - INSTALL SOFTWARE STANDARD L99 ON ELAC B WITHOUT DATALOADING CAPABILITY
02823 02868 02999 03015 03126 03185 0320703208 03239 03257 03283 03303 03341 03350 03382 03405 03429 03525 03539 03558 03567 03603 03637 03654 03673 03688 0371803719 03738
0282303738
ELEVATOR AILERON COMPUTER SYSTEM - INSTALL ELAC B L103 - DATA LOADABLE
07858 07871 08101 08155 08168 08218 08257 08617 08727 08732 08737 08740 08794 08832 08896 08901 08906 08919 08937 08957 08967 09000 0904409045 09076 09079 09082 09091 09095 09109 09138 09155 09157 09326 09332 09358 09376
0785809376
INSTALL ELAC B L103+ DATA LOADABLE (NEO)
07858 07871 08101 08155 08168 08218 08257 08617 08727 08732 08737 08740 08794 08832 08896 08901 08906 08919 08937 08957 08967 09000 0904409045 09076 09079 09082 09091 09095 09109 09138 09155 09157 09326 09332 09358 09376 09415 09452 09467 09496 09567 10011 10125 10143 10222 10259 10346 10367 10375 10382
0785810125 1014310259 1034610382
INSTALL SOFTWARE STANDARD L104 ON ELAC B WITH DATA LOADING CAPABILITY ON CEO, SUPPORTING SAFETY BEYOND STANDARD FUNCTIONS
05604 06086
05604 06086
FUEL - MAIN FUEL PUMP SYSTEM - FUEL PUMPS - APPLY CORRECT TORQUE AND SCREW LOCKING ON GAS RETURN OUTLET BOLTS
02823 02868
0282302868
FUEL - MAIN TRANSFER SYSTEM - CORRECT ECAM INSTRUCTION FOLLOWING FUEL TRANSFER FAILURE
02823 02868 02999 03015 03126 03207 03283 03350 03382 03405 03429 03525 03539 03637 03673 03688 03738
0282303126 03207 03283 0335003539 03637 0367303688 03738
HYDRAULIC POWER - POWER TRANSFER - ACTIVATE THE POWER TRANSFER UNIT (PTU) INHIBITION LOGIC ON SA A/C
02823 02868 02999 03015 03126 03185 0320703208 03239 03257 03283 03303 03341 03350 03382 03405 03429 03525 03539 03558 03567 03603 03637 03654 03673 03688 0371803719 03738
0282303738
INDICATING/RECORDING SYSTEMS - ELECTRONIC INSTRUMENT SYSTEM(EIS) - INSTALL DISPLAY MANAGEMENT COMPUTER SOFTWARE EIS2 S7
02823 02868 02999 03015
0282303015
GENERAL - USE METRIC UNITS IN PLACE OF US UNITS
06009 06294
06009 06294
INDICATING/RECORDING SYSTEMS - FLIGHT WARNING COMPUTER (FWC) - INSTALL FWC STANDARD H2-F5
02823 02868 02999 03015 03126 03185 0320703208 03239 03257 03283 03303 03341 03350 03382 03405 03429 03525 03539 03558 03567 03603 03637 03654 03673 03688 0371803719 03738
0282303738
INDICATING/RECORDING SYSTEMS - FLIGHT WARNING COMPUTER (FWC) - INSTALL FWC STANDARD H2-F6
02823 02868 02999 03015 03126 03185 0320703208 03239 03257 03283 03303 03341 03350 03382 03405 03429 03525 03539 03558 03567 03603 03637 03654 03673 03688 0371803719 03738 04629 04643 04654 04665 04682 04695 04698 04706 04755 04761 04774 04779 04788 04790 05025 05077 05083 05118 05154 05205 05254 05388
0282305388
INDICATING RECORDING SYSTEMS - FWC - INTRODUCE FWC STANDARD H2-F7
02823 02868 02999 03015 03126 03185 0320703208 03239 03257 03283 03303 03341 03350 03382 03405 03429 03525 03539 03558 03567 03603 03637 03654 03673 03688 0371803719 03738 04629 04643 04654 04665 04682 04695 04698 04706 04755 04761 04774 04779 04788 04790 05025 05077 05083 05118 05154 05205 05254 05388 05450 05465 05490 05584 05633
0282305584 05633
INDICATING/RECORDING SYSTEMS - FLIGHT WARNING COMPUTER (FWC) - INSTALL FWC H2-F9D FOR CEO AIRCRAFT
02823 02868 02999 03015 03126 03185 0320703208 03239 03257 03283 03303 03341 03350 03382 03405 03429 03525 03539 03558 03567 03603 03637 03654 03673 03688 0371803719 03738 04629 04643 04654 04665 04682 04695 04698 04706 04755 04761 04774 04779 04788 04790 05025 05077 05083 05118 05154 05205 05254 05388 05450 05465 05490 05584 05604 05633 05663 05667 05689 06009 06086 06294 06508 06563 06599 06652 06657 06682 06709 06751 06758 06766 06781 06822 06869 06987 06990 07029 07089 07139 07146 07166 07242 07274 07299
0282307299
FLIGHT WARNING COMPUTER (FWC) - INSTALL FWC H2-F9E FOR CEO AIRCRAFT
02823 02868 02999 03015 03126 03185 0320703208 03239 03257 03283 03303 03341 03350 03382 03405 03429 03525 03539 03558 03567 03603 03637 03654 03673 03688 0371803719 03738 04629 04643 04654 04665 04682 04695 04698 04706 04755 04761 04774 04779 04788 04790 05025 05077 05083 05118 05154 05205 05254 05388 05450 05465 05490 05584 05604 05633 05663 05667 05689 06086 06508 06563 06599 06652 06657 06682 06709 06751 06758 06766 06781 06822 06869 06987 06990 07029 07089 07139 07146 07166 07242 07274 07299 07516 07518
0282305689 06086 0650807518
INDICATING/RECORDING SYSTEMS - FLIGHT WARNING COMPUTER (FWC) - INSTALL FWC H2-F10
02823 02868 02999 03015 03126 03185 0320703208 03239 03257 03283 03303 03341 03350 03382 03405 03429 03525 03539 03558 03567 03603 03637 03654 03673 03688 0371803719 03738 04629 04643 04654 04665 04682 04695 04698 04706 04755 04761 04774 04779 04788 04790 05025 05077 05083 05118 05154 05205 05254 05388 05450 05465 05490 05584 05604 05633 05663 05667 05689 06086 06508 06563 06599 06652 06657 06682 06709 06751 06758 06766 06781 06822 06869 06987 06990 07029 07089 07139 07146 07166 07242 07274 07299 07516 07518
0282305689 06086 0650807518
INSTALL FWC H2-F12E (CEO)
02823 02868 02999 03015 03126 03185 0320703208 03239 03257 03283 03303 03341 03350 03382 03405 03429 03525 03539 03558 03567 03603 03637 03654 03673 03688 0371803719 03738 04629 04643 04654 04665 04682 04695 04698 04706 04755 04761 04774 04779 04788 04790 05025 05077 05083 05118 05154 05205 05254 05388 05450 05465 05490 05584 05604 05633 05663 05667 05689 06009 06086 06294 06508 06563 06599 06652 06657 06682 06709 06751 06758 06766 06781 06822 06869 06987 06990 07029 07089 07139 07146 07166 07242 07274 07299 07516 07518
0282307518
INSTALL FWC H2-F12E (NEO)
08155 08218 08257 08617 08727 08732 08740 08794 08832 08901 08919 08957 09000 09044 09076 09082 09095 09109 09138 09157 09326 09376 09415 09452 09496 09567 10125 10128 10143 10222 10275
08155 0821808732 0874008832 08901 08919 08957 0900009044 09076 09082 0909509138 0915709326 0937609452 0949609567 1012510222 10275
INTRODUCE FWS S/W STANDARD F13 (CEO)
02823 02868 02999 03015 03126 03185 0320703208 03239 03257 03283 03303 03341 03350 03382 03405 03429 03525 03539 03558 03567 03603 03637 03654 03673 03688 0371803719 03738 04629 04643 04654 04665 04682 04695 04698 04706 04755 04761 04774 04779 04788 04790 05025 05077 05083 05118 05154 05205 05254 05388 05450 05465 05490 05584 05604 05633 05663 05667 05689 06009 06086 06294 06508 06563 06599 06652 06657 06682 06709 06751 06758 06766 06781 06822 06869 06987 06990 07029 07089 07139 07146 07166 07242 07274 07299 07516 07518
0282307518
INTRODUCE FWS S/W STANDARD F13 (NEO)
08155 08218 08257 08617 08732 08740 08794 08832 08901 08919 08957 09000 09044 09076 09082 09095 09109 09138 09157 09326 09376 09415 09452 09496 09567 10125 10128 10143 10222 10259 10272 10275 10331 10346 10367 10375 10382 10723 10751
08155 0821808617 08732 0874008832 08901 08919 08957 0900009044 09076 09082 0909509138 0915709326 0937609452 0949609567 1012510751
EIS - DEACTIVATE HPFD FUNCTION
11464
11464
LANDING GEAR - NORMAL BRAKING - INSTALL BSCU SOFTWARE STD "L4.9".
02868
02868
LANDING GEAR - NORMAL BRAKING - REINSTALL BSCU SOFTWARE STD "L4.8" (EMM)
02868 03303 03341
02868 0330303341
LANDING GEAR - EXTENSION AND RETRACTION - INTRODUCE POWER INTERRUPT PROTECTION CIRCUIT FOR LGCIUS
02823 02868 02999 03015 03126 03185 0320703208 03239 03257 03283 03303 03341 03350 03382 03405 03429 03525 03539 03558 03567
0282303567
LANDING GEAR - NORMAL BRAKING - INSTALL BSCU SOFTWARE STD L4.9B (EMM).
02823 02868 02999 03015 03126 03185 0320703208 03239 03257 03283 03303 03341 03350 03382 03405 03429 03525 03539 03558 03567
0282303567
LANDING GEAR - NORMAL EXTENSION AND RETRACTION - MODIFY THE MLG DOOR ACTUATOR DAMPING MECHANISM
02823 02868 02999 03015 03126 03185 0320703208 03239 03257 03283 03303 03341 03350 03382 03405 03429 03525 03539 03558 03567 03603 03637 03654 03673 03688 0371803719 03738 04629 04643 04654 04665 04682 04695 04698 04706 04755 04761 04774 04779 04788 04790 05025 05077 05083 05118 05154 05205 05254 05388 05450 05465 05490
0282305490
LIGHTS - INSTRUMENT AND PANEL INTEGRAL LIGHTING - ENSURE EMERGENCY LIGHTING FOR STAND-BY INSTRUMENTS.
02823 02868 02999 03015 03126
0282303126
AIR DATA - DELETE QFE SELECTION
10128 10272 10275 10331 10973 11037 11090 11103 11144 11147 11249 11390
10128 1027210331 1097311037 1109011103 1114411147 11249 11390
INSTALL EGPWS CAPABLE OF USING THE GPS LATERAL POSITION AND ACTIVATION OF PEAKS AND OBSTACLES FUNCTIONS.
02823
02823
NAVIGATION - GPWS - USE LATERAL GPS POSITION WITH AUTOMATIC DESELECTION OF TERRAIN MODES.
02823
02823
NAVIGATION - MMR - INSTALL COLLINS MMR STANDARD P/N 822-1152-122.
02823 02868 02999 03015 03126
0282303126
ATC/MODE S (SELECT) - CERTIFY ADS-B OUT CAPABILITY THROUGH EXTENDED SQUITTER 1090 MHZ
02823 02868 02999 03015 03126 03185 0320703208 03239 03257 03283 03303 03341 03350 03405 03429 03525 03539 03558 03567 03603 03654 0371803719
0282303350 0340503603 03654 0371803719
NAVIGATION - SENSORS, POWER SUPPLY AND SWITCHING - INSTALL THALES ANGLE OF ATTACK SENSORS P/N C16291AB.
03382 03637 03673 03688 03738
03382 03637 0367303688 03738
NAVIGATION - GENERAL - REPLACE AOA PROBE CONIC PLATE BY FORMER AOA PROBE FLAT PLATE
05077 05083 05118 05154 05205 05254 05388
0507705388
ATC/MODE S (SELECT) - ACTIVATE ADS-B OUT DO-260B CAPABILITY FOR ATC TRANSPONDER
02823 02868 02999 03015 03126 03185 0320703208 03239 03257 03283 03303 03341 03350 03405 03429 03525 03539 03558 03567 03603 03637 03654 03673 03688 0371803719 03738 05025 08101 08168 08218
0282303350 0340503738 05025 08101 0816808218
NAVIGATION - AOA - INSTALL AOA PROBES IN MIXED CONFIGURATION (THALES FOR CAPTAIN AND FIRST OFFICER AND UTAS ON STANDBY)
02823 02868 02999 03015 03126 03185 0320703208 03239 03257 03283 03303 03341 03350 03405 03429 03525 03539 03558 03567 03603 03654 0371803719 04629 04643 04654 04665 04682 04695 04698 04706 04755 04761 04774 04779 04788 04790 05077 05083 05118 05154 05205 05254 05388 05450 05465 05490 05584 05604 05633 05663 05667 05689 06009 06086 06294
0282303350 0340503603 03654 0371803719 0462904790 0507706294
ATC/MODE S (SELECT) - ACTIVATE ADS-B OUT DO-260B CAPABILITY FOR ATC TRANSPONDER
03382 04629 04643 04654 04665 04682 04695 04698 04706 04755 04761 04774 04779 04788 04790 05077 05083 05118 05154 05205 05254 05388 05450 05465 05490 05584 05633 05663 05667 05689 06009 06294 06508 06563 06599 06652 06657 06682 06709 06751 06758 06766 06781 06822 06869 06987 06990
03382 0462904790 0507705584 0563306009 0629406990
ATC - INSTALLATION OF ATC TRANSPONDER TPR901 COMPLIANT ADS-B OUT DO-260B
04629 04643 04654 04665 04682 04695 04698 04706 04755 04761 04774 04779 04788 04790 05077 05083 05118 05154 05205 05254 05388 05450 05465 05490 05584 05633 05663 05667 05689 06508 06563 06599 06652 06657 06682 06709 06751 06758 06766 06781 06822 06869 06987 06990
0462904790 0507705584 0563305689 0650806990
ATC - INSTALL ACSS TRANSPONDERS NXT-800 COMPLIANT WITH ADS-B OUT DO-260B
02823 02868 02999 03015 03126 03185 0320703208 03239 03257 03283 03303 03341 03350 03405 03429 03525 03539 03558 03567 03603 03637 03654 03673 03688 0371803719 03738
0282303350 0340503738
T/TISS - INSTALL ACSS T3CAS STD 2 P/N 9005000-11203 CAPABLE DO-260B AND ROPS AND ACSS TRANSPONDER XS950 P/N 7517800-12402 CAPABLE DO-260B
06009 06294
06009 06294
ATC - INSTALL ACSS TRANSPONDERS XS950 P/N 7517800-12402 COMPLIANT WITH ADS-B OUT DO-260B
03382 05025
03382 05025
GENERAL - FLIGHT MANUAL EXTENSION TO RNP STEP 3
06009
06009
ATC - INSTALL ATC TRANSPONDER HONEYWELL TRA-100B P/N -0102 COMPLIANT ADS-B OUT DO-260B
08101 08168 08218
08101 0816808218
INSTALL MMR ROCKWELL COLLINS GLU-2100 STD L4.2 (NEO)
11464 11622 11658 11704 11843
11464 1162211843
MODIFY OHDS BMC 1 AND BMC 2 WIRING FOR GROUND CONTINUITY
07858 07871 08101
0785808101
INTRODUCE IMPROVED HIGH PRESSURE VALVE (HPV)
08155 08919 09044 09076 09091 09138 09157 09376 09415 09567 10275 10367 10382 10723 10878 11048 11144 11353
08155 08919 09044 09076 09091 09138 09157 0937609415 09567 10275 10367 1038210723 10878 11048 11144 11353
INFORMATION SYSTEMS - ATIMS - INSTALL ATSU CSB5/HW-A10 WITH FANS B APPLICATIONS WITH VDL MODE 2 ACTIVATED
02823 02868 02999 03015 03126 03185 0320703208 03239 03257 03283 03303 03341 03350 03405 03429 03525 03539 03558 03567 03603 03637 03654 03673 03688 0371803719 03738
0282303350 0340503738
INFORMATION SYSTEMS - ATIMS - INSTALL ATSU CSB6/HW-A10 WITH FANS B+ APPLICATIONS AND WITH VDL MODE 2 ACTIVATED
02823 02868 02999 03015 03126 03185 0320703208 03239 03257 03283 03303 03341 03350 03382 03405 03429 03525 03539 03558 03567 03603 03637 03654 03673 03688 0371803719 03738
0282303738
INFORMATION SYSTEMS - ATIMS - INSTALL ATSU CSB6/HW-A10 WITH FANS B+ APPLICATIONS AND WITH VDL MODE 2 ACTIVATED
04629 04643 04654 04665 04682 04695 04698 04706 04755 04761 04774 04779 04788 04790
0462904790
ATIMS - INSTALL ATSU CSB8 CORRECTIVE STANDARD
02823 02868 02999 03015 03126 03185 0320703208 03239 03257 03283 03303 03341 03350 03382 03405 03429 03525 03539 03558 03567 03603 03637 03654 03673 03688 0371803719 03738 04629 04643 04654 04665 04682 04695 04698 04706 04755 04761 04774 04779 04788 04790 05077 05083 05118 05154 05205 05254 05388 05450 05465 05490 05584 05604 05633 05663 05667 05689 06086 06508 06563 06599
0282304790 0507705689 06086 0650806599
ATIMS - INSTALL ATSU CSB8.3/HW-A10 WITH FANS B+ APPLICATIONS AND WITH VDL MODE 2 ACTIVATED
06009 06294
06009 06294
ATIMS - COMPONENTS AND INTERFACES - INSTALL SOFTWARE ATSU ATC ARINC 623 APPLICATION FOR FANS B+ CSB8
06009 06294 10128 10272 10275 10331
06009 06294 10128 1027210331
ATIMS - INSTALL ATSU CSB8.3/HW-A10 WITH FANS B+ APPLICATIONS AND WITH VDL MODE 2 ACTIVATED
07871 10128 10272 10275 10331
07871 10128 1027210331
AIR TRAFFIC AND INFORMATION SYSTEM (ATIMS)- INSTALL BRAKING ACTION COMPUTATION SOFTWARE PACKAGE APPLICATION IN ATSU SYSTEM (CEO WITH FANSB+)
02823 02868 02999 03015 03126 03185 0320703208 03239 03257 03283 03303 03341 03350 03382 03405 03429 03525 03539 03558 03567 03603 03637 03654 03673 03688 0371803719 03738 04629 04643 04654 04665 04682 04695 04698 04706 04755 04761 04774 04779 04788 04790 05077 05083 05118 05154 05205 05254 05388 05450 05465 05490 05584 05604 05633 05663 05667 05689 06086 06508 06563 06599 06652 06657 06682 06709 06751 06758 06766 06781 06822 06869 06987 06990 07029 07089 07139 07146 07166 07242 07274 07299 07516 07518
0282304790 0507705689 06086 0650807518
AIR TRAFFIC AND INFORMATION SYSTEM (ATIMS)- INSTALL BRAKING ACTION COMPUTATION SOFTWARE PACKAGE APPLICATION IN ATSU SYSTEM (NEO WITH ATSU CSB 7 STANDARD)
07858 07871 08101 08168 09091 09155 09332 09358 09467 10011
0785808101 08168 09091 09155 0933209358 09467 10011
ATIMS - INSTALL ATSU CSB 9.4 WITH FANS A+B APPLICATIONS
10011
10011
AIRBORNE AUXILIARY POWER - POWER PLANT - REPLACE APU HONEYWELL 131-9(A) BY APIC APS 3200
03382 03637 03673 03688 03738
03382 03637 0367303688 03738
WINGTIP - INTRODUCE SHARKLET DEVICE FOR A321 AIRCRAFT
05450 05465 05490 05584 05633 05663 05667 05689
0545005584 0563305689
WINGS - WINGTIP - INTRODUCE SHARKLET DEVICE FOR A320 FAMILY (IN SERVICE RETROFIT)
03603
03603
FULL AUTHORITY DIGITAL ENGINE CONTROL (FADEC) SYSTEM - INTRODUCE NEW STD "FCS6.0" FADEC SOFTWARE ON SA NEO WITH PW ENGINES
08617 08794 09076 10143
08617 08794 09076 10143
FULL AUTHORITY DIGITAL ENGINE CONTROL (FADEC) SYSTEM - INTRODUCE NEW STD FCS6.01 FADEC SOFTWARE ON SA NEO WITH PW ENGINES
08101 08155 08168 08218 08257 08617 08727 08732 08737 08740 08794 08832 08896 08901 08906 08919 08937 08957 08967 09000 0904409045 09076 09079 09082 09091 09095 09109 09138 09155 09157 09326 09376 09415 09452 09496 09567 10143 10222
0810109326 0937609452 0949609567 1014310222
INTRODUCE FCS 6.2 FADEC SOFTWARE ON NEO PW
08906 08937
08906 08937
INSTALL EIU STANDARD 4.4
08155 08257 08617 08727 08732 08740 08794 08919 08957 09000 09044 09076 09082 09095 09109 09138 09157 09326 09376 09415 09452 09496 09567 10125 10128 10143 10222 10259 10272 10275 10331 10346 10367 10375 10382 10723 10751 10854 10878 10947 10973 11037 11048 11090 11103 11144 11147
08155 0825708732 0874008794 08919 08957 0900009044 09076 09082 0909509138 0915709326 0937609452 0949609567 1012511048 1109011103 1114411147
INTRODUCE FCS 6.3 FADEC SOFTWARE ON NEO PW
08101 08155 08168 08218 08257 08617 08727 08732 08737 08740 08794 08832 08896 08901 08919 08937 08957 08967 09000 0904409045 09076 09079 09091 09095 09109 09138 09155 09157 09326 09376 09415 09452 09496 09567 10128 10143 10222 10272 10275 10331 10346 10367 10375 10382 10723 10751 10854 10878 10947 10973 11037 11048 11090 11103 11111
0810108901 0891909079 0909109326 0937609452 0949609567 1012810222 1027211048 1109011111
INTRODUCE SUPPRESSED RELAYS ON 24GG & 25GG
08155 08257 08617 08727 08732 08740 08794 08919 08957 09000 09044 09076 09082 09095 09109 09138 09157 09326 09358 09376 09415 09452 09496 09567 10125 10143 10222 10259 10346 10367 10375 10382 10723 10751
08155 0825708732 0874008794 08919 08957 0900009044 09076 09082 0909509138 0915709326 0935809452 0949609567 10125 1014310259 1034610751
11239
11239
09358
08928  11239
09358
11239
09358
11239
09358
08928  11239
09358
08928  11239
09358
08928  11239
11239
08928
11239
08928  11239
09358
11239
09358
08928  11239
11239
09358
11239
09358
08928  11239
11239
09358
08928
11239
11239
11239
11239
11239
11239
09358
11239
08928  11239
11239
09358
08928
09358
08928  11239
09358
08928
09358
08928  11239
09358
08928  11239
09358
08928  11239
09358
08928  11239
11239
09358
08928  11239
09358
08928
09358
08928  11239
09358
08928  11239
09358
08928  11239
09358
08928  11239
08928
09358
08928  11239
08928
09358
08928
09358
08928
08928  11239
11239
09358
08928  11239
11239
09358
08928  11239
08928  11239
11239
09358
08928  11239
09358
08928  11239
09358
11239
11239
09358
08928  11239
09358
08928  11239
09358
08928  11239
09358
08928  11239
09358
08928  11239
09358
08928
09358
08928  11239
09358
08928  11239
11239
09358
08928  11239
09358
08928
09358
08928
09358
08928  11239
09358
08928  11239
08928  11239
09358
08928
09358
08928  11239
09358
08928  11239
09358
08928  11239
09358
08928  11239
11239
09358
08928  11239
09358
08928  11239
09358
08928
11239
09358
08928  11239
09358
08928  11239
09358
11239
09358
11239
11239
09358
08928  11239
09358
08928  11239
09358
11239
11239
09358
08928  11239
11239
09358
11239
09358
08928  11239
11239
09358
08928  11239
11239
11239
11239
11239
09358
08928
09358
08928
11239
09358
09358
08928
09358
11239
09358
08928  11239
09358
08928  11239
09358
08928  11239
09358
08928
09358
08928  11239
09358
08928  11239
11239
08928
09358
08928
09358
08928  11239
08928  11239
09358
11239
11239
08928
08928
08928  11239
09358
11239
09358
08928  11239
08928
09358
11239
09358
08928
08928
08928  11239
09358
11239
09358
08928  11239
09358
11239
09358
11239
09358
08928  11239
08928  11239
09358
11239
09358
08928
08928  11239
09358
08928  11239
11239
09358
08928
09358
11239
09358
08928  11239
11239
09358
08928  11239
11239
09358
08928  11239
09358
08928
09358
09358
11239
09358
08928  11239
09358
08928  11239
09358
08928  11239
09358
08928  11239
11239
08928  11239
09358
08928  11239
09358
08928  11239